id,safra,idade,renda,tempo_emprego,utilizacao,n_atrasos_12m,dti,consultas_6m,tipo_ocupacao,possui_imovel,default
1,202407,25,2102.0,0.8,0.13,0,0.185,3,CLT,1,0
2,202301,58,2778.0,9.0,0.579,0,0.109,0,CLT,0,0
3,202405,53,4171.0,0.6,0.672,1,0.282,0,autonomo,0,0
4,202407,42,2659.0,11.7,0.714,0,0.395,0,servidor,1,0
5,202307,42,3168.0,2.4,0.212,2,0.502,0,CLT,0,0
6,202308,63,4540.0,0.5,0.485,0,0.404,0,CLT,0,1
7,202306,25,3058.0,1.1,0.272,0,0.367,0,servidor,1,0
8,202310,55,4077.0,5.8,0.294,0,0.143,0,autonomo,0,0
9,202407,30,8074.0,1.1,0.285,0,0.502,0,CLT,1,0
10,202306,25,3341.0,2.2,0.101,0,0.077,2,servidor,0,0
11,202302,46,6566.0,1.4,0.411,1,0.091,1,CLT,1,1
12,202302,68,4816.0,8.4,0.432,0,0.51,0,servidor,1,0
13,202304,57,1748.0,4.6,0.422,0,0.091,2,autonomo,0,1
14,202410,58,2098.0,8.6,0.554,0,0.436,1,CLT,0,0
15,202307,56,2400.0,0.5,0.67,1,0.166,1,servidor,0,0
16,202406,59,2375.0,2.0,0.072,0,0.08,2,CLT,0,0
17,202410,46,3480.0,0.4,0.181,1,0.14,1,CLT,0,0
18,202302,27,4951.0,2.7,0.198,0,0.356,0,CLT,0,0
19,202410,62,6820.0,1.7,0.728,0,0.225,1,autonomo,0,0
20,202409,43,4248.0,0.0,0.505,0,0.366,3,servidor,0,0
21,202306,45,2914.0,1.2,0.491,0,0.444,2,servidor,0,0
22,202311,39,1285.0,1.3,0.383,0,0.341,1,CLT,0,1
23,202401,29,3772.0,4.6,0.085,0,0.307,1,autonomo,1,0
24,202304,66,3688.0,0.1,0.522,0,0.249,0,autonomo,1,0
25,202412,59,3990.0,22.0,0.397,0,0.159,0,aposentado,0,0
26,202401,52,10437.0,5.5,0.146,0,0.531,1,aposentado,0,0
27,202305,40,6770.0,6.6,0.292,0,0.623,1,CLT,0,0
28,202404,61,5391.0,1.4,0.166,0,0.082,0,CLT,0,0
29,202306,47,2251.0,2.9,0.529,0,0.125,0,CLT,0,0
30,202406,42,2817.0,14.1,0.321,1,0.376,2,CLT,0,0
31,202303,43,3472.0,4.0,0.444,0,0.159,1,autonomo,1,0
32,202405,32,2471.0,18.1,0.525,2,0.346,0,autonomo,0,0
33,202411,25,4676.0,0.6,0.18,0,0.44,0,servidor,1,0
34,202309,48,4352.0,46.9,0.106,0,0.074,1,CLT,0,0
35,202302,64,2113.0,3.2,0.095,0,0.685,1,servidor,0,0
36,202306,24,6624.0,0.5,0.508,0,0.353,1,CLT,0,0
37,202312,63,3832.0,12.8,0.687,0,0.113,1,CLT,1,0
38,202406,61,1534.0,1.3,0.464,1,0.186,2,servidor,1,1
39,202410,34,3549.0,3.4,0.24,0,0.151,2,CLT,0,1
40,202305,51,4191.0,0.6,0.492,1,0.128,0,autonomo,1,1
41,202402,29,5922.0,2.9,0.075,1,0.34,0,aposentado,0,0
42,202311,58,3076.0,0.5,0.293,0,0.301,1,CLT,0,0
43,202411,55,5508.0,1.8,0.684,0,0.176,1,CLT,0,0
44,202307,38,3998.0,2.3,0.286,3,0.292,2,CLT,1,0
45,202310,24,1886.0,8.6,0.464,1,0.32,1,CLT,1,0
46,202302,68,1794.0,1.9,0.848,0,0.286,0,autonomo,1,0
47,202407,42,6382.0,1.9,0.178,0,0.185,0,servidor,0,0
48,202306,64,6621.0,3.5,0.715,0,0.181,2,aposentado,1,0
49,202309,54,4279.0,0.6,0.325,1,0.276,0,CLT,1,0
50,202311,59,7691.0,2.9,0.252,0,0.118,1,CLT,0,0
51,202305,58,6175.0,2.9,0.156,0,0.164,1,servidor,1,0
52,202301,30,5125.0,5.6,0.489,0,0.072,0,aposentado,0,0
53,202310,38,2308.0,0.6,0.117,0,0.484,0,autonomo,0,1
54,202307,43,8653.0,1.3,0.1,1,0.247,1,CLT,0,0
55,202303,45,4761.0,8.6,0.211,0,0.487,5,servidor,1,0
56,202403,23,3002.0,2.7,0.533,0,0.086,2,servidor,1,0
57,202305,47,2607.0,2.9,0.282,0,0.23,2,autonomo,1,0
58,202405,28,4140.0,2.7,0.229,0,0.338,3,CLT,0,1
59,202312,57,1579.0,0.9,0.617,0,0.412,0,aposentado,1,0
60,202412,54,5166.0,8.7,0.088,0,0.345,0,CLT,1,0
61,202407,66,2260.0,9.5,0.665,0,0.211,1,CLT,0,0
62,202304,57,4382.0,3.0,0.387,0,0.208,1,autonomo,1,0
63,202410,38,2805.0,3.0,0.315,0,0.511,0,CLT,1,0
64,202311,68,3190.0,5.5,0.183,0,0.251,0,aposentado,0,0
65,202411,41,2494.0,13.7,0.406,0,0.598,1,servidor,0,1
66,202310,36,3359.0,31.9,0.175,0,0.257,2,CLT,1,0
67,202412,65,9365.0,0.9,0.621,1,0.186,0,servidor,1,0
68,202310,39,7277.0,1.8,0.482,1,0.297,2,aposentado,0,0
69,202311,24,4347.0,2.2,0.755,1,0.316,1,CLT,1,0
70,202408,44,3595.0,5.1,0.226,1,0.017,1,CLT,1,0
71,202301,59,5553.0,7.0,0.127,1,0.186,2,CLT,1,0
72,202303,30,6406.0,3.6,0.181,1,0.134,0,aposentado,0,0
73,202412,43,2404.0,0.5,0.859,1,0.185,3,CLT,1,0
74,202409,27,3503.0,1.9,0.43,0,0.094,0,autonomo,0,0
75,202304,54,1464.0,8.0,0.411,0,0.391,1,CLT,0,0
76,202303,44,6384.0,6.7,0.307,0,0.243,0,CLT,0,1
77,202312,37,10224.0,0.3,0.632,0,0.145,2,servidor,1,0
78,202312,32,3790.0,5.2,0.199,1,0.292,3,CLT,0,0
79,202304,48,1258.0,5.4,0.362,0,0.113,0,CLT,1,0
80,202303,53,4937.0,12.6,0.462,0,0.606,1,autonomo,1,0
81,202308,67,2317.0,21.0,0.612,0,0.111,0,autonomo,0,0
82,202303,42,2613.0,0.0,0.451,2,0.015,1,autonomo,1,0
83,202305,28,4981.0,6.3,0.691,0,0.12,1,autonomo,0,1
84,202309,61,4135.0,5.0,0.176,0,0.145,1,CLT,0,1
85,202311,51,2852.0,0.0,0.284,0,0.023,0,autonomo,1,0
86,202401,55,2631.0,1.4,0.649,0,0.472,2,servidor,1,0
87,202411,25,3877.0,4.3,0.37,0,0.499,0,CLT,1,1
88,202307,36,2967.0,9.6,0.602,0,0.413,0,CLT,1,0
89,202302,58,2091.0,16.2,0.365,0,0.305,1,autonomo,1,0
90,202411,61,3083.0,1.7,0.444,0,0.076,0,autonomo,0,1
91,202405,42,4315.0,3.2,0.114,2,0.238,1,servidor,1,0
92,202409,60,3331.0,6.2,0.564,0,0.294,1,servidor,0,1
93,202308,62,1796.0,3.4,0.456,0,0.321,0,servidor,1,0
94,202305,39,5970.0,6.2,0.134,0,0.479,0,servidor,0,0
95,202306,65,926.0,7.8,0.358,0,0.172,0,CLT,0,0
96,202309,35,2913.0,9.7,0.227,0,0.452,2,servidor,0,0
97,202410,32,2670.0,6.2,0.795,1,0.407,1,CLT,0,0
98,202304,54,3921.0,5.8,0.285,0,0.112,1,autonomo,1,1
99,202307,52,4821.0,2.0,0.082,2,0.287,0,CLT,1,0
100,202406,27,6396.0,1.4,0.64,2,0.208,0,autonomo,1,1
101,202307,61,2550.0,11.8,0.553,1,0.313,1,servidor,0,0
102,202412,30,4882.0,5.5,0.31,0,0.623,2,CLT,1,0
103,202312,60,4015.0,5.6,0.379,0,0.133,0,servidor,0,0
104,202402,21,1547.0,0.5,0.47,1,0.25,0,CLT,1,1
105,202307,60,9417.0,6.4,0.498,1,0.073,2,CLT,0,0
106,202408,59,1773.0,0.0,0.324,0,0.255,1,CLT,0,0
107,202406,59,4491.0,1.9,0.454,0,0.381,1,servidor,0,0
108,202302,53,4425.0,2.2,0.572,3,0.332,3,autonomo,1,1
109,202311,44,4179.0,7.3,0.109,1,0.463,3,CLT,1,0
110,202407,55,2843.0,2.0,0.16,0,0.215,0,servidor,1,0
111,202303,34,5506.0,4.8,0.251,0,0.117,0,servidor,1,1
112,202309,59,1669.0,5.2,0.158,0,0.288,1,autonomo,0,0
113,202307,48,3523.0,20.2,0.801,1,0.383,3,aposentado,0,0
114,202410,43,2746.0,11.6,0.15,2,0.142,2,autonomo,0,0
115,202301,45,2595.0,5.8,0.587,0,0.331,0,servidor,0,0
116,202309,48,4511.0,1.2,0.12,1,0.27,2,CLT,0,0
117,202412,22,6240.0,5.3,0.225,1,0.365,0,servidor,0,1
118,202310,27,3067.0,3.5,0.535,2,0.3,0,CLT,0,0
119,202401,33,5379.0,0.3,0.662,2,0.011,0,CLT,1,0
120,202401,26,3733.0,7.0,0.141,0,0.26,0,CLT,0,0
121,202411,42,2330.0,1.9,0.507,1,0.331,2,servidor,0,1
122,202407,53,3200.0,3.9,0.077,1,0.56,0,CLT,1,1
123,202408,53,3135.0,6.4,0.148,0,0.596,2,CLT,0,1
124,202401,44,2570.0,10.4,0.589,0,0.46,2,CLT,1,0
125,202304,62,4511.0,5.0,0.781,0,0.181,0,autonomo,0,1
126,202408,48,4094.0,13.8,0.654,0,0.339,1,autonomo,0,0
127,202308,24,1644.0,0.2,0.639,0,0.374,4,aposentado,0,1
128,202306,58,1594.0,1.7,0.441,0,0.315,3,CLT,1,0
129,202305,49,4502.0,8.6,0.289,0,0.43,4,autonomo,0,0
130,202403,52,2422.0,4.6,0.709,0,0.157,0,CLT,1,0
131,202401,48,4235.0,2.5,0.459,0,0.314,1,CLT,1,0
132,202404,48,5380.0,2.3,0.238,1,0.134,1,CLT,0,1
133,202307,25,1929.0,7.1,0.128,0,0.314,1,autonomo,1,0
134,202306,48,1798.0,1.3,0.234,0,0.491,3,aposentado,0,0
135,202401,59,8410.0,11.8,0.355,2,0.438,2,CLT,1,0
136,202404,35,4341.0,2.6,0.3,1,0.247,2,CLT,1,0
137,202404,50,2952.0,0.4,0.588,0,0.018,0,autonomo,0,0
138,202310,22,2283.0,6.0,0.152,0,0.386,2,aposentado,1,0
139,202305,38,2821.0,0.5,0.418,1,0.182,1,CLT,1,1
140,202306,42,2008.0,7.8,0.058,0,0.7,1,CLT,1,0
141,202307,69,5663.0,2.5,0.242,1,0.635,4,aposentado,0,0
142,202410,31,2469.0,7.7,0.721,0,0.061,0,CLT,1,0
143,202307,34,6290.0,5.0,0.214,2,0.425,0,aposentado,0,0
144,202412,41,2980.0,2.1,0.525,0,0.392,1,CLT,1,0
145,202405,69,2161.0,4.4,0.109,1,0.363,3,CLT,1,0
146,202309,62,2942.0,6.6,0.236,0,0.1,0,autonomo,0,0
147,202410,22,980.0,0.9,0.39,2,0.146,1,servidor,0,0
148,202402,32,3428.0,4.8,0.618,0,0.096,5,CLT,1,1
149,202401,61,3344.0,1.2,0.442,2,0.207,0,CLT,1,0
150,202402,23,5499.0,0.7,0.429,1,0.073,0,CLT,0,1
151,202305,62,1418.0,8.8,0.167,0,0.151,2,CLT,1,0
152,202410,34,6509.0,1.8,0.371,2,0.307,1,CLT,0,0
153,202301,65,5488.0,13.2,0.394,1,0.457,2,CLT,1,0
154,202306,35,6809.0,6.6,0.336,0,0.062,0,aposentado,1,0
155,202305,42,3546.0,0.7,0.662,0,0.317,2,CLT,1,1
156,202306,53,6045.0,2.9,0.176,1,0.123,0,autonomo,0,1
157,202401,27,1745.0,5.6,0.118,0,0.076,2,CLT,1,0
158,202301,48,5201.0,9.5,0.397,0,0.543,3,aposentado,1,0
159,202311,45,2476.0,8.6,0.539,0,0.159,2,CLT,1,0
160,202311,59,1594.0,4.7,0.443,0,0.183,1,CLT,0,0
161,202409,69,2075.0,13.2,0.555,0,0.356,3,CLT,1,0
162,202402,53,3651.0,2.3,0.722,0,0.164,0,CLT,1,0
163,202308,41,2411.0,2.0,0.245,2,0.055,1,CLT,1,0
164,202401,40,4394.0,2.6,0.146,0,0.327,1,autonomo,0,0
165,202401,41,1474.0,10.5,0.614,1,0.269,0,CLT,1,1
166,202311,60,1257.0,10.2,0.294,0,0.106,2,autonomo,1,0
167,202312,36,7231.0,0.4,0.368,1,0.359,4,aposentado,1,0
168,202311,29,5721.0,9.9,0.479,0,0.212,2,autonomo,0,0
169,202305,37,2155.0,1.2,0.471,1,0.233,2,autonomo,0,0
170,202304,22,3635.0,2.2,0.892,1,0.106,2,CLT,1,1
171,202306,26,6062.0,0.1,0.476,1,0.429,2,CLT,0,1
172,202408,25,4490.0,1.3,0.124,0,0.503,0,CLT,0,0
173,202406,58,3921.0,1.3,0.827,1,0.187,0,autonomo,0,1
174,202302,56,6295.0,3.5,0.649,0,0.373,1,CLT,0,1
175,202405,55,2527.0,2.5,0.425,1,0.377,0,autonomo,0,0
176,202312,43,3698.0,0.3,0.529,0,0.529,1,autonomo,0,0
177,202404,56,3609.0,10.7,0.266,0,0.22,1,CLT,1,0
178,202412,28,3177.0,9.1,0.546,1,0.52,0,CLT,1,0
179,202304,65,2996.0,11.1,0.187,2,0.127,0,CLT,0,0
180,202302,45,3776.0,2.5,0.349,0,0.404,1,autonomo,0,1
181,202405,66,3704.0,7.6,0.255,0,0.318,1,autonomo,0,0
182,202307,28,2156.0,0.8,0.437,0,0.188,2,aposentado,0,0
183,202309,45,5437.0,6.2,0.429,0,0.162,1,autonomo,1,0
184,202407,55,2235.0,1.2,0.107,0,0.105,1,autonomo,1,0
185,202308,45,3265.0,8.7,0.477,0,0.156,2,CLT,0,1
186,202403,42,3141.0,11.2,0.123,2,0.146,2,autonomo,1,0
187,202301,29,4355.0,1.0,0.541,0,0.209,1,CLT,1,0
188,202306,39,1262.0,4.8,0.485,0,0.109,3,autonomo,1,0
189,202408,32,5684.0,5.7,0.22,0,0.135,0,CLT,0,0
190,202408,35,2595.0,1.5,0.112,0,0.301,1,servidor,1,0
191,202409,54,6701.0,3.4,0.516,0,0.18,2,autonomo,0,0
192,202306,51,2867.0,10.9,0.595,0,0.1,1,CLT,1,0
193,202312,50,3553.0,5.9,0.237,0,0.068,2,servidor,1,0
194,202409,38,9480.0,3.7,0.399,1,0.622,4,CLT,1,0
195,202307,68,3170.0,5.7,0.305,1,0.281,0,CLT,1,0
196,202309,25,6764.0,16.1,0.927,0,0.086,0,autonomo,0,0
197,202402,37,3713.0,0.3,0.318,0,0.161,2,CLT,0,0
198,202303,26,4481.0,0.9,0.408,1,0.183,3,servidor,1,0
199,202305,37,3771.0,9.2,0.773,1,0.131,0,autonomo,0,1
200,202301,68,5563.0,5.7,0.224,0,0.487,2,autonomo,1,0
201,202405,38,2584.0,0.4,0.43,0,0.612,2,aposentado,0,0
202,202307,65,2226.0,0.5,0.428,1,0.245,1,CLT,0,0
203,202409,45,2646.0,7.7,0.465,1,0.46,1,CLT,0,0
204,202401,55,3827.0,3.6,0.282,2,0.688,1,servidor,1,0
205,202408,43,3260.0,7.0,0.876,0,0.175,0,servidor,0,0
206,202309,34,5193.0,11.6,0.531,0,0.144,2,servidor,0,0
207,202401,58,6991.0,2.5,0.322,1,0.406,0,CLT,1,0
208,202306,68,2235.0,2.5,0.168,2,0.276,2,CLT,1,1
209,202304,33,2523.0,1.3,0.558,0,0.154,2,aposentado,0,0
210,202301,59,1776.0,7.6,0.425,1,0.276,3,aposentado,1,1
211,202404,33,10049.0,0.1,0.431,0,0.118,1,autonomo,1,0
212,202308,56,4240.0,15.5,0.547,0,0.276,1,autonomo,0,0
213,202411,59,4628.0,0.4,0.405,1,0.307,0,CLT,0,0
214,202411,43,1863.0,8.6,0.372,0,0.189,0,CLT,0,0
215,202407,57,3639.0,0.3,0.256,0,0.135,1,CLT,1,0
216,202405,34,4697.0,0.6,0.695,0,0.322,1,servidor,0,0
217,202306,24,3209.0,2.2,0.526,0,0.308,1,CLT,1,0
218,202301,25,6234.0,2.6,0.176,0,0.251,1,autonomo,0,0
219,202403,42,11567.0,3.5,0.484,0,0.304,0,servidor,0,0
220,202409,65,2268.0,5.2,0.404,0,0.146,1,servidor,0,1
221,202402,27,2184.0,5.8,0.559,0,0.16,1,aposentado,0,1
222,202310,43,2348.0,1.9,0.368,0,0.341,2,CLT,0,1
223,202408,55,8128.0,2.2,0.132,1,0.313,0,aposentado,1,0
224,202406,30,6131.0,0.7,0.275,0,0.067,1,CLT,0,0
225,202303,56,3402.0,4.9,0.38,0,0.193,1,CLT,0,0
226,202410,35,3708.0,1.0,0.307,1,0.305,0,autonomo,1,0
227,202405,60,2420.0,4.3,0.493,1,0.154,0,CLT,0,0
228,202412,49,5682.0,17.3,0.3,0,0.225,1,aposentado,1,0
229,202311,47,3011.0,1.0,0.399,0,0.121,1,servidor,1,0
230,202406,29,3197.0,0.1,0.45,1,0.347,1,CLT,0,0
231,202306,43,4936.0,12.0,0.204,1,0.333,1,autonomo,1,0
232,202412,62,3314.0,1.7,0.205,0,0.062,3,aposentado,1,0
233,202301,21,3237.0,2.8,0.279,0,0.239,0,servidor,1,0
234,202410,58,3660.0,3.3,0.161,2,0.256,1,servidor,0,0
235,202408,45,5419.0,14.7,0.518,0,0.246,1,autonomo,0,0
236,202311,56,8294.0,9.1,0.665,1,0.395,1,servidor,0,0
237,202410,53,4879.0,0.1,0.198,0,0.143,1,autonomo,1,0
238,202305,42,5441.0,7.9,0.697,0,0.197,1,aposentado,0,0
239,202312,36,3295.0,6.0,0.572,0,0.289,0,CLT,0,0
240,202404,51,2556.0,3.1,0.416,1,0.177,0,autonomo,1,0
241,202411,27,5049.0,9.7,0.216,0,0.217,3,servidor,0,0
242,202306,49,3966.0,5.6,0.372,1,0.355,1,autonomo,1,0
243,202310,25,1788.0,3.2,0.431,0,0.058,3,aposentado,1,1
244,202309,52,3090.0,1.5,0.178,0,0.275,1,CLT,1,0
245,202406,51,3493.0,2.7,0.505,0,0.09,0,autonomo,1,0
246,202310,25,2821.0,9.6,0.151,0,0.244,0,servidor,1,0
247,202303,58,7638.0,24.2,0.57,0,0.382,0,autonomo,0,0
248,202409,41,4628.0,1.8,0.789,0,0.176,1,CLT,0,0
249,202308,59,7234.0,3.3,0.386,0,0.357,0,aposentado,0,0
250,202302,23,4154.0,11.4,0.305,1,0.056,0,CLT,0,0
251,202310,29,3792.0,10.3,0.636,0,0.12,1,CLT,1,0
252,202309,45,2279.0,6.2,0.671,1,0.16,1,CLT,0,1
253,202403,30,3663.0,1.0,0.461,0,0.091,2,servidor,1,0
254,202305,37,3665.0,5.2,0.339,0,0.278,0,servidor,1,0
255,202409,53,1838.0,0.3,0.716,0,0.336,0,CLT,0,0
256,202311,28,2780.0,9.5,0.172,0,0.657,2,CLT,1,1
257,202302,54,3098.0,2.1,0.573,0,0.244,2,aposentado,1,0
258,202305,26,4477.0,3.0,0.528,0,0.427,0,CLT,1,0
259,202302,29,4586.0,12.0,0.263,0,0.142,0,CLT,0,0
260,202307,49,2723.0,13.7,0.247,1,0.117,2,autonomo,0,0
261,202412,59,4603.0,2.6,0.124,1,0.436,1,CLT,1,0
262,202402,29,3324.0,1.9,0.234,0,0.26,2,servidor,1,1
263,202409,35,867.0,0.8,0.204,0,0.544,1,CLT,0,0
264,202410,66,2857.0,5.7,0.123,0,0.581,0,CLT,1,0
265,202302,69,6245.0,3.0,0.419,0,0.081,3,autonomo,0,0
266,202310,49,1570.0,1.0,0.335,1,0.373,1,CLT,0,1
267,202301,42,3852.0,2.4,0.677,0,0.382,1,autonomo,1,1
268,202410,37,8044.0,8.1,0.383,0,0.145,0,CLT,1,0
269,202308,51,2489.0,2.4,0.587,1,0.379,0,autonomo,0,1
270,202412,49,3645.0,6.9,0.417,0,0.076,1,CLT,0,0
271,202411,35,1897.0,3.0,0.601,0,0.413,0,autonomo,1,0
272,202307,22,8214.0,4.2,0.508,0,0.151,1,autonomo,0,0
273,202410,28,3492.0,8.3,0.27,0,0.123,2,autonomo,1,0
274,202402,67,3727.0,4.9,0.45,0,0.134,2,CLT,1,0
275,202409,41,7166.0,0.7,0.26,0,0.331,3,CLT,1,0
276,202405,44,5068.0,1.8,0.061,0,0.161,0,CLT,0,0
277,202308,43,2350.0,7.0,0.196,1,0.195,1,autonomo,1,0
278,202411,59,2634.0,1.1,0.39,0,0.501,0,CLT,1,0
279,202411,24,4663.0,2.9,0.68,0,0.241,1,aposentado,1,0
280,202312,25,2665.0,0.3,0.354,1,0.032,1,CLT,0,0
281,202307,34,1263.0,5.5,0.617,0,0.408,0,CLT,1,0
282,202308,44,3545.0,7.4,0.411,1,0.058,1,autonomo,1,0
283,202411,53,1737.0,3.4,0.406,1,0.166,2,servidor,0,1
284,202403,45,8169.0,2.4,0.333,0,0.156,1,aposentado,0,0
285,202312,42,3977.0,0.7,0.555,1,0.511,2,autonomo,0,1
286,202310,66,2316.0,12.3,0.405,0,0.339,1,autonomo,0,0
287,202311,28,2567.0,3.6,0.175,0,0.623,2,CLT,0,0
288,202312,49,1416.0,6.6,0.823,1,0.21,1,aposentado,0,0
289,202310,47,2101.0,8.5,0.157,1,0.369,3,autonomo,0,0
290,202402,44,6052.0,3.6,0.221,0,0.45,1,autonomo,0,0
291,202405,60,11113.0,3.0,0.459,0,0.371,1,servidor,0,0
292,202305,34,5235.0,2.7,0.292,1,0.097,0,CLT,1,0
293,202307,67,3477.0,6.3,0.702,1,0.102,4,CLT,1,0
294,202311,37,2934.0,1.6,0.484,0,0.07,0,servidor,0,0
295,202402,47,2257.0,5.3,0.362,1,0.268,0,servidor,1,0
296,202409,46,10197.0,2.0,0.402,0,0.659,3,CLT,1,1
297,202408,62,3313.0,14.1,0.107,0,0.404,5,CLT,1,0
298,202412,42,10486.0,3.7,0.862,0,0.481,0,CLT,0,1
299,202308,34,7308.0,11.4,0.454,0,0.09,0,CLT,0,0
300,202410,22,1525.0,5.0,0.138,0,0.461,1,servidor,1,0
301,202305,38,2610.0,0.1,0.576,0,0.242,0,servidor,1,0
302,202306,61,2606.0,9.2,0.341,1,0.257,1,CLT,1,1
303,202401,21,3498.0,0.4,0.245,1,0.324,1,CLT,1,0
304,202403,64,3533.0,14.8,0.143,0,0.252,2,autonomo,1,1
305,202301,47,16287.0,2.8,0.075,0,0.098,1,CLT,0,0
306,202303,27,2125.0,22.2,0.18,0,0.251,0,CLT,1,0
307,202410,35,4083.0,5.8,0.266,0,0.158,2,CLT,1,1
308,202307,48,4956.0,2.3,0.23,0,0.093,3,servidor,0,0
309,202407,36,3638.0,11.5,0.322,0,0.562,2,CLT,1,0
310,202312,26,3847.0,1.8,0.568,0,0.32,0,aposentado,1,0
311,202402,53,2159.0,2.6,0.186,2,0.344,2,CLT,1,0
312,202311,53,3840.0,0.0,0.421,0,0.625,1,CLT,0,0
313,202308,26,4702.0,0.6,0.114,1,0.08,4,autonomo,1,0
314,202411,34,4289.0,6.0,0.434,0,0.489,2,autonomo,0,0
315,202309,32,4842.0,0.3,0.341,0,0.203,0,autonomo,1,0
316,202409,53,7378.0,6.7,0.155,1,0.354,1,CLT,0,0
317,202410,56,5817.0,4.5,0.245,0,0.187,2,CLT,1,1
318,202409,56,3773.0,0.3,0.25,1,0.691,2,CLT,0,0
319,202401,66,2027.0,13.5,0.204,0,0.295,2,autonomo,1,0
320,202407,58,2697.0,0.2,0.713,0,0.446,0,CLT,1,1
321,202412,36,3262.0,2.3,0.324,1,0.762,0,CLT,0,0
322,202407,26,4131.0,7.6,0.302,0,0.392,2,servidor,0,0
323,202305,51,2866.0,0.6,0.473,2,0.075,0,autonomo,1,0
324,202403,65,2280.0,3.7,0.215,0,0.462,2,CLT,0,1
325,202307,68,2010.0,5.8,0.77,0,0.526,0,aposentado,0,0
326,202310,32,1595.0,0.7,0.347,2,0.269,2,CLT,1,1
327,202312,32,3237.0,2.1,0.622,1,0.056,0,CLT,1,1
328,202301,22,1746.0,0.3,0.324,0,0.121,1,aposentado,1,0
329,202411,27,2208.0,0.5,0.629,0,0.089,0,CLT,0,1
330,202303,48,2990.0,0.1,0.343,1,0.454,4,CLT,1,1
331,202311,47,1867.0,5.2,0.396,2,0.317,2,autonomo,1,0
332,202301,39,4402.0,2.4,0.594,0,0.101,1,CLT,1,0
333,202310,36,5272.0,0.0,0.536,0,0.064,1,autonomo,0,0
334,202408,61,2766.0,6.5,0.345,0,0.247,2,CLT,1,0
335,202302,43,2926.0,3.1,0.526,0,0.154,3,CLT,0,1
336,202312,60,4763.0,4.8,0.281,0,0.54,3,autonomo,1,0
337,202408,68,2548.0,0.7,0.566,0,0.387,1,CLT,1,0
338,202405,36,2462.0,0.4,0.48,0,0.761,1,CLT,1,0
339,202302,30,6623.0,3.5,0.237,0,0.61,0,servidor,1,0
340,202306,67,5665.0,3.2,0.408,0,0.173,1,CLT,1,0
341,202405,52,4919.0,9.5,0.247,0,0.195,0,servidor,0,0
342,202302,35,5784.0,5.5,0.336,0,0.662,3,servidor,1,0
343,202312,51,1355.0,1.7,0.371,0,0.24,1,CLT,0,0
344,202312,46,7165.0,5.2,0.054,0,0.088,0,aposentado,1,0
345,202306,65,4429.0,0.3,0.432,0,0.309,1,autonomo,0,0
346,202302,33,6035.0,6.9,0.248,0,0.591,1,CLT,0,0
347,202303,69,4419.0,5.8,0.271,1,0.118,1,aposentado,0,1
348,202310,66,3731.0,1.4,0.505,0,0.367,2,CLT,0,1
349,202306,29,3173.0,2.7,0.23,0,0.354,3,CLT,0,0
350,202307,29,4375.0,0.9,0.275,0,0.045,0,CLT,0,0
351,202407,47,3115.0,13.1,0.697,0,0.321,0,servidor,0,0
352,202306,23,5619.0,1.1,0.131,1,0.066,2,aposentado,0,0
353,202401,35,1647.0,2.9,0.397,2,0.286,3,servidor,0,1
354,202309,42,2777.0,5.0,0.273,1,0.242,0,CLT,1,0
355,202408,68,10121.0,0.0,0.474,0,0.585,0,servidor,1,0
356,202402,69,2662.0,3.7,0.231,0,0.115,3,autonomo,0,0
357,202305,28,3231.0,5.5,0.27,0,0.288,1,servidor,0,0
358,202306,64,2342.0,23.1,0.246,2,0.457,1,autonomo,1,1
359,202305,25,4307.0,0.5,0.641,2,0.073,1,CLT,1,0
360,202407,57,2520.0,1.2,0.445,1,0.358,3,servidor,1,0
361,202301,62,3318.0,1.5,0.238,1,0.202,1,CLT,0,0
362,202308,64,5566.0,11.2,0.697,0,0.528,0,autonomo,1,0
363,202309,31,2567.0,4.2,0.09,0,0.141,0,autonomo,1,0
364,202406,64,5401.0,0.9,0.101,1,0.153,1,CLT,0,1
365,202411,26,5492.0,5.9,0.412,0,0.033,0,CLT,0,0
366,202409,46,6170.0,0.2,0.289,0,0.108,3,CLT,1,0
367,202402,44,3906.0,1.5,0.403,0,0.557,1,aposentado,1,0
368,202306,36,18410.0,4.6,0.906,1,0.049,2,CLT,0,0
369,202306,22,6169.0,7.7,0.409,0,0.399,0,CLT,0,1
370,202403,58,4283.0,7.8,0.653,3,0.009,2,CLT,1,0
371,202307,37,2350.0,6.6,0.438,0,0.349,3,autonomo,0,1
372,202311,53,3468.0,6.5,0.366,1,0.439,0,autonomo,1,0
373,202307,41,7429.0,7.7,0.383,0,0.02,1,CLT,1,0
374,202311,39,8559.0,0.7,0.355,0,0.175,4,servidor,0,0
375,202402,64,7625.0,8.8,0.89,1,0.031,1,CLT,0,0
376,202410,25,5392.0,3.8,0.691,1,0.137,2,CLT,1,0
377,202410,57,1943.0,4.4,0.028,0,0.267,3,CLT,1,0
378,202401,57,4645.0,3.7,0.343,0,0.167,1,CLT,0,0
379,202312,39,1957.0,1.3,0.367,0,0.342,0,autonomo,1,0
380,202310,33,1731.0,3.3,0.578,0,0.11,1,aposentado,0,1
381,202308,21,4103.0,1.6,0.311,0,0.416,0,aposentado,1,0
382,202405,66,4730.0,0.4,0.484,0,0.306,1,CLT,0,0
383,202304,67,5720.0,3.2,0.378,0,0.025,1,autonomo,0,0
384,202404,32,4668.0,4.4,0.554,0,0.726,1,servidor,0,1
385,202410,22,4749.0,0.0,0.164,0,0.406,0,CLT,0,0
386,202407,27,2225.0,4.1,0.695,1,0.216,1,CLT,0,0
387,202310,24,3455.0,1.0,0.257,1,0.36,0,aposentado,0,0
388,202305,61,1714.0,1.8,0.103,0,0.346,1,CLT,1,0
389,202309,64,1337.0,4.4,0.336,1,0.237,0,CLT,1,0
390,202411,28,5273.0,3.5,0.529,0,0.209,1,CLT,1,0
391,202308,57,2498.0,3.4,0.294,0,0.343,2,aposentado,0,0
392,202306,29,5632.0,12.6,0.379,0,0.177,2,autonomo,1,0
393,202401,38,6337.0,8.9,0.101,0,0.427,0,CLT,0,0
394,202304,50,2671.0,5.3,0.458,0,0.273,1,servidor,0,0
395,202407,56,4891.0,8.7,0.083,2,0.114,2,servidor,0,0
396,202403,63,2616.0,0.6,0.035,0,0.121,1,aposentado,1,0
397,202407,23,1447.0,9.0,0.093,0,0.416,0,CLT,0,0
398,202405,30,3872.0,3.0,0.088,0,0.377,0,CLT,1,0
399,202410,34,2877.0,4.5,0.42,0,0.267,1,CLT,1,1
400,202306,36,2922.0,3.7,0.42,0,0.475,2,CLT,1,0
401,202310,69,9776.0,5.6,0.085,0,0.154,3,CLT,0,1
402,202403,59,1698.0,3.1,0.572,1,0.354,2,CLT,0,0
403,202305,36,4409.0,3.9,0.158,1,0.3,0,CLT,1,1
404,202307,68,2214.0,3.4,0.12,0,0.392,1,autonomo,1,0
405,202406,45,5734.0,18.2,0.814,0,0.175,1,autonomo,0,0
406,202312,45,4227.0,1.2,0.163,2,0.09,2,CLT,1,0
407,202303,42,4401.0,2.6,0.38,0,0.549,2,CLT,0,1
408,202412,28,2270.0,4.2,0.353,1,0.245,1,CLT,0,0
409,202411,66,2483.0,3.7,0.546,0,0.466,3,CLT,0,0
410,202402,21,5788.0,1.0,0.337,0,0.227,1,autonomo,0,0
411,202402,29,8825.0,5.3,0.258,0,0.267,0,servidor,1,0
412,202312,32,4629.0,2.4,0.814,0,0.25,1,autonomo,1,1
413,202405,34,2325.0,0.2,0.141,0,0.099,1,aposentado,0,0
414,202407,27,4313.0,4.8,0.323,1,0.247,3,autonomo,0,1
415,202404,21,12256.0,7.4,0.609,0,0.461,2,CLT,1,0
416,202407,54,3832.0,0.6,0.426,0,0.217,0,aposentado,1,0
417,202302,68,7562.0,0.3,0.111,0,0.175,0,CLT,1,0
418,202407,26,2515.0,3.5,0.383,2,0.428,1,servidor,0,0
419,202302,35,3565.0,0.1,0.563,0,0.056,2,autonomo,0,1
420,202310,45,4963.0,6.0,0.299,0,0.291,0,autonomo,0,0
421,202406,66,4441.0,6.7,0.13,1,0.384,0,CLT,0,0
422,202406,55,2482.0,4.4,0.605,1,0.265,1,servidor,1,0
423,202401,58,2429.0,4.2,0.149,1,0.366,2,CLT,0,0
424,202405,49,5968.0,0.1,0.598,0,0.583,0,aposentado,1,0
425,202307,41,6606.0,11.9,0.629,0,0.107,3,autonomo,0,0
426,202302,30,7755.0,0.9,0.209,0,0.403,0,aposentado,0,0
427,202409,63,8973.0,4.3,0.061,0,0.086,1,autonomo,0,0
428,202307,60,3894.0,22.0,0.657,0,0.254,2,CLT,0,0
429,202311,22,3116.0,2.5,0.047,0,0.067,3,CLT,0,0
430,202405,56,7154.0,2.1,0.271,0,0.124,2,autonomo,1,0
431,202301,25,5201.0,6.5,0.031,0,0.583,1,autonomo,0,0
432,202406,57,2228.0,1.4,0.153,0,0.181,1,servidor,0,0
433,202307,61,2172.0,2.4,0.102,0,0.55,0,servidor,0,0
434,202302,27,4656.0,1.6,0.756,0,0.311,2,autonomo,1,1
435,202403,42,3332.0,8.6,0.257,0,0.096,1,CLT,0,0
436,202303,27,3593.0,5.1,0.346,0,0.528,0,CLT,0,1
437,202403,48,6225.0,2.9,0.32,0,0.279,0,CLT,0,0
438,202312,66,5322.0,38.6,0.771,0,0.577,0,CLT,1,0
439,202411,24,7079.0,4.5,0.034,1,0.309,1,autonomo,0,1
440,202312,40,1386.0,0.9,0.393,0,0.508,2,servidor,0,0
441,202407,68,4133.0,6.5,0.499,0,0.412,2,autonomo,1,0
442,202303,35,5153.0,13.5,0.649,1,0.205,1,CLT,1,0
443,202302,27,1697.0,5.7,0.415,0,0.108,0,autonomo,1,0
444,202306,44,2624.0,5.0,0.105,0,0.116,1,autonomo,0,0
445,202411,45,2392.0,2.2,0.535,1,0.397,2,servidor,0,0
446,202310,53,3681.0,1.6,0.205,0,0.669,2,CLT,1,0
447,202302,36,8217.0,9.0,0.032,0,0.218,1,CLT,1,0
448,202306,67,10010.0,1.5,0.311,0,0.1,2,CLT,0,0
449,202403,46,2423.0,0.0,0.642,1,0.358,0,CLT,1,1
450,202305,35,4738.0,1.8,0.169,0,0.25,3,CLT,1,0
451,202311,68,4815.0,0.6,0.674,1,0.49,2,servidor,0,0
452,202407,66,4420.0,5.6,0.705,0,0.611,1,CLT,0,0
453,202412,45,4445.0,1.6,0.657,2,0.525,0,autonomo,1,1
454,202305,22,4238.0,3.8,0.57,0,0.348,3,CLT,0,1
455,202412,50,8466.0,0.5,0.704,1,0.084,3,CLT,1,1
456,202406,48,6318.0,15.1,0.645,0,0.13,1,CLT,0,0
457,202309,28,2143.0,6.4,0.366,0,0.272,2,CLT,0,0
458,202304,52,5420.0,5.5,0.77,0,0.216,0,CLT,1,0
459,202407,62,5688.0,9.0,0.621,0,0.27,2,servidor,0,1
460,202303,26,4262.0,0.1,0.839,0,0.5,5,CLT,1,1
461,202402,56,6411.0,19.6,0.341,0,0.355,1,CLT,1,0
462,202403,27,4000.0,1.7,0.511,0,0.111,2,CLT,0,1
463,202308,57,4025.0,11.2,0.382,2,0.279,2,CLT,1,0
464,202407,41,3868.0,3.3,0.253,1,0.533,0,aposentado,0,0
465,202407,21,1327.0,2.4,0.469,0,0.23,0,autonomo,0,0
466,202311,68,3497.0,5.7,0.349,1,0.058,0,CLT,0,0
467,202401,29,2607.0,12.3,0.07,1,0.048,2,autonomo,1,0
468,202307,50,2012.0,6.3,0.474,0,0.181,1,CLT,1,0
469,202309,29,7458.0,1.6,0.213,2,0.481,1,CLT,0,0
470,202410,66,4685.0,1.1,0.391,0,0.092,1,CLT,1,0
471,202307,57,3587.0,2.3,0.427,0,0.125,1,servidor,1,0
472,202410,60,2745.0,5.8,0.487,0,0.146,2,autonomo,1,1
473,202408,42,4222.0,3.5,0.226,0,0.086,1,CLT,0,0
474,202302,43,5977.0,5.9,0.3,0,0.46,0,CLT,0,0
475,202305,52,2408.0,10.4,0.686,0,0.252,0,CLT,1,0
476,202309,59,3632.0,0.5,0.337,0,0.309,0,autonomo,1,0
477,202312,62,5620.0,3.5,0.546,1,0.188,1,autonomo,0,0
478,202402,21,1383.0,5.6,0.159,0,0.413,1,aposentado,0,0
479,202307,53,3538.0,1.7,0.358,1,0.079,1,CLT,0,0
480,202308,26,2938.0,20.8,0.027,0,0.472,1,servidor,1,0
481,202403,35,3405.0,5.6,0.744,1,0.276,1,CLT,0,0
482,202409,61,2833.0,1.6,0.395,1,0.322,1,CLT,0,1
483,202302,33,3900.0,1.0,0.781,2,0.37,1,CLT,0,1
484,202403,60,9526.0,17.2,0.562,0,0.151,2,servidor,1,0
485,202301,43,3097.0,6.1,0.14,0,0.591,2,aposentado,1,0
486,202305,32,4213.0,2.4,0.78,0,0.297,1,CLT,1,0
487,202405,37,9871.0,2.3,0.088,0,0.442,0,CLT,1,0
488,202404,47,2766.0,0.2,0.517,0,0.244,1,CLT,0,0
489,202308,58,9021.0,8.2,0.426,1,0.623,0,autonomo,0,0
490,202305,50,3651.0,3.2,0.374,1,0.531,0,CLT,0,0
491,202311,66,8875.0,7.3,0.183,0,0.557,0,autonomo,0,0
492,202409,63,5298.0,2.4,0.846,1,0.298,1,autonomo,0,0
493,202402,57,4245.0,3.1,0.723,0,0.301,1,autonomo,1,0
494,202401,50,3523.0,2.2,0.548,1,0.353,2,CLT,0,0
495,202405,35,2665.0,0.2,0.719,0,0.193,4,CLT,1,0
496,202309,41,3782.0,0.6,0.3,1,0.182,1,CLT,0,0
497,202405,26,5703.0,1.2,0.332,0,0.248,0,CLT,1,0
498,202409,39,3617.0,3.6,0.224,0,0.297,1,servidor,1,0
499,202302,66,3108.0,8.7,0.707,0,0.18,0,CLT,0,0
500,202302,41,3212.0,2.2,0.623,0,0.493,0,aposentado,0,1
501,202305,26,5980.0,0.6,0.84,1,0.242,2,servidor,1,0
502,202405,52,6718.0,2.6,0.453,0,0.164,2,autonomo,1,0
503,202403,68,2608.0,0.0,0.373,2,0.423,0,autonomo,1,0
504,202302,63,2606.0,1.5,0.211,0,0.473,0,CLT,1,0
505,202407,34,4401.0,0.9,0.758,0,0.073,1,CLT,1,0
506,202412,43,7815.0,9.8,0.103,0,0.372,1,autonomo,1,0
507,202304,47,6457.0,5.8,0.703,0,0.124,0,CLT,1,0
508,202304,33,1947.0,0.0,0.283,1,0.265,2,servidor,0,1
509,202407,34,3191.0,1.4,0.437,0,0.112,1,CLT,0,0
510,202407,32,2286.0,1.0,0.351,0,0.518,0,autonomo,1,0
511,202301,69,3185.0,0.9,0.393,0,0.174,1,CLT,1,0
512,202310,57,8121.0,1.2,0.643,0,0.519,0,CLT,0,0
513,202405,62,1788.0,1.0,0.039,1,0.427,0,autonomo,1,0
514,202401,61,1621.0,9.9,0.322,1,0.096,2,autonomo,0,0
515,202403,67,2406.0,1.9,0.148,1,0.463,0,CLT,1,0
516,202401,26,4203.0,2.7,0.144,0,0.086,0,CLT,0,1
517,202404,64,4966.0,0.1,0.498,0,0.416,0,CLT,0,1
518,202401,24,4531.0,6.2,0.294,1,0.353,2,CLT,0,0
519,202303,44,6554.0,6.2,0.099,0,0.101,0,CLT,1,0
520,202407,50,1508.0,1.3,0.15,0,0.102,1,CLT,1,0
521,202412,38,6596.0,9.7,0.371,0,0.396,0,CLT,1,0
522,202407,28,3115.0,0.2,0.093,1,0.09,1,CLT,1,0
523,202411,30,5249.0,6.6,0.595,0,0.28,1,aposentado,1,0
524,202406,61,1879.0,10.4,0.871,0,0.156,2,servidor,0,0
525,202302,36,3650.0,8.5,0.191,0,0.391,2,CLT,1,0
526,202401,36,4098.0,8.6,0.188,1,0.048,2,CLT,0,1
527,202302,66,6489.0,19.8,0.303,0,0.095,1,aposentado,1,0
528,202410,28,1648.0,3.8,0.163,0,0.163,0,aposentado,0,1
529,202308,65,3697.0,2.1,0.15,0,0.398,4,CLT,1,0
530,202308,66,2116.0,1.4,0.124,0,0.267,0,CLT,0,0
531,202307,50,4688.0,0.2,0.166,0,0.41,0,autonomo,0,1
532,202403,29,5370.0,2.6,0.667,0,0.723,1,autonomo,0,1
533,202401,28,6930.0,0.0,0.417,2,0.234,0,CLT,1,0
534,202312,34,2786.0,5.3,0.604,0,0.219,0,CLT,1,0
535,202301,49,5788.0,4.3,0.334,0,0.641,1,aposentado,1,0
536,202412,28,7190.0,7.1,0.374,0,0.493,1,CLT,1,0
537,202309,43,1601.0,1.4,0.298,0,0.08,0,CLT,0,0
538,202403,26,4945.0,9.0,0.342,0,0.397,1,autonomo,1,0
539,202309,47,5880.0,1.9,0.383,2,0.358,0,CLT,0,0
540,202310,22,3199.0,22.1,0.607,0,0.405,3,CLT,1,0
541,202408,55,1987.0,5.8,0.285,1,0.038,1,autonomo,1,0
542,202409,23,5834.0,0.1,0.335,0,0.396,1,CLT,0,1
543,202305,30,1999.0,0.2,0.35,1,0.351,0,CLT,1,1
544,202406,29,3330.0,1.4,0.585,0,0.253,0,servidor,0,0
545,202304,61,3569.0,0.7,0.668,0,0.091,1,CLT,1,0
546,202304,23,5207.0,1.2,0.396,0,0.129,1,CLT,0,0
547,202309,42,2662.0,1.4,0.638,0,0.085,2,servidor,0,0
548,202404,49,2586.0,9.6,0.449,1,0.431,1,autonomo,0,0
549,202402,46,3826.0,0.3,0.167,0,0.098,1,CLT,0,0
550,202404,54,6022.0,4.4,0.336,0,0.363,0,autonomo,0,0
551,202405,60,11427.0,7.8,0.533,1,0.299,3,CLT,1,1
552,202409,40,1713.0,0.4,0.164,0,0.198,0,autonomo,0,0
553,202402,61,4263.0,0.3,0.487,0,0.275,1,CLT,0,0
554,202407,36,2115.0,6.3,0.383,1,0.072,2,servidor,1,0
555,202411,69,6060.0,2.6,0.647,0,0.051,1,CLT,0,0
556,202401,45,2277.0,4.5,0.131,0,0.193,2,CLT,1,0
557,202311,57,2598.0,6.1,0.194,0,0.294,1,CLT,1,0
558,202312,63,2712.0,0.6,0.462,0,0.379,1,autonomo,1,0
559,202410,59,3505.0,2.7,0.606,0,0.211,0,autonomo,0,1
560,202306,62,4280.0,12.2,0.553,0,0.243,1,autonomo,1,1
561,202312,47,4637.0,2.0,0.648,0,0.044,0,autonomo,0,0
562,202401,23,3630.0,11.3,0.608,1,0.295,3,CLT,1,1
563,202305,45,1873.0,3.1,0.781,1,0.167,2,autonomo,1,1
564,202408,29,5239.0,1.2,0.208,2,0.656,2,aposentado,1,1
565,202303,64,3546.0,27.8,0.647,0,0.233,2,servidor,0,0
566,202404,32,6509.0,5.7,0.494,0,0.607,2,CLT,1,0
567,202402,32,2556.0,24.9,0.409,2,0.187,0,autonomo,1,1
568,202303,33,1634.0,7.2,0.202,0,0.335,3,CLT,1,0
569,202312,52,3580.0,0.1,0.715,1,0.088,0,servidor,1,0
570,202308,48,6960.0,1.7,0.191,2,0.144,0,aposentado,0,0
571,202312,67,3946.0,1.7,0.535,0,0.268,2,autonomo,1,0
572,202306,41,3295.0,3.8,0.176,1,0.506,0,CLT,1,1
573,202410,34,2356.0,5.8,0.2,0,0.164,1,CLT,0,1
574,202404,23,8768.0,6.5,0.354,1,0.234,2,CLT,1,0
575,202403,21,2176.0,3.0,0.638,0,0.28,2,CLT,0,1
576,202305,39,2533.0,11.1,0.597,2,0.356,2,CLT,1,1
577,202409,66,4842.0,2.2,0.057,0,0.279,1,CLT,0,0
578,202307,46,1439.0,1.1,0.645,0,0.138,2,CLT,0,0
579,202411,64,6886.0,20.1,0.571,0,0.51,0,CLT,1,0
580,202304,25,4975.0,3.3,0.295,1,0.015,2,CLT,0,0
581,202401,25,5708.0,3.2,0.358,0,0.741,1,servidor,1,0
582,202304,61,4813.0,0.2,0.243,0,0.269,1,CLT,1,0
583,202401,26,3359.0,7.8,0.637,0,0.634,2,autonomo,0,1
584,202307,23,2140.0,3.8,0.219,0,0.3,0,servidor,1,0
585,202305,40,3395.0,2.1,0.472,2,0.545,1,CLT,1,1
586,202407,66,2236.0,28.0,0.599,1,0.684,0,CLT,1,0
587,202309,54,4643.0,4.5,0.59,0,0.247,2,CLT,0,0
588,202304,25,5450.0,2.6,0.525,1,0.405,2,CLT,0,0
589,202312,62,7619.0,8.8,0.857,1,0.438,3,CLT,1,0
590,202405,62,4385.0,13.4,0.501,0,0.195,0,CLT,0,0
591,202304,60,5781.0,0.6,0.361,0,0.428,0,servidor,0,0
592,202410,65,3138.0,22.7,0.286,0,0.313,0,servidor,1,0
593,202307,32,2867.0,20.7,0.328,0,0.663,1,CLT,0,0
594,202410,68,4614.0,13.3,0.635,0,0.364,0,CLT,1,0
595,202403,36,3001.0,0.7,0.157,0,0.18,1,CLT,1,0
596,202301,60,4166.0,3.5,0.266,0,0.276,3,CLT,0,0
597,202304,49,2142.0,3.2,0.569,1,0.642,1,aposentado,1,1
598,202309,59,2343.0,1.6,0.333,0,0.121,1,CLT,1,0
599,202309,51,5003.0,1.3,0.372,0,0.264,2,CLT,1,0
600,202310,52,5672.0,0.5,0.28,0,0.033,1,servidor,0,0
601,202305,51,2224.0,2.7,0.349,0,0.194,0,CLT,0,0
602,202401,59,5091.0,2.4,0.849,1,0.033,1,autonomo,0,0
603,202401,57,2790.0,2.2,0.748,0,0.11,0,autonomo,0,0
604,202411,27,3671.0,36.6,0.163,0,0.473,0,servidor,1,0
605,202405,61,7394.0,2.7,0.49,0,0.257,0,CLT,1,0
606,202301,47,5452.0,6.4,0.514,0,0.183,1,autonomo,1,0
607,202410,36,5420.0,4.8,0.102,0,0.138,1,autonomo,0,0
608,202407,46,9456.0,1.9,0.149,0,0.22,1,autonomo,1,0
609,202411,68,2561.0,13.0,0.632,0,0.261,2,autonomo,0,0
610,202306,63,2224.0,0.2,0.075,0,0.488,2,servidor,1,1
611,202305,61,2538.0,3.7,0.257,0,0.519,0,CLT,1,0
612,202403,43,3206.0,5.7,0.412,0,0.462,3,CLT,1,0
613,202412,59,1122.0,11.9,0.066,1,0.201,1,CLT,0,1
614,202402,39,3282.0,1.9,0.324,0,0.339,0,servidor,0,0
615,202305,54,2773.0,5.4,0.383,1,0.245,2,CLT,0,0
616,202305,52,5388.0,13.0,0.451,0,0.131,0,CLT,0,0
617,202406,33,4343.0,0.1,0.204,0,0.276,0,CLT,1,0
618,202302,34,2696.0,14.3,0.271,0,0.329,1,CLT,1,0
619,202302,23,4890.0,0.3,0.532,3,0.093,2,CLT,1,1
620,202404,27,5227.0,0.7,0.589,1,0.452,2,autonomo,1,1
621,202310,42,2479.0,17.3,0.369,1,0.302,2,CLT,1,0
622,202303,44,2845.0,1.2,0.068,0,0.28,0,CLT,0,0
623,202402,29,1197.0,7.3,0.161,0,0.446,1,CLT,1,0
624,202301,41,2110.0,17.7,0.615,0,0.429,0,autonomo,1,0
625,202307,50,2512.0,11.4,0.366,1,0.412,0,autonomo,1,0
626,202408,32,3779.0,0.7,0.227,0,0.327,0,CLT,1,0
627,202404,37,2269.0,0.5,0.594,0,0.711,1,servidor,0,1
628,202303,39,2817.0,2.0,0.461,0,0.338,3,CLT,1,0
629,202309,45,1973.0,3.7,0.369,0,0.437,0,CLT,1,0
630,202411,38,3966.0,2.9,0.094,0,0.382,0,autonomo,1,0
631,202311,57,4505.0,7.1,0.385,1,0.517,3,aposentado,1,0
632,202310,37,4452.0,19.9,0.199,0,0.032,2,CLT,1,0
633,202402,42,3664.0,6.5,0.551,1,0.194,1,autonomo,0,0
634,202409,39,1685.0,9.5,0.395,1,0.02,1,CLT,1,1
635,202406,29,2671.0,0.0,0.572,0,0.409,0,CLT,1,0
636,202409,54,2970.0,11.3,0.585,1,0.281,0,CLT,0,0
637,202306,32,2976.0,3.8,0.297,0,0.02,1,CLT,1,0
638,202307,35,3780.0,4.1,0.629,1,0.391,0,aposentado,1,1
639,202311,59,7426.0,1.2,0.172,1,0.159,1,autonomo,1,0
640,202303,67,5465.0,16.6,0.323,1,0.087,3,CLT,1,0
641,202411,53,2222.0,10.6,0.447,0,0.739,0,autonomo,0,1
642,202306,65,5111.0,4.2,0.342,0,0.064,3,autonomo,1,0
643,202305,62,5015.0,7.4,0.6,0,0.411,1,autonomo,1,0
644,202406,44,2433.0,8.1,0.147,0,0.208,1,aposentado,0,0
645,202412,58,5566.0,0.8,0.671,0,0.013,0,autonomo,1,0
646,202404,37,3360.0,8.4,0.289,1,0.24,2,autonomo,1,0
647,202412,43,1799.0,7.0,0.469,1,0.474,0,autonomo,1,1
648,202407,47,4572.0,3.0,0.463,0,0.328,5,autonomo,1,0
649,202301,68,4058.0,5.2,0.368,1,0.147,3,CLT,1,0
650,202310,62,3249.0,0.0,0.004,0,0.098,2,aposentado,0,0
651,202406,44,3573.0,14.4,0.534,2,0.159,3,aposentado,1,1
652,202405,52,2541.0,0.4,0.22,0,0.023,0,servidor,1,0
653,202308,30,4940.0,5.3,0.171,0,0.406,1,CLT,0,0
654,202410,60,3563.0,11.6,0.274,0,0.24,2,CLT,0,0
655,202305,48,3957.0,6.7,0.784,0,0.203,0,servidor,0,0
656,202303,47,4353.0,7.6,0.443,0,0.688,0,autonomo,0,0
657,202403,58,2044.0,0.7,0.511,0,0.297,2,CLT,1,0
658,202403,52,2328.0,12.3,0.463,1,0.593,2,CLT,0,1
659,202402,24,1206.0,5.8,0.211,0,0.42,3,CLT,0,1
660,202303,35,4829.0,2.3,0.349,1,0.584,0,CLT,0,1
661,202309,29,1986.0,7.3,0.255,0,0.277,0,CLT,1,0
662,202411,57,3890.0,0.4,0.665,0,0.232,3,autonomo,1,0
663,202308,22,4383.0,7.7,0.632,0,0.038,2,autonomo,1,0
664,202307,30,4921.0,2.2,0.546,1,0.177,2,servidor,0,0
665,202403,50,1994.0,0.0,0.744,1,0.03,1,CLT,0,1
666,202304,55,3524.0,4.0,0.447,0,0.097,1,aposentado,0,0
667,202304,45,8393.0,5.1,0.117,0,0.241,0,servidor,0,0
668,202301,63,8580.0,3.9,0.338,1,0.05,2,autonomo,0,0
669,202408,66,5965.0,0.2,0.185,0,0.257,1,CLT,1,0
670,202404,27,4310.0,6.9,0.253,1,0.15,2,servidor,1,0
671,202404,67,2203.0,1.3,0.357,0,0.437,0,CLT,1,0
672,202308,51,5215.0,3.7,0.279,0,0.101,0,CLT,0,0
673,202302,52,3364.0,3.1,0.694,0,0.323,2,servidor,0,0
674,202310,25,4819.0,4.7,0.099,0,0.39,1,autonomo,1,0
675,202404,51,2653.0,1.6,0.163,0,0.307,3,CLT,0,0
676,202309,56,3339.0,0.1,0.157,0,0.526,2,CLT,0,0
677,202406,49,3952.0,1.4,0.706,1,0.333,3,CLT,0,1
678,202311,25,4118.0,0.9,0.166,0,0.495,2,servidor,1,0
679,202409,46,4660.0,6.5,0.433,1,0.283,0,CLT,1,0
680,202312,66,2725.0,6.8,0.381,0,0.17,1,autonomo,0,0
681,202407,56,1860.0,1.5,0.125,1,0.339,1,CLT,1,1
682,202304,27,8204.0,3.9,0.101,0,0.242,0,CLT,1,0
683,202406,68,12640.0,4.8,0.1,0,0.118,2,CLT,0,0
684,202307,67,4554.0,4.0,0.534,0,0.538,2,CLT,0,1
685,202402,29,1878.0,20.2,0.749,1,0.264,0,CLT,1,1
686,202304,60,2474.0,6.3,0.267,0,0.14,3,CLT,1,0
687,202403,40,4696.0,17.8,0.33,0,0.439,1,aposentado,0,0
688,202410,50,7119.0,3.4,0.032,0,0.473,0,autonomo,0,0
689,202310,42,1985.0,0.2,0.561,1,0.388,0,CLT,0,1
690,202307,59,3421.0,2.5,0.335,0,0.398,1,autonomo,1,0
691,202412,69,4016.0,3.6,0.142,1,0.251,0,servidor,1,0
692,202306,59,5610.0,14.5,0.655,2,0.56,3,CLT,0,1
693,202410,66,3066.0,5.5,0.302,0,0.28,0,autonomo,0,0
694,202412,67,1666.0,3.5,0.633,0,0.241,1,CLT,0,1
695,202303,25,4967.0,7.9,0.422,0,0.258,0,CLT,1,0
696,202301,33,6389.0,1.7,0.745,0,0.117,0,servidor,0,0
697,202401,56,3494.0,2.2,0.171,0,0.126,1,CLT,0,0
698,202406,49,4459.0,1.0,0.432,1,0.369,1,aposentado,0,1
699,202305,23,2872.0,1.9,0.47,0,0.33,1,servidor,1,0
700,202301,25,2385.0,1.0,0.48,0,0.183,2,CLT,0,0
701,202408,46,6083.0,2.3,0.275,0,0.488,3,autonomo,0,0
702,202408,51,4419.0,2.7,0.288,1,0.109,0,servidor,0,0
703,202309,29,4653.0,7.2,0.15,0,0.244,2,autonomo,0,0
704,202412,29,7716.0,17.4,0.566,0,0.213,3,servidor,1,0
705,202411,27,2149.0,2.8,0.069,1,0.23,0,autonomo,0,0
706,202411,48,2763.0,11.8,0.287,0,0.524,1,CLT,0,0
707,202310,21,3940.0,13.6,0.096,0,0.309,0,CLT,1,0
708,202408,49,2746.0,0.6,0.134,1,0.394,1,servidor,1,0
709,202302,44,5386.0,11.4,0.459,0,0.497,2,CLT,1,0
710,202304,43,3315.0,0.2,0.233,0,0.781,1,servidor,0,0
711,202306,54,2217.0,2.0,0.647,1,0.085,3,CLT,0,0
712,202410,46,3763.0,3.4,0.059,0,0.04,1,CLT,0,0
713,202312,56,3965.0,0.1,0.269,0,0.395,2,CLT,1,0
714,202305,58,5810.0,5.5,0.145,0,0.117,0,CLT,0,0
715,202310,66,4432.0,1.8,0.222,1,0.338,1,autonomo,0,0
716,202408,60,4585.0,3.7,0.557,0,0.26,0,autonomo,1,0
717,202308,46,4273.0,3.9,0.254,1,0.21,1,autonomo,0,1
718,202411,45,3314.0,1.0,0.333,1,0.22,2,autonomo,0,1
719,202402,32,2545.0,2.7,0.38,2,0.17,1,servidor,1,1
720,202310,50,4207.0,1.5,0.154,0,0.655,1,autonomo,0,0
721,202304,27,3082.0,18.5,0.468,0,0.204,1,CLT,0,0
722,202302,66,8475.0,2.0,0.336,1,0.088,4,autonomo,1,0
723,202301,62,7123.0,2.5,0.582,2,0.358,0,CLT,1,0
724,202403,26,4996.0,5.1,0.393,0,0.036,2,autonomo,0,1
725,202303,59,4399.0,3.5,0.383,0,0.324,1,CLT,1,0
726,202411,26,3484.0,7.1,0.383,1,0.108,0,CLT,1,0
727,202401,56,1938.0,2.0,0.642,0,0.435,3,autonomo,1,0
728,202404,25,3268.0,13.7,0.613,1,0.248,2,autonomo,0,0
729,202411,44,3830.0,9.0,0.696,0,0.068,1,aposentado,1,0
730,202306,53,4084.0,7.8,0.157,0,0.381,0,CLT,1,0
731,202311,56,4604.0,6.3,0.69,0,0.433,0,autonomo,1,0
732,202306,41,5771.0,2.5,0.096,1,0.295,2,autonomo,0,0
733,202405,66,2576.0,0.5,0.359,0,0.384,2,autonomo,0,0
734,202409,58,2588.0,0.3,0.283,0,0.235,0,autonomo,0,0
735,202402,31,7521.0,3.5,0.207,0,0.633,1,CLT,1,0
736,202307,53,5353.0,3.5,0.507,2,0.838,3,servidor,0,1
737,202310,56,2995.0,3.7,0.215,0,0.431,1,autonomo,0,1
738,202412,37,3451.0,8.8,0.426,0,0.295,0,CLT,1,0
739,202310,57,3459.0,6.6,0.398,0,0.072,0,autonomo,1,0
740,202407,65,3699.0,1.4,0.308,0,0.007,1,autonomo,0,1
741,202408,61,4612.0,6.4,0.405,0,0.038,1,CLT,0,0
742,202408,58,12932.0,5.1,0.465,0,0.301,1,servidor,0,0
743,202309,52,4003.0,2.7,0.658,0,0.409,0,CLT,0,0
744,202311,34,5071.0,2.7,0.083,0,0.222,0,autonomo,0,0
745,202402,59,1567.0,2.8,0.097,0,0.535,1,aposentado,1,0
746,202409,38,2857.0,0.0,0.187,0,0.102,1,CLT,0,0
747,202309,47,6731.0,6.3,0.431,0,0.169,1,CLT,0,1
748,202302,36,4452.0,10.5,0.293,1,0.334,1,autonomo,1,0
749,202308,36,406.0,1.5,0.324,0,0.164,3,autonomo,0,1
750,202409,28,5100.0,9.9,0.759,0,0.39,0,CLT,0,1
751,202404,68,9500.0,2.9,0.042,0,0.168,1,servidor,0,0
752,202303,28,1342.0,28.3,0.224,1,0.224,3,CLT,1,0
753,202411,25,7783.0,3.3,0.401,0,0.192,0,CLT,0,0
754,202404,66,911.0,20.2,0.074,0,0.101,0,CLT,1,0
755,202303,48,5820.0,9.2,0.697,1,0.185,2,servidor,1,0
756,202310,42,3625.0,0.8,0.934,0,0.302,2,autonomo,0,1
757,202302,57,1124.0,3.0,0.106,0,0.262,0,servidor,1,0
758,202410,39,4551.0,5.1,0.203,0,0.164,2,autonomo,1,0
759,202406,27,6473.0,14.8,0.421,1,0.316,3,CLT,1,0
760,202304,56,4367.0,2.0,0.543,0,0.298,3,CLT,1,0
761,202304,29,4878.0,3.0,0.284,0,0.345,0,CLT,0,0
762,202311,48,2964.0,6.2,0.713,0,0.267,1,aposentado,1,1
763,202309,67,1436.0,0.3,0.67,1,0.356,4,CLT,0,1
764,202304,66,5146.0,11.0,0.547,0,0.3,0,CLT,1,0
765,202303,38,8733.0,3.6,0.511,0,0.188,1,CLT,1,0
766,202402,59,6405.0,0.4,0.249,0,0.469,2,autonomo,0,0
767,202404,51,1348.0,1.2,0.374,0,0.282,2,autonomo,0,0
768,202406,44,1707.0,13.8,0.33,0,0.216,0,servidor,0,0
769,202303,27,2385.0,1.5,0.191,0,0.739,2,CLT,0,0
770,202311,39,1642.0,4.9,0.56,0,0.169,2,servidor,0,0
771,202406,52,3722.0,1.4,0.28,0,0.641,1,CLT,0,0
772,202411,69,4432.0,5.0,0.133,0,0.134,1,CLT,1,0
773,202312,21,1781.0,2.7,0.223,0,0.218,0,servidor,0,0
774,202406,56,5370.0,3.8,0.434,1,0.22,2,aposentado,0,0
775,202301,62,4917.0,9.1,0.802,0,0.15,0,CLT,0,0
776,202302,67,2768.0,13.4,0.253,0,0.306,3,CLT,0,0
777,202410,41,3340.0,1.9,0.416,0,0.184,2,CLT,1,1
778,202308,26,1373.0,0.2,0.622,0,0.226,0,CLT,1,0
779,202303,34,3084.0,8.5,0.533,0,0.316,1,CLT,1,0
780,202310,62,3654.0,16.0,0.206,0,0.778,1,CLT,1,0
781,202408,64,3961.0,4.5,0.477,1,0.063,1,CLT,1,0
782,202407,52,4400.0,2.2,0.438,0,0.118,1,autonomo,0,0
783,202405,27,4114.0,6.8,0.147,0,0.118,1,servidor,1,0
784,202310,26,3190.0,5.4,0.455,0,0.368,2,CLT,1,0
785,202312,44,4201.0,0.7,0.601,0,0.236,1,CLT,0,0
786,202306,49,6009.0,2.3,0.296,1,0.365,1,CLT,1,0
787,202404,22,3471.0,5.5,0.088,0,0.102,2,CLT,1,0
788,202405,54,4268.0,7.2,0.596,0,0.277,4,CLT,1,0
789,202412,47,3317.0,8.6,0.306,1,0.428,2,CLT,1,0
790,202410,21,2635.0,2.4,0.337,0,0.127,0,autonomo,0,0
791,202311,25,4729.0,7.7,0.319,0,0.638,2,aposentado,0,0
792,202404,43,2758.0,7.5,0.581,1,0.1,3,servidor,0,0
793,202412,56,4416.0,0.4,0.268,0,0.438,0,CLT,1,0
794,202311,61,3693.0,0.1,0.146,0,0.207,1,aposentado,0,0
795,202303,42,3128.0,2.8,0.626,1,0.424,2,CLT,0,0
796,202403,35,3090.0,5.7,0.149,1,0.193,4,CLT,1,0
797,202306,68,2824.0,2.1,0.236,0,0.238,3,servidor,1,0
798,202301,43,1599.0,3.0,0.384,2,0.346,1,servidor,0,0
799,202307,36,4409.0,3.4,0.334,0,0.189,2,aposentado,0,0
800,202406,42,4088.0,0.2,0.715,0,0.088,0,CLT,1,1
801,202411,21,5568.0,5.4,0.462,0,0.098,1,servidor,1,0
802,202402,35,2791.0,3.3,0.756,1,0.029,2,servidor,0,0
803,202401,46,9393.0,1.1,0.604,0,0.193,1,aposentado,0,0
804,202311,66,3011.0,2.4,0.569,0,0.307,1,servidor,0,1
805,202305,57,2351.0,30.5,0.521,2,0.154,1,CLT,0,0
806,202306,59,2215.0,14.0,0.151,0,0.258,2,autonomo,0,0
807,202306,47,1530.0,14.6,0.042,1,0.541,2,CLT,0,0
808,202404,26,7835.0,4.7,0.535,0,0.053,0,CLT,1,0
809,202309,40,7227.0,2.4,0.162,0,0.374,0,CLT,1,0
810,202308,69,4917.0,2.0,0.581,2,0.166,0,CLT,1,0
811,202402,23,2326.0,0.1,0.517,0,0.118,1,servidor,1,0
812,202402,64,9006.0,9.1,0.182,2,0.26,2,CLT,1,0
813,202401,54,3054.0,0.5,0.647,2,0.457,3,CLT,0,1
814,202307,34,3183.0,3.0,0.239,0,0.324,1,autonomo,0,0
815,202402,59,7470.0,11.8,0.057,1,0.079,1,CLT,1,0
816,202301,62,5062.0,3.3,0.328,0,0.259,1,aposentado,0,0
817,202302,23,10944.0,0.1,0.259,0,0.255,2,autonomo,0,0
818,202306,26,4123.0,10.6,0.579,0,0.387,1,autonomo,0,0
819,202401,53,2985.0,0.6,0.41,0,0.448,2,CLT,0,1
820,202407,69,2681.0,5.3,0.031,0,0.151,5,CLT,1,0
821,202401,22,1446.0,1.1,0.205,1,0.305,0,CLT,0,1
822,202309,53,3168.0,2.7,0.787,2,0.227,4,servidor,0,1
823,202301,27,6453.0,1.9,0.22,1,0.232,3,CLT,0,0
824,202312,52,4912.0,3.2,0.336,0,0.14,3,autonomo,0,0
825,202311,51,3678.0,0.9,0.084,0,0.349,1,autonomo,0,1
826,202309,25,2214.0,2.2,0.066,1,0.114,0,CLT,0,0
827,202307,54,4078.0,3.9,0.431,0,0.141,0,CLT,0,0
828,202402,64,6041.0,2.3,0.22,0,0.476,1,CLT,1,0
829,202303,63,4516.0,0.9,0.302,0,0.382,2,autonomo,1,0
830,202311,22,3957.0,10.5,0.331,0,0.321,1,autonomo,0,0
831,202306,33,2444.0,12.9,0.193,1,0.305,0,CLT,0,0
832,202301,32,5617.0,13.6,0.404,1,0.434,0,CLT,0,0
833,202403,43,761.0,1.3,0.722,2,0.321,0,CLT,0,0
834,202403,28,4409.0,3.1,0.37,0,0.174,1,servidor,0,1
835,202302,62,13163.0,12.4,0.268,2,0.298,0,aposentado,0,0
836,202311,59,1713.0,26.2,0.074,1,0.333,2,CLT,0,0
837,202410,60,3227.0,0.6,0.601,3,0.276,2,servidor,1,1
838,202309,30,3627.0,5.0,0.037,0,0.112,1,CLT,1,0
839,202307,21,2889.0,0.8,0.133,0,0.344,1,CLT,0,0
840,202306,65,6113.0,5.3,0.496,0,0.48,0,CLT,0,0
841,202312,35,4611.0,2.5,0.612,0,0.23,1,servidor,0,1
842,202407,53,3929.0,13.3,0.381,0,0.696,3,CLT,0,0
843,202306,65,5424.0,0.4,0.527,0,0.093,2,servidor,0,0
844,202406,22,3672.0,2.0,0.202,0,0.309,0,servidor,1,0
845,202401,21,17853.0,4.2,0.095,0,0.193,2,servidor,0,0
846,202312,21,3927.0,2.2,0.374,0,0.349,2,servidor,1,0
847,202304,28,4014.0,3.3,0.685,0,0.154,4,CLT,1,0
848,202403,23,1548.0,1.0,0.371,0,0.343,1,CLT,1,0
849,202312,61,2775.0,8.5,0.584,0,0.5,2,aposentado,1,1
850,202402,50,6462.0,9.0,0.873,0,0.191,1,CLT,1,0
851,202306,69,1867.0,0.4,0.206,0,0.417,0,autonomo,1,0
852,202307,60,1238.0,5.6,0.167,1,0.075,2,CLT,0,0
853,202307,68,3700.0,3.6,0.329,1,0.24,1,autonomo,0,1
854,202407,32,7226.0,2.9,0.322,0,0.108,1,aposentado,1,0
855,202309,35,3719.0,6.2,0.408,1,0.303,2,CLT,0,1
856,202305,62,3078.0,12.0,0.18,1,0.159,1,servidor,1,0
857,202308,32,1438.0,4.6,0.037,1,0.551,1,CLT,1,0
858,202411,23,4565.0,0.6,0.25,0,0.165,1,servidor,1,0
859,202409,53,5068.0,0.3,0.333,0,0.306,1,autonomo,1,0
860,202412,60,1494.0,4.8,0.676,1,0.166,2,CLT,0,1
861,202409,68,6421.0,3.8,0.317,1,0.391,2,CLT,0,0
862,202311,66,5339.0,1.8,0.813,0,0.199,2,CLT,1,0
863,202402,26,6413.0,1.4,0.614,0,0.361,2,autonomo,0,0
864,202309,58,4874.0,2.6,0.472,2,0.047,0,aposentado,0,0
865,202407,62,5048.0,0.8,0.59,0,0.103,1,CLT,1,0
866,202309,55,4724.0,2.4,0.797,0,0.497,4,autonomo,1,1
867,202405,61,5621.0,1.3,0.166,1,0.139,0,CLT,0,0
868,202403,62,1466.0,1.0,0.551,0,0.197,1,autonomo,0,1
869,202401,42,1719.0,1.9,0.608,0,0.351,1,CLT,1,1
870,202309,22,2520.0,0.6,0.481,2,0.244,2,aposentado,0,1
871,202409,43,3412.0,16.4,0.331,0,0.174,3,servidor,0,0
872,202304,30,4421.0,1.3,0.602,1,0.191,2,autonomo,1,1
873,202305,26,4283.0,4.1,0.447,0,0.14,0,autonomo,1,1
874,202307,27,6365.0,17.7,0.551,0,0.584,2,autonomo,1,0
875,202301,55,6466.0,2.5,0.423,1,0.259,1,CLT,1,0
876,202302,45,2354.0,19.9,0.403,0,0.199,2,CLT,1,0
877,202312,47,4102.0,17.4,0.405,0,0.175,1,autonomo,0,0
878,202307,57,2383.0,7.8,0.392,0,0.827,2,autonomo,1,1
879,202302,47,3314.0,0.1,0.494,0,0.22,2,CLT,1,0
880,202307,51,4277.0,1.8,0.37,0,0.289,1,servidor,0,0
881,202410,25,662.0,8.2,0.121,0,0.222,2,CLT,0,1
882,202406,62,12157.0,1.9,0.529,0,0.139,3,autonomo,0,1
883,202311,42,4833.0,0.6,0.726,0,0.407,2,autonomo,1,0
884,202401,28,2703.0,0.5,0.468,1,0.506,0,CLT,1,1
885,202302,60,9544.0,2.8,0.246,2,0.297,1,servidor,1,0
886,202403,56,3060.0,3.4,0.5,1,0.311,0,servidor,0,0
887,202411,23,3890.0,2.1,0.688,0,0.195,1,aposentado,0,1
888,202411,30,2854.0,6.7,0.035,1,0.127,2,CLT,0,0
889,202304,21,8316.0,11.5,0.214,0,0.404,2,autonomo,1,0
890,202306,34,3455.0,1.3,0.228,0,0.169,0,servidor,1,0
891,202412,25,3924.0,4.0,0.122,0,0.212,2,autonomo,0,1
892,202307,55,6647.0,0.7,0.52,0,0.155,1,servidor,0,0
893,202301,46,4878.0,16.3,0.742,0,0.295,1,CLT,0,0
894,202405,69,3543.0,8.3,0.329,0,0.517,1,autonomo,0,0
895,202404,57,6344.0,9.5,0.127,1,0.241,2,autonomo,0,0
896,202311,50,12955.0,11.4,0.362,1,0.097,2,autonomo,0,0
897,202411,45,4267.0,2.1,0.542,1,0.328,3,autonomo,1,0
898,202408,23,3860.0,3.7,0.317,0,0.176,1,servidor,1,0
899,202401,24,3965.0,13.8,0.545,0,0.334,2,autonomo,1,1
900,202411,51,7011.0,8.9,0.391,0,0.201,1,autonomo,1,0
901,202401,21,2698.0,10.2,0.512,1,0.166,1,CLT,0,0
902,202407,23,3168.0,1.1,0.636,1,0.433,1,CLT,1,1
903,202410,31,1688.0,0.3,0.639,2,0.268,1,CLT,0,1
904,202309,64,2014.0,0.8,0.559,0,0.043,4,CLT,1,0
905,202404,43,2810.0,1.0,0.79,0,0.362,1,servidor,0,0
906,202309,55,3541.0,6.5,0.341,2,0.143,1,CLT,0,0
907,202408,41,8818.0,11.4,0.386,0,0.328,0,aposentado,0,0
908,202312,29,4760.0,2.6,0.313,0,0.095,0,autonomo,0,1
909,202406,39,2308.0,2.9,0.383,0,0.272,1,CLT,1,0
910,202402,25,2530.0,0.2,0.711,0,0.621,0,CLT,0,1
911,202301,58,7240.0,7.8,0.442,0,0.157,1,servidor,1,0
912,202401,29,6395.0,11.3,0.598,0,0.245,0,autonomo,0,0
913,202301,39,3693.0,7.7,0.238,0,0.63,4,CLT,0,0
914,202401,69,2918.0,4.4,0.592,0,0.198,2,CLT,1,0
915,202404,50,6390.0,1.4,0.536,0,0.418,3,autonomo,1,0
916,202412,43,2216.0,6.0,0.181,0,0.505,1,CLT,1,0
917,202405,47,4429.0,1.5,0.669,0,0.447,1,autonomo,1,0
918,202307,59,11343.0,1.3,0.201,0,0.154,1,CLT,1,0
919,202411,33,4035.0,2.7,0.18,0,0.573,2,CLT,1,1
920,202401,52,2471.0,3.7,0.594,0,0.478,3,CLT,1,0
921,202406,63,4470.0,2.7,0.309,0,0.071,0,CLT,0,0
922,202306,49,2878.0,1.9,0.449,0,0.246,1,CLT,1,0
923,202306,42,1813.0,7.5,0.157,0,0.549,0,servidor,1,0
924,202402,28,5169.0,2.2,0.188,0,0.255,0,CLT,1,0
925,202302,33,6367.0,11.1,0.326,0,0.172,1,aposentado,1,0
926,202405,67,3117.0,1.4,0.2,0,0.143,3,CLT,1,0
927,202307,47,3015.0,5.7,0.245,0,0.121,3,autonomo,1,0
928,202306,35,2251.0,0.0,0.468,0,0.56,1,autonomo,0,1
929,202310,41,3378.0,5.8,0.683,1,0.536,0,servidor,1,0
930,202305,49,2749.0,4.3,0.322,0,0.392,1,aposentado,0,0
931,202305,47,2196.0,5.0,0.382,0,0.255,0,autonomo,0,0
932,202307,55,9378.0,0.0,0.615,0,0.263,0,CLT,1,0
933,202308,33,4597.0,1.7,0.388,0,0.413,2,CLT,1,0
934,202311,52,4847.0,6.2,0.34,1,0.095,0,CLT,1,0
935,202301,42,5663.0,3.2,0.193,1,0.4,4,CLT,0,1
936,202408,67,5354.0,4.9,0.267,1,0.501,0,servidor,0,1
937,202403,28,2961.0,3.1,0.541,0,0.481,2,aposentado,0,1
938,202410,28,4173.0,8.1,0.351,0,0.389,1,autonomo,0,1
939,202408,43,3183.0,3.2,0.21,0,0.268,1,CLT,0,0
940,202305,45,4533.0,1.6,0.569,0,0.291,2,autonomo,1,0
941,202412,54,4319.0,1.2,0.599,1,0.256,2,autonomo,1,0
942,202307,40,3007.0,23.3,0.631,0,0.357,0,aposentado,0,0
943,202412,65,1873.0,3.2,0.288,1,0.187,1,CLT,1,0
944,202402,44,3917.0,6.6,0.662,0,0.322,3,servidor,0,0
945,202411,27,3287.0,13.8,0.322,0,0.352,1,autonomo,1,0
946,202401,26,1415.0,4.3,0.33,0,0.174,0,servidor,1,0
947,202411,68,4693.0,2.3,0.501,0,0.194,2,servidor,1,0
948,202307,27,5900.0,14.5,0.363,0,0.165,0,CLT,1,0
949,202401,67,12890.0,3.9,0.369,0,0.228,0,autonomo,1,0
950,202309,34,2994.0,6.2,0.537,1,0.399,3,CLT,0,1
951,202306,25,2781.0,3.3,0.295,0,0.297,2,autonomo,1,0
952,202305,35,2091.0,6.9,0.599,1,0.196,3,CLT,0,1
953,202402,51,4041.0,2.4,0.344,0,0.243,0,CLT,0,0
954,202403,41,4029.0,6.4,0.42,0,0.075,0,CLT,1,0
955,202306,59,2427.0,10.4,0.103,1,0.626,0,aposentado,0,1
956,202306,50,3336.0,4.3,0.471,0,0.236,0,autonomo,0,1
957,202401,40,1354.0,14.5,0.048,0,0.387,1,CLT,1,0
958,202410,52,5786.0,1.1,0.444,0,0.21,0,CLT,1,0
959,202412,68,2477.0,14.8,0.269,0,0.337,1,autonomo,0,0
960,202406,41,3578.0,6.2,0.746,0,0.35,3,autonomo,0,1
961,202408,28,1784.0,0.0,0.294,0,0.304,0,CLT,1,0
962,202405,41,2721.0,4.1,0.309,1,0.177,2,CLT,1,0
963,202312,62,3166.0,0.4,0.494,0,0.786,1,CLT,0,1
964,202311,31,3620.0,0.6,0.405,0,0.245,2,CLT,0,1
965,202410,67,4628.0,0.4,0.17,0,0.046,1,CLT,0,0
966,202406,49,7477.0,7.7,0.351,1,0.301,0,CLT,1,0
967,202402,50,5252.0,8.3,0.183,0,0.754,2,CLT,1,0
968,202309,36,5890.0,2.7,0.127,0,0.214,0,servidor,0,0
969,202311,66,7503.0,3.0,0.548,0,0.142,5,CLT,0,0
970,202404,22,4841.0,7.6,0.575,0,0.174,1,servidor,1,0
971,202411,35,3575.0,1.2,0.282,0,0.237,1,autonomo,0,0
972,202310,41,6030.0,0.2,0.171,0,0.418,2,aposentado,1,0
973,202407,44,6226.0,1.4,0.346,1,0.069,1,CLT,0,0
974,202311,44,5036.0,9.8,0.372,0,0.327,1,CLT,0,1
975,202309,28,1759.0,2.6,0.593,0,0.407,1,autonomo,0,1
976,202302,32,2391.0,8.3,0.265,0,0.205,1,servidor,1,0
977,202307,25,3173.0,15.8,0.224,1,0.254,1,CLT,1,1
978,202306,49,5377.0,0.2,0.108,1,0.561,3,CLT,0,0
979,202407,38,3602.0,4.6,0.384,0,0.443,1,CLT,0,0
980,202309,48,6428.0,7.4,0.416,0,0.207,3,CLT,1,0
981,202404,49,7028.0,0.9,0.25,0,0.375,0,autonomo,0,0
982,202403,55,6631.0,5.4,0.23,0,0.39,1,autonomo,1,0
983,202402,47,6653.0,1.9,0.608,0,0.485,0,autonomo,1,0
984,202403,52,2168.0,5.2,0.175,1,0.279,1,servidor,0,0
985,202308,49,4635.0,1.3,0.883,2,0.322,1,CLT,1,1
986,202304,52,2687.0,11.8,0.543,0,0.496,1,autonomo,1,0
987,202406,51,1596.0,14.4,0.637,0,0.276,3,CLT,0,0
988,202405,36,3153.0,0.6,0.318,0,0.212,0,servidor,1,0
989,202305,33,7061.0,11.1,0.075,0,0.115,0,servidor,1,0
990,202306,59,4584.0,3.5,0.658,0,0.419,3,CLT,1,0
991,202402,37,9986.0,0.8,0.299,2,0.215,0,servidor,0,1
992,202311,47,3978.0,1.3,0.139,0,0.413,2,CLT,0,0
993,202304,30,12381.0,11.9,0.468,1,0.507,0,aposentado,1,0
994,202408,42,3979.0,5.2,0.497,0,0.234,1,servidor,0,0
995,202307,46,3682.0,0.5,0.069,1,0.135,2,autonomo,1,0
996,202308,51,1920.0,4.0,0.674,0,0.253,1,autonomo,1,0
997,202307,46,6344.0,7.0,0.372,0,0.629,1,servidor,1,0
998,202403,38,2833.0,3.3,0.418,0,0.24,3,autonomo,0,0
999,202306,68,2635.0,1.7,0.233,0,0.263,1,CLT,1,0
1000,202407,46,6909.0,12.6,0.333,0,0.486,1,autonomo,0,0
1001,202407,60,6497.0,19.9,0.198,0,0.039,2,aposentado,1,0
1002,202405,57,6413.0,3.4,0.307,1,0.127,3,CLT,1,1
1003,202302,48,3038.0,4.0,0.384,1,0.275,1,CLT,0,0
1004,202309,64,3549.0,1.2,0.114,0,0.214,1,CLT,0,0
1005,202307,27,3534.0,7.3,0.232,0,0.281,0,CLT,0,0
1006,202407,66,5384.0,4.6,0.383,0,0.12,1,autonomo,1,0
1007,202408,62,7917.0,0.7,0.266,0,0.255,0,servidor,0,0
1008,202301,45,4377.0,4.1,0.714,0,0.418,2,CLT,0,1
1009,202301,56,9774.0,2.0,0.436,1,0.05,0,CLT,1,0
1010,202406,46,5702.0,1.7,0.196,0,0.229,2,autonomo,0,0
1011,202406,34,3238.0,4.0,0.756,0,0.092,1,aposentado,1,0
1012,202304,60,5510.0,1.0,0.634,1,0.125,1,autonomo,1,0
1013,202407,33,8544.0,10.3,0.397,0,0.285,1,CLT,0,1
1014,202305,36,9889.0,1.3,0.311,0,0.534,1,aposentado,0,0
1015,202308,46,6591.0,7.4,0.469,0,0.189,0,aposentado,1,0
1016,202304,62,3688.0,0.5,0.273,0,0.549,1,CLT,0,0
1017,202401,39,3267.0,7.0,0.389,1,0.176,0,servidor,1,0
1018,202404,45,4856.0,2.8,0.229,1,0.354,1,aposentado,1,0
1019,202305,23,8408.0,1.1,0.585,0,0.271,3,servidor,0,1
1020,202409,26,4523.0,16.5,0.086,3,0.079,1,servidor,1,0
1021,202408,23,4570.0,2.4,0.074,0,0.365,0,aposentado,1,0
1022,202306,24,3736.0,2.0,0.285,0,0.643,2,CLT,0,0
1023,202312,63,3090.0,6.2,0.345,0,0.085,1,CLT,0,0
1024,202311,62,3357.0,4.9,0.376,0,0.194,1,autonomo,0,0
1025,202312,61,3896.0,4.5,0.316,1,0.244,0,CLT,1,0
1026,202309,23,8596.0,10.4,0.231,0,0.099,4,CLT,1,0
1027,202411,24,3230.0,5.5,0.3,1,0.142,0,CLT,1,0
1028,202402,34,3738.0,2.6,0.303,1,0.346,2,autonomo,1,1
1029,202404,48,2362.0,4.1,0.124,0,0.314,0,autonomo,0,0
1030,202310,37,5210.0,1.0,0.525,1,0.361,1,aposentado,0,0
1031,202303,44,7211.0,5.9,0.549,0,0.216,2,CLT,1,1
1032,202304,29,8203.0,3.4,0.422,0,0.542,2,CLT,0,1
1033,202412,56,4031.0,2.4,0.411,0,0.257,2,CLT,0,0
1034,202407,36,4852.0,6.9,0.083,0,0.444,3,CLT,0,0
1035,202303,24,3372.0,15.8,0.16,0,0.302,1,CLT,1,0
1036,202401,57,4741.0,5.9,0.251,1,0.319,3,CLT,1,1
1037,202308,65,4260.0,1.7,0.272,1,0.553,0,CLT,0,0
1038,202309,21,3749.0,2.5,0.738,0,0.184,0,CLT,0,0
1039,202405,42,3901.0,9.9,0.667,0,0.364,5,CLT,1,1
1040,202407,61,4564.0,1.9,0.12,1,0.184,1,servidor,1,1
1041,202308,55,3143.0,5.0,0.344,0,0.165,0,aposentado,1,0
1042,202312,62,3225.0,2.8,0.268,0,0.463,2,autonomo,0,1
1043,202306,41,8550.0,0.6,0.024,1,0.185,0,CLT,1,0
1044,202410,39,14119.0,2.9,0.524,1,0.199,1,CLT,0,0
1045,202312,55,1994.0,1.5,0.297,1,0.134,1,autonomo,1,0
1046,202310,28,1940.0,3.0,0.489,1,0.387,2,aposentado,1,0
1047,202405,32,2256.0,7.6,0.878,2,0.325,2,servidor,0,1
1048,202310,50,3458.0,3.8,0.438,0,0.197,0,aposentado,1,0
1049,202401,53,5698.0,1.9,0.362,0,0.227,4,servidor,1,0
1050,202309,26,4893.0,0.2,0.134,0,0.054,2,CLT,0,0
1051,202311,45,3968.0,7.0,0.754,0,0.167,1,CLT,0,0
1052,202304,38,4743.0,9.4,0.186,1,0.102,0,autonomo,0,0
1053,202407,45,2576.0,0.5,0.09,1,0.318,1,autonomo,0,0
1054,202301,67,3223.0,5.7,0.746,0,0.292,1,servidor,1,0
1055,202307,24,3605.0,1.9,0.694,1,0.679,1,CLT,0,1
1056,202309,69,1649.0,0.6,0.425,3,0.257,2,servidor,1,0
1057,202402,43,2037.0,0.1,0.505,1,0.091,1,servidor,1,0
1058,202409,58,2078.0,9.8,0.442,0,0.411,0,servidor,1,0
1059,202411,41,5335.0,0.1,0.268,0,0.445,0,CLT,0,0
1060,202302,36,4116.0,1.7,0.324,0,0.191,0,servidor,0,0
1061,202407,58,4942.0,15.4,0.125,0,0.424,0,aposentado,0,0
1062,202308,54,1451.0,0.3,0.862,1,0.226,0,aposentado,1,0
1063,202407,28,1734.0,0.3,0.535,0,0.187,2,CLT,1,1
1064,202303,55,5073.0,1.2,0.152,3,0.146,1,CLT,0,0
1065,202303,57,907.0,16.1,0.649,1,0.261,1,CLT,0,0
1066,202411,40,6716.0,5.9,0.621,0,0.286,2,CLT,0,1
1067,202309,66,1463.0,3.8,0.369,0,0.339,1,servidor,0,0
1068,202304,52,5551.0,10.8,0.48,0,0.46,2,autonomo,1,0
1069,202401,37,2335.0,1.3,0.382,0,0.448,4,CLT,1,0
1070,202309,21,6152.0,5.5,0.141,0,0.795,2,aposentado,0,0
1071,202402,54,18107.0,2.9,0.609,1,0.303,2,autonomo,0,1
1072,202406,31,1168.0,1.3,0.398,1,0.037,0,autonomo,0,0
1073,202411,58,5155.0,4.0,0.833,0,0.506,2,CLT,0,1
1074,202310,46,1474.0,7.4,0.41,1,0.11,0,CLT,1,0
1075,202309,43,4507.0,3.4,0.805,0,0.184,0,CLT,0,1
1076,202405,29,3283.0,2.2,0.673,0,0.176,0,autonomo,0,1
1077,202409,55,3885.0,0.5,0.896,0,0.211,0,aposentado,0,0
1078,202305,29,2308.0,4.5,0.62,0,0.403,0,CLT,0,0
1079,202309,41,5379.0,1.8,0.481,0,0.016,1,CLT,0,0
1080,202308,61,1765.0,2.2,0.807,0,0.248,2,CLT,0,0
1081,202302,66,6774.0,2.2,0.028,1,0.509,0,CLT,0,0
1082,202412,69,2967.0,3.2,0.322,0,0.384,2,CLT,1,0
1083,202407,67,1806.0,2.8,0.328,1,0.206,1,CLT,1,1
1084,202405,48,8083.0,9.6,0.442,0,0.668,0,CLT,0,0
1085,202309,30,3520.0,3.8,0.283,0,0.44,0,servidor,1,1
1086,202403,62,9450.0,5.9,0.483,0,0.091,0,CLT,0,0
1087,202404,60,6705.0,4.3,0.049,0,0.262,2,autonomo,1,0
1088,202304,69,2443.0,0.2,0.067,0,0.233,1,autonomo,1,0
1089,202407,52,3489.0,1.6,0.668,0,0.024,0,CLT,1,0
1090,202312,27,3868.0,0.9,0.479,0,0.19,2,servidor,1,0
1091,202411,45,7810.0,4.0,0.191,1,0.111,2,CLT,0,1
1092,202302,42,4531.0,14.1,0.695,1,0.234,1,CLT,0,1
1093,202402,62,3976.0,0.7,0.615,0,0.33,2,CLT,0,0
1094,202402,40,3295.0,2.7,0.262,0,0.208,1,CLT,1,1
1095,202406,37,3550.0,3.9,0.358,2,0.414,2,servidor,0,1
1096,202406,24,6990.0,2.0,0.102,0,0.274,3,servidor,1,1
1097,202306,61,3648.0,4.8,0.53,0,0.454,1,CLT,1,1
1098,202410,58,2988.0,2.2,0.402,0,0.31,1,servidor,1,0
1099,202309,23,2746.0,2.7,0.522,0,0.144,1,servidor,1,0
1100,202309,42,2760.0,7.3,0.292,0,0.136,0,CLT,0,0
1101,202306,44,1806.0,3.4,0.321,0,0.426,2,CLT,0,1
1102,202301,43,2502.0,6.2,0.287,0,0.026,1,autonomo,0,0
1103,202411,66,7702.0,3.8,0.509,0,0.346,1,CLT,1,0
1104,202412,28,3284.0,1.2,0.35,0,0.462,0,autonomo,1,0
1105,202411,36,5178.0,2.1,0.3,1,0.26,2,CLT,0,0
1106,202402,29,1054.0,4.4,0.208,1,0.05,1,CLT,0,0
1107,202302,32,4838.0,2.7,0.801,0,0.25,1,CLT,1,1
1108,202307,65,3359.0,0.4,0.35,0,0.288,0,servidor,0,0
1109,202403,67,2862.0,4.6,0.421,0,0.66,1,autonomo,0,0
1110,202412,23,3986.0,5.6,0.263,0,0.487,0,aposentado,1,0
1111,202409,51,2842.0,1.2,0.21,0,0.268,1,aposentado,0,0
1112,202411,32,1259.0,11.6,0.246,2,0.165,1,CLT,0,0
1113,202302,30,5774.0,3.3,0.493,0,0.445,0,CLT,1,0
1114,202408,35,4111.0,0.6,0.6,0,0.291,1,CLT,0,0
1115,202403,30,3112.0,1.1,0.246,0,0.341,0,CLT,0,0
1116,202311,45,2246.0,3.6,0.443,0,0.025,1,CLT,1,0
1117,202312,69,1746.0,0.6,0.174,1,0.276,0,autonomo,0,1
1118,202410,49,4072.0,2.9,0.6,1,0.098,2,autonomo,0,1
1119,202408,56,8158.0,10.4,0.051,2,0.352,2,autonomo,0,1
1120,202410,45,4030.0,14.9,0.649,1,0.717,1,CLT,1,0
1121,202308,21,1824.0,9.0,0.376,0,0.25,0,servidor,1,0
1122,202303,25,4075.0,2.8,0.696,0,0.432,1,servidor,1,0
1123,202407,34,3545.0,8.5,0.609,0,0.206,0,autonomo,0,0
1124,202408,32,5608.0,5.9,0.596,0,0.24,0,CLT,0,0
1125,202305,62,4931.0,7.0,0.53,0,0.271,3,CLT,1,0
1126,202307,62,818.0,5.1,0.327,1,0.602,1,autonomo,1,0
1127,202410,62,4782.0,1.2,0.668,1,0.164,1,CLT,1,1
1128,202403,52,2205.0,5.9,0.37,0,0.204,4,CLT,1,1
1129,202409,48,1789.0,5.2,0.278,1,0.334,0,autonomo,0,1
1130,202409,52,3314.0,6.7,0.305,0,0.157,2,aposentado,0,0
1131,202311,40,4472.0,0.7,0.46,0,0.362,3,CLT,1,1
1132,202301,53,1603.0,2.7,0.173,0,0.203,1,CLT,0,0
1133,202308,59,5179.0,0.8,0.322,1,0.297,0,autonomo,0,0
1134,202407,58,5333.0,0.4,0.383,0,0.685,1,aposentado,1,0
1135,202404,51,3727.0,0.3,0.832,0,0.21,3,servidor,1,0
1136,202307,23,2359.0,10.2,0.898,0,0.258,1,CLT,1,0
1137,202402,56,2231.0,4.5,0.288,0,0.131,1,CLT,0,0
1138,202304,38,6081.0,4.5,0.269,0,0.119,2,autonomo,0,0
1139,202305,57,1710.0,26.6,0.879,1,0.496,0,CLT,1,0
1140,202302,47,6200.0,1.1,0.557,1,0.371,0,CLT,0,1
1141,202404,64,3352.0,3.2,0.406,0,0.114,2,CLT,0,1
1142,202304,37,3471.0,3.9,0.289,0,0.603,2,CLT,0,1
1143,202307,66,1550.0,7.1,0.309,0,0.288,2,CLT,1,0
1144,202401,62,3383.0,2.4,0.063,2,0.287,0,servidor,0,0
1145,202412,37,4948.0,4.0,0.413,0,0.414,0,CLT,1,0
1146,202312,44,1866.0,2.2,0.4,0,0.212,2,CLT,0,0
1147,202405,47,4672.0,10.9,0.367,0,0.229,0,autonomo,0,0
1148,202411,58,3807.0,4.4,0.595,1,0.176,0,autonomo,1,1
1149,202309,54,2639.0,12.3,0.399,1,0.195,1,CLT,1,0
1150,202308,62,5582.0,4.9,0.3,0,0.391,2,autonomo,0,0
1151,202407,39,1211.0,7.9,0.188,1,0.41,2,CLT,0,1
1152,202311,45,4330.0,6.1,0.569,1,0.26,1,CLT,0,1
1153,202404,42,8182.0,1.0,0.094,0,0.222,1,servidor,0,0
1154,202312,65,7480.0,1.4,0.149,0,0.095,1,servidor,1,0
1155,202309,35,4424.0,1.9,0.706,1,0.453,1,autonomo,0,0
1156,202309,49,3131.0,4.6,0.372,1,0.27,1,aposentado,1,0
1157,202406,26,2649.0,9.5,0.382,0,0.555,1,CLT,0,0
1158,202406,62,3129.0,5.1,0.217,0,0.217,1,CLT,1,0
1159,202408,39,4779.0,3.1,0.623,0,0.472,1,CLT,0,1
1160,202411,37,2432.0,1.1,0.731,0,0.084,2,autonomo,0,0
1161,202411,49,5317.0,3.2,0.612,0,0.35,0,CLT,0,0
1162,202409,45,10579.0,13.7,0.513,0,0.198,2,autonomo,1,0
1163,202312,62,3530.0,5.2,0.57,0,0.182,1,CLT,1,0
1164,202401,47,1859.0,1.8,0.182,0,0.355,1,CLT,0,0
1165,202311,46,1859.0,6.5,0.189,1,0.408,2,autonomo,0,0
1166,202311,26,5368.0,0.7,0.525,1,0.364,0,CLT,1,1
1167,202404,22,3534.0,5.8,0.422,0,0.17,2,CLT,1,0
1168,202402,40,5644.0,1.1,0.275,0,0.15,1,autonomo,1,0
1169,202402,69,2788.0,0.1,0.229,0,0.143,0,autonomo,1,0
1170,202412,65,5515.0,3.7,0.386,0,0.195,1,CLT,1,0
1171,202312,51,3364.0,6.8,0.186,0,0.107,0,CLT,0,0
1172,202308,51,2524.0,6.9,0.754,0,0.237,1,servidor,0,0
1173,202307,40,2979.0,9.1,0.338,0,0.431,0,autonomo,1,1
1174,202308,29,2001.0,3.4,0.24,0,0.436,3,servidor,1,0
1175,202310,21,9845.0,2.5,0.406,0,0.331,2,CLT,0,0
1176,202402,37,3470.0,5.5,0.475,0,0.161,0,CLT,1,1
1177,202406,36,5025.0,9.5,0.264,0,0.599,0,autonomo,0,1
1178,202304,30,2784.0,1.0,0.3,2,0.243,0,autonomo,0,1
1179,202404,33,2152.0,7.6,0.735,0,0.181,1,aposentado,1,0
1180,202408,22,3239.0,11.9,0.101,0,0.3,0,CLT,0,0
1181,202308,50,6314.0,8.3,0.515,1,0.22,0,autonomo,1,1
1182,202308,66,2806.0,2.2,0.09,1,0.131,2,autonomo,0,0
1183,202303,54,2356.0,7.4,0.816,0,0.058,0,CLT,0,0
1184,202301,42,3935.0,2.3,0.301,1,0.29,2,CLT,0,0
1185,202301,41,4673.0,1.8,0.211,0,0.439,1,CLT,1,0
1186,202303,36,8279.0,15.7,0.181,0,0.402,0,CLT,0,0
1187,202406,27,4345.0,4.3,0.495,2,0.093,3,aposentado,0,1
1188,202404,50,5024.0,8.6,0.301,0,0.63,1,servidor,0,0
1189,202309,48,5217.0,3.4,0.079,0,0.334,5,CLT,1,0
1190,202410,21,2046.0,3.0,0.822,0,0.141,1,autonomo,1,1
1191,202307,41,2249.0,5.5,0.654,0,0.194,1,CLT,1,0
1192,202301,34,2118.0,7.8,0.05,0,0.398,0,CLT,1,0
1193,202410,29,1870.0,5.5,0.586,0,0.168,0,CLT,1,0
1194,202305,55,5419.0,3.5,0.318,0,0.078,1,aposentado,0,0
1195,202410,46,4209.0,2.5,0.331,0,0.176,1,autonomo,0,1
1196,202405,52,3789.0,2.2,0.318,1,0.248,1,autonomo,0,1
1197,202412,55,996.0,0.3,0.341,1,0.057,0,autonomo,1,0
1198,202402,69,10176.0,5.8,0.15,1,0.179,1,aposentado,1,0
1199,202309,60,2328.0,4.7,0.045,0,0.311,2,autonomo,1,0
1200,202309,51,10157.0,1.5,0.197,1,0.019,1,CLT,1,0
1201,202311,64,1764.0,3.5,0.438,0,0.155,1,aposentado,1,0
1202,202404,44,2426.0,6.6,0.382,1,0.347,2,CLT,1,0
1203,202311,69,1210.0,2.6,0.257,0,0.126,1,aposentado,1,0
1204,202304,58,4364.0,14.2,0.288,0,0.285,0,servidor,1,0
1205,202305,52,2099.0,0.9,0.04,0,0.325,1,CLT,1,0
1206,202411,65,2129.0,1.7,0.903,2,0.401,3,CLT,0,0
1207,202305,46,1833.0,7.6,0.568,0,0.133,2,servidor,1,0
1208,202406,56,5371.0,7.4,0.465,0,0.369,4,CLT,1,1
1209,202406,34,5196.0,4.9,0.573,1,0.154,0,CLT,1,0
1210,202303,68,9009.0,4.1,0.537,0,0.06,0,CLT,1,0
1211,202406,51,2584.0,1.1,0.267,2,0.082,1,aposentado,0,0
1212,202305,59,4062.0,1.3,0.103,0,0.077,0,autonomo,0,0
1213,202309,43,1911.0,3.4,0.183,0,0.251,0,autonomo,1,0
1214,202408,63,3079.0,1.6,0.052,0,0.419,0,autonomo,0,1
1215,202303,24,2809.0,0.5,0.571,0,0.3,1,CLT,1,1
1216,202306,26,4593.0,6.0,0.721,1,0.597,3,CLT,1,1
1217,202409,45,6054.0,17.1,0.52,1,0.22,0,CLT,0,0
1218,202303,56,5976.0,2.8,0.197,0,0.415,0,autonomo,0,0
1219,202310,60,2389.0,2.6,0.554,1,0.366,4,servidor,0,1
1220,202304,42,5998.0,3.4,0.421,0,0.325,0,CLT,0,0
1221,202305,52,3562.0,1.0,0.678,1,0.45,2,CLT,1,0
1222,202307,48,3095.0,4.0,0.868,0,0.412,2,CLT,0,0
1223,202310,68,2555.0,5.1,0.296,1,0.041,1,aposentado,1,0
1224,202409,53,2752.0,1.0,0.133,1,0.172,0,autonomo,0,0
1225,202405,41,8701.0,3.1,0.434,0,0.147,3,CLT,0,1
1226,202407,68,4246.0,8.3,0.31,1,0.402,0,CLT,0,0
1227,202408,26,3973.0,1.0,0.241,0,0.258,0,CLT,1,0
1228,202409,69,3194.0,5.7,0.383,0,0.325,0,autonomo,1,0
1229,202412,28,12370.0,3.8,0.49,0,0.133,2,autonomo,0,0
1230,202409,35,6992.0,0.6,0.071,0,0.332,0,CLT,0,0
1231,202401,61,2539.0,2.3,0.365,0,0.203,0,aposentado,0,0
1232,202306,56,3175.0,2.3,0.469,1,0.081,3,autonomo,0,1
1233,202402,68,3271.0,1.3,0.701,0,0.339,2,servidor,0,1
1234,202310,57,3916.0,3.9,0.366,1,0.301,2,aposentado,1,0
1235,202301,52,2564.0,0.2,0.398,0,0.527,1,autonomo,0,0
1236,202402,37,4534.0,13.7,0.253,0,0.063,2,aposentado,1,0
1237,202402,21,7525.0,2.5,0.029,0,0.246,2,CLT,0,0
1238,202407,27,1888.0,3.0,0.11,0,0.173,2,servidor,0,0
1239,202404,35,2071.0,1.8,0.644,0,0.11,0,servidor,1,0
1240,202303,23,2860.0,1.0,0.498,1,0.159,2,servidor,1,0
1241,202303,45,2927.0,7.3,0.148,2,0.35,0,CLT,1,0
1242,202410,59,9890.0,3.2,0.438,0,0.489,0,autonomo,0,0
1243,202411,68,6008.0,1.8,0.284,1,0.231,1,CLT,0,0
1244,202406,44,5838.0,12.9,0.018,0,0.167,2,CLT,1,0
1245,202411,63,3190.0,6.2,0.31,1,0.491,2,CLT,0,0
1246,202403,69,3155.0,2.6,0.525,2,0.413,1,CLT,0,0
1247,202405,63,1762.0,9.2,0.473,0,0.192,3,autonomo,1,0
1248,202305,43,5382.0,6.1,0.725,1,0.145,1,CLT,0,1
1249,202409,36,4654.0,3.6,0.295,1,0.272,1,CLT,1,0
1250,202405,68,6926.0,9.0,0.412,1,0.224,0,CLT,0,0
1251,202304,32,3277.0,3.3,0.346,1,0.271,1,CLT,0,1
1252,202304,41,3392.0,2.0,0.276,0,0.124,3,servidor,0,0
1253,202310,24,3964.0,7.2,0.161,0,0.389,1,autonomo,0,1
1254,202301,59,5687.0,2.3,0.347,1,0.259,0,CLT,0,0
1255,202306,52,1746.0,5.2,0.435,0,0.707,2,servidor,0,0
1256,202305,25,5261.0,6.3,0.685,1,0.069,2,autonomo,1,0
1257,202301,31,3604.0,26.6,0.481,0,0.411,1,CLT,1,1
1258,202302,48,2145.0,10.4,0.766,0,0.385,2,CLT,1,1
1259,202311,47,1284.0,0.7,0.402,1,0.356,1,autonomo,0,0
1260,202404,60,3401.0,0.5,0.592,0,0.072,0,CLT,0,0
1261,202403,34,7509.0,8.3,0.288,0,0.331,1,CLT,1,0
1262,202408,66,8411.0,2.4,0.266,2,0.308,3,CLT,1,0
1263,202402,42,4349.0,0.1,0.735,2,0.318,4,autonomo,1,1
1264,202410,61,9711.0,5.5,0.372,0,0.149,2,CLT,1,0
1265,202307,32,3564.0,7.4,0.163,0,0.22,1,CLT,1,0
1266,202312,22,5864.0,0.9,0.796,1,0.454,2,autonomo,1,1
1267,202302,23,2906.0,4.2,0.41,0,0.671,0,CLT,1,0
1268,202312,39,2815.0,7.1,0.332,0,0.263,2,CLT,0,0
1269,202408,67,2595.0,1.1,0.097,0,0.061,2,autonomo,0,0
1270,202304,23,1300.0,0.6,0.501,0,0.136,1,servidor,0,0
1271,202408,39,6930.0,1.2,0.697,0,0.033,0,servidor,1,0
1272,202404,26,2642.0,5.9,0.592,0,0.137,2,CLT,1,0
1273,202310,66,2439.0,0.1,0.441,1,0.362,2,CLT,0,1
1274,202312,54,2018.0,3.9,0.341,0,0.261,0,CLT,0,1
1275,202410,58,3287.0,2.5,0.499,0,0.536,2,servidor,0,0
1276,202306,55,8793.0,3.4,0.294,0,0.061,2,CLT,0,0
1277,202406,53,10372.0,0.9,0.421,1,0.39,2,CLT,1,1
1278,202302,58,1587.0,2.2,0.504,1,0.118,1,autonomo,0,1
1279,202405,21,3050.0,3.1,0.47,0,0.536,0,autonomo,1,0
1280,202411,63,2171.0,0.2,0.578,0,0.548,2,CLT,1,0
1281,202307,57,5968.0,0.4,0.128,0,0.263,0,servidor,1,0
1282,202406,57,4202.0,14.8,0.068,0,0.384,1,CLT,1,0
1283,202309,40,2648.0,0.1,0.684,0,0.354,0,CLT,1,0
1284,202410,60,3775.0,8.8,0.746,0,0.602,1,servidor,1,0
1285,202412,39,2868.0,4.9,0.456,0,0.107,1,servidor,0,0
1286,202401,23,8161.0,0.1,0.359,0,0.196,0,CLT,1,0
1287,202301,65,4786.0,1.2,0.476,1,0.345,0,autonomo,0,0
1288,202412,32,5089.0,12.4,0.495,1,0.101,1,autonomo,0,0
1289,202410,25,960.0,0.1,0.578,0,0.382,1,CLT,0,0
1290,202409,51,3521.0,5.0,0.266,1,0.063,1,CLT,0,0
1291,202410,32,10318.0,4.9,0.334,2,0.136,1,CLT,0,0
1292,202301,63,7066.0,8.4,0.344,0,0.469,0,autonomo,1,0
1293,202404,42,1446.0,5.7,0.416,0,0.441,2,autonomo,1,0
1294,202409,21,3113.0,6.6,0.077,0,0.609,2,CLT,0,0
1295,202409,67,1997.0,3.0,0.383,0,0.185,1,CLT,1,0
1296,202407,46,8566.0,2.5,0.798,0,0.448,2,CLT,0,0
1297,202411,33,4114.0,4.8,0.444,0,0.421,0,autonomo,0,1
1298,202310,54,2480.0,2.2,0.656,0,0.572,2,autonomo,0,0
1299,202410,46,3704.0,3.1,0.389,0,0.388,1,CLT,1,0
1300,202411,22,989.0,4.2,0.139,1,0.161,0,CLT,1,0
1301,202301,58,2117.0,1.7,0.398,1,0.211,2,autonomo,1,0
1302,202407,40,3708.0,3.9,0.063,0,0.207,0,CLT,1,0
1303,202311,55,5557.0,1.3,0.144,1,0.275,3,CLT,1,0
1304,202401,64,1379.0,0.5,0.429,2,0.19,0,autonomo,1,1
1305,202311,50,3009.0,1.8,0.332,0,0.11,2,CLT,1,0
1306,202409,53,6032.0,0.5,0.222,1,0.254,1,autonomo,1,0
1307,202301,33,1762.0,0.9,0.205,0,0.261,3,CLT,1,0
1308,202406,32,4083.0,8.6,0.442,0,0.139,1,autonomo,1,0
1309,202410,41,3763.0,3.5,0.687,1,0.45,3,aposentado,1,0
1310,202309,62,8580.0,0.2,0.38,0,0.204,1,CLT,0,1
1311,202307,46,3245.0,20.3,0.836,1,0.189,2,autonomo,0,0
1312,202309,38,3342.0,0.8,0.803,0,0.285,3,CLT,1,1
1313,202402,59,5583.0,2.3,0.434,0,0.176,1,CLT,0,1
1314,202303,62,1876.0,0.7,0.221,0,0.102,2,CLT,0,0
1315,202411,65,3260.0,4.8,0.304,0,0.242,0,CLT,1,0
1316,202405,35,2899.0,4.0,0.35,1,0.195,0,servidor,1,0
1317,202302,55,3397.0,5.1,0.137,2,0.451,0,aposentado,0,1
1318,202411,49,5565.0,2.5,0.527,1,0.24,2,autonomo,0,0
1319,202404,42,4803.0,20.1,0.213,0,0.517,1,autonomo,0,0
1320,202307,40,2504.0,12.9,0.635,0,0.364,2,servidor,1,1
1321,202408,26,3899.0,9.8,0.69,0,0.375,0,CLT,0,0
1322,202305,34,7671.0,0.5,0.316,1,0.332,1,aposentado,1,0
1323,202401,47,2403.0,5.7,0.109,0,0.232,1,CLT,0,0
1324,202405,64,3915.0,13.5,0.558,0,0.294,0,autonomo,0,0
1325,202306,63,3306.0,7.7,0.621,1,0.656,1,CLT,0,0
1326,202405,30,3528.0,0.1,0.224,0,0.144,2,CLT,1,0
1327,202303,54,1611.0,7.2,0.499,0,0.125,2,servidor,0,0
1328,202311,25,7372.0,2.2,0.525,1,0.522,2,CLT,1,0
1329,202401,54,2472.0,4.3,0.097,1,0.277,2,CLT,1,0
1330,202307,37,6082.0,1.2,0.121,0,0.165,0,autonomo,0,0
1331,202308,43,2669.0,0.1,0.269,0,0.335,2,aposentado,0,0
1332,202304,56,2663.0,0.1,0.297,0,0.289,0,servidor,0,1
1333,202406,41,6678.0,3.3,0.582,0,0.33,1,servidor,1,0
1334,202411,60,5985.0,0.2,0.477,0,0.147,1,autonomo,1,0
1335,202410,47,4041.0,2.0,0.251,0,0.106,2,autonomo,0,0
1336,202307,69,5327.0,5.5,0.338,1,0.576,1,servidor,0,0
1337,202304,52,3152.0,6.6,0.485,0,0.437,1,servidor,0,0
1338,202312,35,3626.0,14.4,0.435,0,0.125,0,CLT,1,0
1339,202311,58,2615.0,8.2,0.193,0,0.443,1,CLT,0,0
1340,202403,40,5722.0,1.3,0.232,0,0.218,1,autonomo,0,0
1341,202403,47,2574.0,6.0,0.241,0,0.66,1,aposentado,0,0
1342,202310,27,7651.0,4.4,0.166,1,0.296,2,servidor,1,1
1343,202302,26,3109.0,2.5,0.554,0,0.289,0,servidor,1,0
1344,202301,49,3678.0,8.7,0.01,2,0.348,1,CLT,0,0
1345,202302,30,5321.0,2.5,0.383,1,0.318,0,CLT,1,0
1346,202311,69,3685.0,5.3,0.477,0,0.08,0,CLT,0,0
1347,202307,62,3137.0,1.3,0.561,0,0.381,2,autonomo,1,1
1348,202306,55,3587.0,5.4,0.532,0,0.143,1,CLT,0,0
1349,202410,57,5693.0,3.0,0.676,0,0.191,0,autonomo,0,0
1350,202402,50,2614.0,2.4,0.681,0,0.276,2,servidor,1,0
1351,202410,23,3418.0,3.0,0.599,0,0.296,0,CLT,0,0
1352,202402,40,3660.0,4.2,0.482,0,0.032,1,CLT,1,1
1353,202407,45,5610.0,10.8,0.555,1,0.326,1,CLT,1,0
1354,202304,65,3464.0,4.9,0.106,0,0.462,0,autonomo,1,0
1355,202410,31,8993.0,5.0,0.27,0,0.184,2,servidor,0,0
1356,202302,45,3367.0,0.5,0.396,0,0.249,1,CLT,0,0
1357,202305,37,3233.0,8.5,0.592,0,0.35,1,CLT,1,1
1358,202302,27,3343.0,6.8,0.149,0,0.179,2,aposentado,0,0
1359,202402,26,1885.0,0.2,0.61,1,0.044,0,aposentado,0,0
1360,202304,38,2168.0,13.8,0.193,0,0.165,3,aposentado,0,0
1361,202305,25,2792.0,1.9,0.141,0,0.024,0,aposentado,1,0
1362,202301,24,6425.0,0.3,0.535,1,0.107,5,servidor,0,0
1363,202402,38,3581.0,14.6,0.626,1,0.401,0,servidor,1,0
1364,202303,30,2857.0,1.3,0.372,2,0.184,0,CLT,0,1
1365,202410,48,6723.0,4.1,0.411,0,0.151,1,aposentado,1,0
1366,202306,21,7908.0,5.7,0.236,1,0.52,2,autonomo,0,1
1367,202308,35,6821.0,1.7,0.737,1,0.201,2,CLT,1,0
1368,202305,43,2377.0,9.1,0.355,0,0.261,2,servidor,0,0
1369,202407,68,2842.0,5.3,0.722,0,0.19,2,CLT,0,0
1370,202410,52,9017.0,5.0,0.116,1,0.089,1,autonomo,1,0
1371,202308,64,4107.0,4.8,0.567,0,0.286,1,CLT,0,0
1372,202408,37,3185.0,3.9,0.603,1,0.449,1,autonomo,0,1
1373,202405,43,5214.0,7.6,0.411,0,0.388,3,aposentado,0,0
1374,202304,41,6025.0,1.0,0.132,0,0.395,1,CLT,0,0
1375,202311,64,2736.0,3.0,0.346,0,0.366,2,CLT,1,0
1376,202411,68,4063.0,2.8,0.59,1,0.433,3,autonomo,0,1
1377,202304,68,5786.0,3.1,0.294,0,0.316,0,autonomo,1,0
1378,202407,57,2038.0,6.8,0.199,0,0.225,2,servidor,1,0
1379,202311,45,3663.0,5.4,0.362,0,0.26,0,CLT,1,0
1380,202406,47,2086.0,3.4,0.633,0,0.368,0,CLT,1,0
1381,202410,69,2227.0,4.1,0.102,0,0.344,2,servidor,0,0
1382,202410,34,2748.0,7.2,0.23,0,0.569,2,CLT,0,1
1383,202305,37,4622.0,12.3,0.488,2,0.134,2,autonomo,0,0
1384,202407,64,3099.0,1.4,0.198,0,0.071,2,autonomo,1,0
1385,202301,39,2633.0,8.4,0.412,1,0.457,3,autonomo,1,1
1386,202311,32,3736.0,2.3,0.89,1,0.462,2,CLT,1,1
1387,202310,48,2052.0,9.9,0.935,1,0.269,2,CLT,0,1
1388,202405,36,4512.0,5.1,0.507,1,0.172,0,aposentado,0,1
1389,202410,64,6411.0,1.5,0.387,0,0.04,1,autonomo,0,0
1390,202301,65,3500.0,5.5,0.714,0,0.332,3,autonomo,1,1
1391,202306,35,3290.0,2.6,0.37,1,0.275,3,servidor,0,0
1392,202305,46,4388.0,1.8,0.466,0,0.224,1,CLT,0,1
1393,202303,69,1320.0,4.8,0.029,0,0.118,0,CLT,0,0
1394,202402,57,4762.0,2.9,0.733,0,0.478,1,CLT,1,1
1395,202406,31,17170.0,0.7,0.272,0,0.656,1,CLT,0,0
1396,202306,49,3424.0,11.5,0.7,0,0.464,2,CLT,0,1
1397,202411,51,3430.0,3.2,0.199,0,0.079,0,CLT,1,0
1398,202410,53,5281.0,1.2,0.308,0,0.326,1,autonomo,0,0
1399,202310,22,8289.0,1.5,0.283,1,0.509,1,autonomo,1,1
1400,202309,35,5928.0,3.0,0.195,0,0.54,3,servidor,0,1
1401,202305,62,1239.0,14.7,0.375,0,0.217,0,autonomo,0,0
1402,202308,32,4826.0,4.4,0.671,2,0.209,1,autonomo,0,0
1403,202307,35,13174.0,0.2,0.081,1,0.587,1,CLT,1,0
1404,202405,36,4970.0,0.4,0.334,0,0.425,1,CLT,0,1
1405,202310,29,2044.0,7.5,0.511,0,0.372,0,servidor,0,0
1406,202310,28,4192.0,1.6,0.397,0,0.384,3,aposentado,0,1
1407,202412,38,1919.0,8.4,0.33,0,0.273,1,CLT,1,0
1408,202408,63,6744.0,1.3,0.523,0,0.222,2,autonomo,1,0
1409,202408,21,2258.0,7.4,0.222,0,0.327,0,CLT,0,0
1410,202405,34,3779.0,1.8,0.113,1,0.149,2,CLT,0,0
1411,202304,23,2371.0,3.5,0.764,0,0.12,2,autonomo,0,1
1412,202404,48,2770.0,3.5,0.53,0,0.287,0,CLT,0,1
1413,202312,33,7655.0,3.4,0.082,0,0.427,1,aposentado,1,0
1414,202403,59,3834.0,5.5,0.165,0,0.556,2,aposentado,1,0
1415,202306,49,2753.0,0.3,0.373,0,0.234,1,CLT,0,1
1416,202411,59,2054.0,1.8,0.409,2,0.414,0,autonomo,0,1
1417,202304,52,1428.0,0.3,0.097,0,0.069,2,CLT,1,0
1418,202410,42,1948.0,11.9,0.691,0,0.084,0,CLT,1,0
1419,202303,63,3851.0,3.0,0.139,0,0.125,0,CLT,0,0
1420,202309,44,5944.0,6.9,0.099,1,0.474,2,CLT,0,0
1421,202302,67,2751.0,0.9,0.28,0,0.599,1,CLT,0,0
1422,202412,69,7985.0,0.4,0.318,1,0.114,3,CLT,0,1
1423,202310,49,2543.0,3.4,0.609,1,0.433,2,CLT,1,1
1424,202410,54,3232.0,3.3,0.541,0,0.61,2,CLT,0,0
1425,202309,33,2122.0,2.3,0.602,0,0.482,0,servidor,1,0
1426,202404,60,5975.0,4.1,0.353,0,0.071,1,servidor,1,0
1427,202401,53,10392.0,1.4,0.402,1,0.202,1,CLT,0,0
1428,202412,65,1509.0,12.0,0.404,1,0.261,0,CLT,0,1
1429,202404,34,3062.0,1.1,0.331,0,0.259,1,autonomo,0,1
1430,202301,59,6853.0,5.3,0.204,0,0.342,1,autonomo,1,0
1431,202306,44,1766.0,13.0,0.044,0,0.415,3,CLT,0,0
1432,202307,30,4834.0,1.7,0.703,0,0.427,1,autonomo,1,0
1433,202305,29,6706.0,5.3,0.171,0,0.173,0,CLT,0,0
1434,202305,48,3786.0,1.3,0.399,0,0.13,1,CLT,1,0
1435,202301,36,4794.0,8.8,0.391,0,0.43,3,CLT,1,0
1436,202406,25,8782.0,0.8,0.395,0,0.317,2,CLT,0,1
1437,202408,41,9645.0,4.0,0.28,0,0.304,1,autonomo,1,1
1438,202401,52,3530.0,7.4,0.502,0,0.075,0,autonomo,0,0
1439,202406,36,2790.0,2.5,0.697,0,0.672,1,servidor,1,0
1440,202307,67,2298.0,6.3,0.553,0,0.16,0,servidor,1,0
1441,202406,59,5934.0,17.4,0.548,0,0.114,2,autonomo,1,0
1442,202407,46,1834.0,1.2,0.117,0,0.297,0,autonomo,1,0
1443,202304,66,3209.0,7.7,0.736,0,0.055,2,CLT,0,1
1444,202301,42,3833.0,17.9,0.456,0,0.341,1,servidor,1,0
1445,202305,27,2831.0,3.2,0.617,1,0.32,1,CLT,1,1
1446,202407,22,4188.0,0.5,0.334,0,0.189,0,autonomo,0,0
1447,202403,66,13125.0,2.6,0.913,3,0.463,1,autonomo,1,1
1448,202406,68,3426.0,0.4,0.482,0,0.161,2,CLT,0,0
1449,202305,57,2929.0,8.3,0.21,0,0.391,1,servidor,1,0
1450,202403,26,6049.0,6.0,0.136,0,0.201,1,autonomo,1,0
1451,202404,35,4104.0,2.2,0.078,0,0.366,1,CLT,1,0
1452,202312,23,7478.0,0.8,0.52,0,0.438,2,servidor,0,0
1453,202406,23,3953.0,14.1,0.329,0,0.241,2,CLT,1,1
1454,202401,33,3216.0,1.9,0.608,0,0.388,1,autonomo,0,0
1455,202409,49,1492.0,8.5,0.634,1,0.234,0,CLT,1,1
1456,202410,24,1620.0,6.5,0.309,0,0.275,0,autonomo,0,0
1457,202402,69,1454.0,10.1,0.127,0,0.177,4,aposentado,1,0
1458,202310,43,4401.0,4.2,0.731,0,0.461,0,CLT,0,1
1459,202401,33,1842.0,6.4,0.313,0,0.315,2,CLT,0,0
1460,202306,46,6821.0,2.2,0.592,0,0.364,1,autonomo,1,0
1461,202412,59,3696.0,5.4,0.241,0,0.244,1,autonomo,0,0
1462,202305,36,3222.0,13.4,0.126,1,0.407,0,servidor,0,1
1463,202405,23,2388.0,2.3,0.443,0,0.526,1,servidor,0,1
1464,202305,23,4970.0,0.6,0.37,1,0.238,2,servidor,0,1
1465,202408,62,2435.0,0.4,0.456,0,0.242,1,servidor,0,0
1466,202407,26,2225.0,10.8,0.211,0,0.24,0,CLT,0,1
1467,202306,52,6596.0,17.1,0.297,1,0.31,1,CLT,0,0
1468,202301,39,4347.0,9.3,0.774,1,0.242,1,CLT,0,0
1469,202402,59,3237.0,2.3,0.749,0,0.421,5,CLT,0,1
1470,202409,23,5018.0,2.4,0.366,0,0.096,0,aposentado,0,0
1471,202309,64,3657.0,2.5,0.099,1,0.221,1,CLT,0,0
1472,202411,55,4409.0,10.3,0.307,0,0.276,2,CLT,0,0
1473,202401,43,2420.0,7.3,0.468,2,0.242,1,CLT,0,1
1474,202407,31,10252.0,4.1,0.618,0,0.014,2,autonomo,1,0
1475,202310,68,2725.0,1.4,0.356,0,0.348,0,CLT,0,0
1476,202308,35,7927.0,1.3,0.482,0,0.317,2,autonomo,1,0
1477,202308,45,3313.0,9.3,0.301,0,0.603,0,servidor,1,0
1478,202308,40,5451.0,0.7,0.234,0,0.09,1,CLT,0,0
1479,202307,32,5256.0,1.9,0.651,0,0.064,1,CLT,1,0
1480,202305,41,6460.0,3.3,0.957,1,0.168,0,CLT,1,0
1481,202401,28,2392.0,3.0,0.769,0,0.434,3,CLT,0,1
1482,202407,21,6234.0,9.4,0.364,1,0.317,2,servidor,1,0
1483,202402,35,9166.0,0.3,0.525,0,0.148,1,autonomo,0,1
1484,202309,26,3199.0,10.2,0.114,0,0.262,2,autonomo,0,0
1485,202303,41,3705.0,2.0,0.323,2,0.04,1,servidor,1,0
1486,202411,63,2803.0,5.8,0.249,0,0.231,0,CLT,0,0
1487,202301,28,3062.0,8.5,0.527,0,0.25,1,autonomo,1,0
1488,202312,21,8567.0,0.7,0.268,0,0.255,2,CLT,1,0
1489,202304,26,2204.0,0.7,0.346,0,0.095,2,CLT,0,0
1490,202305,45,2273.0,12.7,0.426,1,0.538,1,CLT,1,0
1491,202304,34,8147.0,4.4,0.104,0,0.171,4,CLT,1,0
1492,202307,44,4975.0,3.6,0.348,0,0.716,2,CLT,1,0
1493,202403,22,10511.0,1.1,0.174,0,0.097,1,autonomo,1,0
1494,202312,37,2907.0,0.9,0.347,1,0.641,0,autonomo,1,0
1495,202401,41,3878.0,2.6,0.597,1,0.13,0,CLT,0,1
1496,202407,42,2617.0,9.1,0.276,0,0.112,0,autonomo,1,0
1497,202302,48,3911.0,6.8,0.452,1,0.219,0,CLT,0,1
1498,202306,59,1500.0,0.9,0.292,0,0.568,1,aposentado,1,0
1499,202306,43,5128.0,5.0,0.097,0,0.313,3,aposentado,1,0
1500,202307,62,4280.0,0.3,0.398,0,0.323,3,autonomo,1,0
1501,202310,46,3538.0,9.3,0.241,0,0.162,1,CLT,1,0
1502,202403,33,2995.0,3.6,0.175,0,0.138,1,CLT,1,0
1503,202305,32,2328.0,0.7,0.135,1,0.339,4,autonomo,1,0
1504,202410,36,5239.0,4.4,0.427,1,0.416,0,CLT,1,0
1505,202312,50,2027.0,2.5,0.751,2,0.203,2,servidor,1,0
1506,202409,32,4703.0,4.0,0.792,0,0.138,1,CLT,1,0
1507,202405,65,10272.0,10.9,0.256,0,0.232,2,CLT,1,0
1508,202310,44,7652.0,8.8,0.182,0,0.263,0,autonomo,1,0
1509,202302,63,1715.0,8.5,0.528,1,0.332,0,autonomo,1,0
1510,202410,54,2784.0,9.6,0.462,0,0.119,2,CLT,0,1
1511,202309,37,4495.0,2.3,0.439,0,0.413,1,servidor,1,0
1512,202412,32,3515.0,20.0,0.708,0,0.249,2,CLT,1,0
1513,202407,57,1809.0,2.8,0.64,0,0.189,2,autonomo,1,0
1514,202310,37,4415.0,24.8,0.38,0,0.111,0,CLT,1,0
1515,202404,33,3623.0,2.2,0.362,0,0.815,2,CLT,0,0
1516,202303,66,9482.0,1.2,0.275,0,0.596,2,CLT,1,0
1517,202312,44,3208.0,3.6,0.202,0,0.295,1,autonomo,1,0
1518,202311,23,6529.0,0.0,0.789,1,0.317,0,CLT,1,0
1519,202404,45,1932.0,4.3,0.452,1,0.2,0,CLT,1,0
1520,202312,43,2178.0,9.6,0.365,0,0.015,1,servidor,1,0
1521,202406,63,5223.0,0.2,0.399,0,0.12,0,servidor,0,0
1522,202303,55,6260.0,9.3,0.499,0,0.482,1,autonomo,0,0
1523,202408,30,2256.0,4.2,0.339,0,0.025,2,autonomo,0,0
1524,202408,28,3685.0,2.3,0.21,2,0.38,1,servidor,1,0
1525,202406,50,1825.0,13.3,0.103,0,0.545,1,CLT,0,0
1526,202308,23,3326.0,0.1,0.274,0,0.105,0,CLT,1,0
1527,202404,36,5533.0,4.8,0.223,0,0.4,1,CLT,1,0
1528,202403,27,2929.0,3.2,0.492,2,0.238,1,servidor,0,1
1529,202308,22,3215.0,5.0,0.427,0,0.666,2,autonomo,0,0
1530,202303,66,2070.0,10.4,0.789,1,0.091,0,CLT,1,0
1531,202302,25,2633.0,6.5,0.596,0,0.43,0,servidor,0,1
1532,202408,21,8770.0,1.1,0.242,0,0.423,3,CLT,1,0
1533,202404,66,3776.0,1.2,0.552,1,0.098,0,CLT,0,1
1534,202312,30,2206.0,5.5,0.649,0,0.632,0,CLT,0,1
1535,202303,61,3111.0,4.9,0.446,2,0.174,2,CLT,1,0
1536,202412,22,1638.0,1.1,0.436,1,0.141,3,CLT,0,1
1537,202407,28,2193.0,12.9,0.337,1,0.036,2,CLT,0,0
1538,202411,26,7188.0,11.2,0.197,0,0.184,3,autonomo,1,0
1539,202410,55,3391.0,0.1,0.125,0,0.205,3,autonomo,0,0
1540,202402,51,9371.0,1.1,0.226,0,0.277,0,autonomo,1,0
1541,202405,44,3471.0,2.1,0.173,0,0.348,0,CLT,0,0
1542,202410,32,3576.0,3.1,0.17,0,0.307,1,autonomo,0,0
1543,202309,25,5016.0,2.0,0.201,0,0.329,0,servidor,0,0
1544,202412,48,957.0,1.3,0.218,2,0.082,0,CLT,0,0
1545,202305,32,4034.0,0.9,0.041,0,0.078,1,CLT,1,0
1546,202305,49,3553.0,5.0,0.255,0,0.179,1,CLT,0,0
1547,202311,54,7654.0,7.0,0.268,0,0.038,1,autonomo,0,1
1548,202312,62,5898.0,4.4,0.264,1,0.206,1,CLT,1,0
1549,202406,45,2066.0,1.0,0.635,1,0.192,2,CLT,0,1
1550,202304,21,6776.0,5.9,0.259,1,0.322,4,servidor,0,0
1551,202408,34,3193.0,0.1,0.575,1,0.339,2,autonomo,1,1
1552,202301,62,2316.0,21.1,0.149,1,0.212,1,servidor,0,0
1553,202411,47,4018.0,9.2,0.525,0,0.339,0,CLT,0,0
1554,202410,51,3290.0,1.4,0.623,0,0.235,0,autonomo,0,0
1555,202307,43,7858.0,0.3,0.089,0,0.228,1,autonomo,1,0
1556,202306,28,4317.0,2.0,0.506,1,0.265,0,CLT,0,1
1557,202311,64,4035.0,4.9,0.339,0,0.053,2,CLT,0,0
1558,202302,58,5712.0,6.0,0.603,1,0.285,1,CLT,0,0
1559,202412,69,6288.0,1.4,0.512,1,0.347,1,CLT,1,0
1560,202407,62,5387.0,4.5,0.628,1,0.437,0,autonomo,0,0
1561,202308,35,7404.0,0.4,0.638,0,0.406,2,CLT,1,0
1562,202305,33,4936.0,7.4,0.33,0,0.225,3,CLT,1,0
1563,202306,33,3959.0,3.9,0.358,0,0.375,2,CLT,1,0
1564,202401,66,6765.0,3.7,0.103,0,0.599,1,CLT,1,0
1565,202302,48,3479.0,2.8,0.369,0,0.285,1,autonomo,0,1
1566,202410,43,3702.0,8.6,0.686,0,0.173,1,CLT,0,0
1567,202411,68,8611.0,11.3,0.688,0,0.182,0,servidor,0,0
1568,202308,50,8192.0,0.8,0.403,0,0.152,1,servidor,1,0
1569,202402,65,3626.0,2.1,0.807,1,0.042,2,CLT,1,1
1570,202412,69,2902.0,0.1,0.473,0,0.18,1,CLT,0,0
1571,202307,24,7567.0,1.8,0.221,0,0.353,2,CLT,0,0
1572,202311,38,5433.0,1.4,0.195,0,0.441,2,autonomo,1,0
1573,202403,56,4263.0,0.4,0.689,1,0.153,0,CLT,1,0
1574,202309,60,3100.0,0.4,0.089,0,0.35,0,CLT,1,0
1575,202407,28,4298.0,6.4,0.633,0,0.202,1,autonomo,1,0
1576,202408,36,3602.0,2.4,0.473,0,0.163,0,CLT,0,0
1577,202407,47,2612.0,6.0,0.243,0,0.11,0,autonomo,1,0
1578,202309,60,3884.0,2.6,0.938,0,0.351,1,CLT,0,0
1579,202303,26,4158.0,2.9,0.417,0,0.231,1,CLT,0,1
1580,202301,50,3018.0,4.3,0.31,1,0.321,0,autonomo,0,0
1581,202305,35,5721.0,0.4,0.363,0,0.191,1,autonomo,0,1
1582,202409,31,6936.0,6.0,0.512,0,0.404,0,CLT,1,0
1583,202301,46,5913.0,0.5,0.723,1,0.306,0,CLT,1,0
1584,202303,41,3171.0,0.6,0.17,1,0.12,1,CLT,0,0
1585,202304,52,5313.0,0.6,0.387,0,0.018,1,aposentado,1,0
1586,202407,36,3786.0,4.5,0.453,0,0.216,2,autonomo,1,0
1587,202305,61,1963.0,1.3,0.181,0,0.299,1,CLT,0,0
1588,202303,24,5097.0,3.9,0.476,0,0.186,2,autonomo,0,1
1589,202304,63,3917.0,3.4,0.287,1,0.247,1,CLT,0,0
1590,202404,22,13317.0,2.7,0.209,0,0.175,1,autonomo,1,0
1591,202408,57,7545.0,0.8,0.701,0,0.128,1,servidor,0,0
1592,202405,37,5196.0,0.2,0.617,0,0.201,1,autonomo,0,0
1593,202312,39,4124.0,2.7,0.376,0,0.375,2,autonomo,0,1
1594,202412,21,3952.0,6.4,0.23,0,0.044,0,CLT,1,0
1595,202303,55,2204.0,1.8,0.374,0,0.246,4,autonomo,1,0
1596,202406,29,1526.0,2.0,0.066,0,0.27,0,CLT,0,0
1597,202401,53,2354.0,2.7,0.702,0,0.117,2,autonomo,1,1
1598,202301,56,3555.0,2.9,0.189,0,0.308,1,autonomo,1,0
1599,202312,62,1271.0,1.3,0.33,0,0.366,1,CLT,0,0
1600,202307,55,2773.0,2.8,0.413,0,0.165,4,aposentado,1,1
1601,202408,35,3217.0,9.9,0.832,0,0.391,1,CLT,0,0
1602,202308,57,3269.0,0.9,0.502,0,0.06,0,CLT,1,0
1603,202408,61,2615.0,3.9,0.523,0,0.664,2,servidor,0,1
1604,202308,36,3069.0,9.6,0.72,1,0.019,0,aposentado,1,0
1605,202305,27,8621.0,16.9,0.337,0,0.453,0,aposentado,1,0
1606,202403,64,5070.0,5.3,0.476,0,0.381,2,servidor,0,0
1607,202302,28,2751.0,2.6,0.32,0,0.375,1,CLT,1,0
1608,202402,50,3519.0,0.3,0.358,0,0.2,0,CLT,0,0
1609,202305,32,3590.0,0.0,0.444,1,0.593,4,CLT,1,1
1610,202311,27,2480.0,1.3,0.314,1,0.064,2,autonomo,1,0
1611,202302,59,2479.0,2.3,0.416,1,0.054,0,aposentado,1,0
1612,202309,28,6035.0,13.4,0.396,0,0.106,0,servidor,0,0
1613,202310,53,2952.0,3.4,0.442,1,0.142,2,servidor,0,0
1614,202307,54,2106.0,4.0,0.255,0,0.264,1,CLT,0,1
1615,202309,23,3563.0,4.6,0.212,1,0.386,2,CLT,0,1
1616,202302,29,3862.0,1.1,0.222,0,0.093,1,CLT,0,1
1617,202312,59,1358.0,0.4,0.111,0,0.081,1,CLT,1,0
1618,202303,45,3568.0,1.5,0.374,0,0.5,2,autonomo,1,0
1619,202301,26,5619.0,11.8,0.308,0,0.23,3,CLT,1,0
1620,202305,69,4562.0,0.6,0.209,0,0.13,2,autonomo,0,0
1621,202402,33,11102.0,1.6,0.228,0,0.533,3,CLT,0,0
1622,202407,21,6806.0,1.9,0.316,2,0.248,1,CLT,0,0
1623,202306,66,7514.0,5.3,0.472,0,0.434,1,CLT,1,0
1624,202403,21,14765.0,4.1,0.205,1,0.415,1,autonomo,1,0
1625,202308,48,5319.0,5.3,0.38,0,0.233,2,autonomo,0,0
1626,202306,69,3950.0,5.0,0.447,0,0.256,1,CLT,0,0
1627,202401,49,5925.0,5.0,0.352,0,0.117,0,aposentado,0,0
1628,202302,49,2753.0,0.7,0.553,1,0.689,2,CLT,1,1
1629,202406,40,3842.0,19.2,0.731,0,0.325,2,aposentado,0,0
1630,202307,27,2634.0,6.8,0.119,1,0.34,0,autonomo,0,0
1631,202310,49,4443.0,1.7,0.762,0,0.144,2,CLT,1,0
1632,202407,64,2628.0,7.5,0.25,1,0.273,3,servidor,1,0
1633,202404,25,2583.0,11.6,0.411,0,0.39,0,autonomo,1,0
1634,202304,64,4477.0,13.1,0.128,0,0.027,1,autonomo,0,0
1635,202308,41,3399.0,10.1,0.248,0,0.106,1,CLT,0,0
1636,202310,47,1389.0,3.2,0.561,0,0.181,1,CLT,1,1
1637,202412,29,1759.0,1.6,0.53,0,0.252,2,CLT,0,0
1638,202306,51,2052.0,1.7,0.393,1,0.424,3,autonomo,0,0
1639,202408,29,2341.0,14.2,0.171,0,0.676,1,autonomo,1,1
1640,202301,34,4479.0,9.7,0.444,0,0.373,2,CLT,1,0
1641,202401,56,4062.0,3.0,0.856,0,0.244,2,autonomo,0,0
1642,202402,23,6202.0,2.5,0.337,0,0.234,3,autonomo,0,0
1643,202306,42,5305.0,2.4,0.39,0,0.333,0,autonomo,0,0
1644,202410,50,6223.0,4.8,0.63,0,0.318,0,CLT,1,0
1645,202402,27,4935.0,13.7,0.174,0,0.282,3,CLT,1,0
1646,202309,35,4043.0,1.6,0.724,1,0.261,0,CLT,1,0
1647,202409,37,6309.0,6.5,0.333,0,0.416,3,CLT,0,0
1648,202309,53,5766.0,4.0,0.069,0,0.367,1,CLT,1,0
1649,202308,68,4394.0,3.9,0.411,0,0.168,1,autonomo,0,0
1650,202403,61,6874.0,13.0,0.551,0,0.353,1,CLT,0,0
1651,202411,30,1127.0,10.7,0.494,0,0.244,2,aposentado,1,0
1652,202305,21,3149.0,6.0,0.808,0,0.056,2,CLT,1,1
1653,202405,23,3125.0,2.5,0.667,0,0.469,2,servidor,0,0
1654,202403,50,6479.0,3.8,0.541,1,0.195,2,CLT,1,0
1655,202305,28,7988.0,0.1,0.452,1,0.262,1,autonomo,1,1
1656,202410,32,1763.0,5.8,0.224,0,0.103,0,autonomo,1,0
1657,202410,62,7373.0,10.8,0.579,0,0.265,2,servidor,1,0
1658,202407,63,2027.0,2.9,0.569,0,0.261,1,CLT,1,0
1659,202306,62,2058.0,8.4,0.231,0,0.128,3,servidor,1,0
1660,202304,33,3238.0,0.6,0.065,1,0.108,0,CLT,0,0
1661,202405,51,3105.0,6.1,0.535,0,0.178,3,CLT,0,0
1662,202312,50,1670.0,1.1,0.4,0,0.123,1,autonomo,0,1
1663,202407,30,5039.0,0.2,0.652,0,0.123,1,CLT,0,0
1664,202308,48,5114.0,2.1,0.744,1,0.119,2,servidor,0,0
1665,202309,46,6167.0,3.4,0.304,0,0.251,2,aposentado,0,0
1666,202308,40,2932.0,3.3,0.254,1,0.177,2,CLT,1,0
1667,202405,57,3570.0,12.7,0.281,0,0.36,1,CLT,1,0
1668,202408,54,3586.0,2.9,0.527,0,0.315,1,aposentado,1,0
1669,202411,47,8468.0,0.9,0.348,1,0.436,1,servidor,0,1
1670,202406,56,883.0,1.6,0.198,1,0.016,0,servidor,1,0
1671,202406,58,2256.0,4.0,0.216,0,0.274,2,CLT,1,0
1672,202408,48,3651.0,4.7,0.172,0,0.447,2,autonomo,1,1
1673,202411,34,2116.0,0.7,0.755,0,0.132,1,autonomo,1,0
1674,202412,58,3200.0,4.0,0.811,0,0.143,0,servidor,0,0
1675,202310,56,3419.0,2.3,0.271,0,0.36,0,autonomo,0,0
1676,202304,69,2621.0,1.1,0.567,0,0.282,2,servidor,1,0
1677,202410,28,3760.0,5.3,0.172,0,0.339,4,servidor,1,0
1678,202311,41,4984.0,2.4,0.434,0,0.271,2,autonomo,0,1
1679,202311,66,3235.0,5.3,0.532,1,0.242,1,CLT,1,0
1680,202309,46,2903.0,13.8,0.615,0,0.124,1,CLT,0,0
1681,202411,67,3351.0,1.7,0.435,1,0.298,0,CLT,1,0
1682,202407,21,3627.0,0.1,0.237,0,0.389,2,CLT,0,1
1683,202307,22,1525.0,11.8,0.682,0,0.246,2,CLT,0,1
1684,202309,60,4586.0,5.0,0.157,0,0.315,1,CLT,0,0
1685,202311,38,2906.0,1.5,0.507,0,0.398,2,servidor,1,1
1686,202312,46,6842.0,0.8,0.877,0,0.336,0,CLT,0,0
1687,202406,41,4893.0,5.2,0.256,0,0.111,0,CLT,1,0
1688,202312,40,6536.0,1.0,0.509,0,0.322,2,autonomo,0,1
1689,202309,67,2196.0,2.6,0.438,1,0.791,0,autonomo,0,1
1690,202301,25,3024.0,2.7,0.531,1,0.506,2,servidor,1,0
1691,202405,58,1956.0,15.6,0.488,0,0.134,0,autonomo,1,0
1692,202306,64,2559.0,2.3,0.55,0,0.285,2,autonomo,1,0
1693,202412,53,6809.0,4.4,0.396,1,0.659,2,CLT,0,1
1694,202408,40,7660.0,5.5,0.463,0,0.194,3,servidor,0,0
1695,202310,28,2051.0,8.0,0.609,0,0.087,1,CLT,1,0
1696,202401,54,2895.0,2.2,0.869,0,0.189,2,autonomo,0,1
1697,202307,43,3505.0,0.7,0.529,1,0.161,2,servidor,0,0
1698,202309,28,4880.0,1.8,0.283,0,0.392,3,autonomo,1,0
1699,202411,38,1510.0,14.0,0.368,0,0.108,2,aposentado,1,0
1700,202405,68,1634.0,0.8,0.467,0,0.157,0,autonomo,0,1
1701,202307,34,4651.0,7.7,0.359,3,0.221,1,autonomo,1,1
1702,202410,29,1374.0,0.1,0.134,0,0.192,1,CLT,0,1
1703,202310,54,2912.0,20.4,0.322,0,0.104,0,CLT,1,0
1704,202406,30,3948.0,4.0,0.343,0,0.33,1,autonomo,1,0
1705,202303,66,4482.0,5.9,0.189,1,0.469,1,CLT,0,0
1706,202308,63,3392.0,1.6,0.257,0,0.366,1,CLT,1,0
1707,202403,69,3032.0,16.1,0.04,0,0.373,4,servidor,1,0
1708,202304,65,5554.0,0.4,0.315,0,0.491,4,autonomo,1,1
1709,202412,32,4199.0,0.4,0.395,3,0.399,1,CLT,0,1
1710,202412,31,2635.0,16.1,0.277,2,0.213,0,servidor,0,0
1711,202304,37,3710.0,0.2,0.333,1,0.356,0,autonomo,1,0
1712,202405,44,4410.0,0.1,0.862,0,0.531,0,CLT,1,0
1713,202405,64,8597.0,1.8,0.497,0,0.27,1,aposentado,1,0
1714,202305,56,5395.0,3.3,0.415,0,0.138,1,CLT,1,0
1715,202305,52,6683.0,3.5,0.447,0,0.028,2,autonomo,1,0
1716,202311,64,2683.0,14.2,0.35,0,0.348,1,CLT,0,0
1717,202410,52,2801.0,0.2,0.336,0,0.41,2,CLT,0,0
1718,202309,39,3237.0,12.8,0.286,1,0.173,0,CLT,0,0
1719,202308,41,3389.0,4.1,0.214,1,0.192,0,autonomo,1,0
1720,202304,46,2200.0,1.4,0.608,1,0.289,3,CLT,1,0
1721,202305,25,6857.0,16.6,0.197,2,0.397,1,CLT,0,0
1722,202405,57,5663.0,11.3,0.519,0,0.364,1,servidor,1,0
1723,202405,52,3125.0,1.8,0.053,0,0.414,0,autonomo,0,0
1724,202303,56,5018.0,0.8,0.285,0,0.283,2,autonomo,0,1
1725,202309,47,4070.0,3.3,0.459,0,0.457,0,CLT,0,0
1726,202408,59,5218.0,3.5,0.532,2,0.048,0,CLT,0,0
1727,202411,67,1859.0,5.7,0.146,0,0.326,0,CLT,0,0
1728,202307,48,3385.0,0.4,0.323,1,0.183,3,CLT,0,1
1729,202404,42,3537.0,0.5,0.576,0,0.35,0,aposentado,1,0
1730,202312,26,4973.0,7.4,0.148,0,0.387,0,servidor,0,0
1731,202312,59,2659.0,18.6,0.19,0,0.581,1,autonomo,0,0
1732,202307,65,1043.0,2.6,0.237,0,0.296,0,CLT,1,0
1733,202302,55,2120.0,12.5,0.487,1,0.532,1,CLT,1,0
1734,202307,63,3531.0,0.2,0.434,0,0.452,3,servidor,1,0
1735,202305,63,3759.0,4.7,0.453,1,0.111,1,CLT,1,0
1736,202311,60,8450.0,1.6,0.159,0,0.298,1,servidor,0,0
1737,202402,45,4873.0,10.1,0.099,0,0.657,1,CLT,0,0
1738,202306,25,3792.0,7.7,0.752,0,0.086,1,autonomo,0,0
1739,202312,21,3582.0,2.0,0.242,1,0.124,2,CLT,0,0
1740,202303,31,6324.0,2.0,0.093,4,0.316,0,CLT,1,1
1741,202306,42,2711.0,5.9,0.271,1,0.391,2,aposentado,1,0
1742,202302,57,3394.0,1.0,0.54,0,0.287,1,aposentado,0,0
1743,202411,43,2112.0,2.4,0.641,1,0.298,0,autonomo,1,0
1744,202406,22,7402.0,13.7,0.642,0,0.229,2,autonomo,0,0
1745,202306,31,4430.0,16.1,0.194,2,0.124,1,servidor,0,0
1746,202410,68,2556.0,5.9,0.548,0,0.021,1,aposentado,1,0
1747,202303,69,3438.0,5.7,0.105,0,0.457,2,servidor,0,1
1748,202308,39,4698.0,2.6,0.099,1,0.038,1,CLT,1,0
1749,202403,60,3212.0,5.7,0.462,1,0.312,0,CLT,0,0
1750,202408,56,2787.0,0.1,0.412,1,0.109,1,servidor,0,1
1751,202404,66,2625.0,1.4,0.681,0,0.329,1,autonomo,0,0
1752,202402,64,4313.0,20.9,0.158,1,0.179,1,autonomo,0,1
1753,202401,51,3044.0,0.1,0.724,0,0.544,0,autonomo,0,0
1754,202305,40,2902.0,2.8,0.579,0,0.484,0,servidor,0,0
1755,202311,51,1867.0,4.7,0.6,0,0.444,0,aposentado,0,1
1756,202409,36,3785.0,2.7,0.153,0,0.617,2,aposentado,0,0
1757,202412,38,3326.0,0.3,0.55,1,0.31,2,CLT,1,1
1758,202301,50,3100.0,4.1,0.685,0,0.447,2,CLT,1,0
1759,202411,48,4021.0,20.9,0.279,1,0.068,1,servidor,1,0
1760,202407,49,5292.0,3.9,0.795,1,0.391,1,autonomo,1,0
1761,202412,39,5171.0,6.0,0.172,1,0.27,0,CLT,0,0
1762,202405,41,4800.0,1.7,0.164,0,0.411,0,autonomo,0,1
1763,202406,21,3228.0,4.6,0.189,0,0.156,0,autonomo,1,0
1764,202307,50,2742.0,23.1,0.097,0,0.107,2,CLT,1,0
1765,202412,49,2160.0,20.0,0.691,1,0.434,0,CLT,0,1
1766,202309,66,2707.0,3.7,0.115,0,0.318,0,CLT,1,0
1767,202408,45,3677.0,4.8,0.246,0,0.179,0,CLT,0,0
1768,202401,43,2457.0,4.1,0.162,0,0.076,0,autonomo,0,0
1769,202411,24,3820.0,3.3,0.658,0,0.362,2,CLT,0,1
1770,202401,30,2247.0,0.8,0.508,2,0.232,2,CLT,1,1
1771,202312,37,1587.0,0.8,0.233,0,0.085,0,servidor,1,1
1772,202412,39,5485.0,13.5,0.248,1,0.283,2,CLT,1,0
1773,202401,38,2872.0,6.0,0.647,0,0.067,3,CLT,1,0
1774,202407,40,2396.0,0.1,0.363,0,0.593,0,autonomo,1,1
1775,202407,58,2107.0,4.0,0.267,0,0.489,1,CLT,0,0
1776,202308,27,4499.0,1.9,0.752,0,0.189,1,CLT,1,1
1777,202312,37,7241.0,5.6,0.074,0,0.521,1,servidor,1,1
1778,202402,28,2976.0,7.7,0.135,0,0.277,1,CLT,1,0
1779,202312,36,3269.0,6.4,0.18,3,0.322,0,CLT,0,0
1780,202301,54,6222.0,1.9,0.206,0,0.626,0,autonomo,1,0
1781,202302,23,1473.0,6.7,0.229,0,0.226,1,CLT,1,0
1782,202403,37,9735.0,18.6,0.335,1,0.33,2,CLT,1,0
1783,202401,22,12358.0,17.1,0.619,1,0.238,1,aposentado,0,0
1784,202408,67,941.0,0.9,0.429,0,0.768,2,CLT,1,0
1785,202411,56,3468.0,8.6,0.111,0,0.088,1,CLT,0,0
1786,202412,32,2542.0,3.8,0.381,2,0.301,1,CLT,1,1
1787,202402,30,3189.0,0.0,0.168,0,0.282,2,CLT,1,1
1788,202307,25,2954.0,4.8,0.206,1,0.162,0,CLT,0,0
1789,202404,44,5464.0,5.6,0.675,0,0.578,4,CLT,0,0
1790,202409,57,3442.0,4.1,0.484,0,0.172,1,CLT,1,1
1791,202406,49,2309.0,10.9,0.751,1,0.054,1,CLT,0,0
1792,202309,64,3341.0,0.3,0.326,1,0.164,1,servidor,1,0
1793,202412,37,4710.0,2.6,0.078,0,0.651,1,servidor,0,1
1794,202311,34,2015.0,1.9,0.145,0,0.225,0,autonomo,0,0
1795,202403,44,1599.0,0.7,0.707,0,0.586,2,aposentado,1,1
1796,202409,30,9861.0,0.5,0.576,0,0.204,3,servidor,1,0
1797,202407,68,2641.0,0.4,0.515,0,0.398,1,CLT,0,0
1798,202410,30,3399.0,13.0,0.666,0,0.042,0,servidor,1,0
1799,202308,44,2984.0,5.0,0.488,0,0.097,1,CLT,1,0
1800,202403,46,4789.0,1.2,0.364,0,0.235,1,servidor,1,0
1801,202306,23,8834.0,1.7,0.375,1,0.475,1,aposentado,0,0
1802,202405,43,4866.0,6.0,0.112,0,0.523,0,autonomo,1,0
1803,202411,43,1704.0,24.4,0.609,0,0.155,2,CLT,0,0
1804,202304,33,1822.0,1.3,0.231,0,0.122,1,servidor,0,0
1805,202301,27,2983.0,6.2,0.027,1,0.271,1,CLT,1,0
1806,202312,23,3184.0,0.9,0.332,0,0.152,2,autonomo,1,0
1807,202312,21,1539.0,0.0,0.423,0,0.658,0,CLT,1,0
1808,202303,44,5484.0,3.6,0.417,1,0.611,2,CLT,1,1
1809,202403,25,2115.0,1.2,0.821,0,0.401,1,CLT,1,1
1810,202311,68,7682.0,7.7,0.536,1,0.331,2,CLT,1,0
1811,202310,32,9048.0,0.2,0.617,1,0.259,2,servidor,1,0
1812,202406,52,3216.0,4.8,0.752,1,0.058,3,autonomo,0,1
1813,202307,54,4535.0,12.0,0.279,0,0.078,1,autonomo,1,0
1814,202402,45,1967.0,0.7,0.65,0,0.136,3,CLT,1,1
1815,202409,64,4973.0,1.9,0.228,0,0.368,0,autonomo,1,0
1816,202410,26,2838.0,5.4,0.21,0,0.06,1,servidor,1,0
1817,202407,32,2114.0,2.3,0.47,0,0.245,2,servidor,0,1
1818,202311,33,3151.0,11.7,0.381,1,0.37,1,aposentado,0,0
1819,202307,27,2885.0,0.5,0.737,0,0.237,1,CLT,1,0
1820,202311,35,3095.0,3.0,0.267,0,0.367,1,autonomo,0,0
1821,202410,36,5854.0,0.3,0.254,1,0.464,1,autonomo,0,1
1822,202305,58,2459.0,6.2,0.313,1,0.605,2,CLT,1,1
1823,202304,35,8669.0,2.3,0.074,0,0.306,4,autonomo,0,0
1824,202403,63,1877.0,8.0,0.087,0,0.294,4,CLT,1,0
1825,202309,58,8166.0,3.6,0.383,0,0.251,2,autonomo,1,0
1826,202410,65,2190.0,3.6,0.778,0,0.035,1,CLT,0,0
1827,202305,26,3639.0,1.9,0.14,0,0.185,1,autonomo,1,0
1828,202311,69,2850.0,1.5,0.426,0,0.424,2,servidor,1,0
1829,202302,51,3066.0,0.5,0.732,1,0.677,1,autonomo,1,1
1830,202307,69,5435.0,2.3,0.211,0,0.369,2,CLT,1,0
1831,202402,38,7707.0,1.4,0.237,0,0.288,2,CLT,0,0
1832,202303,67,6603.0,9.8,0.606,0,0.146,2,CLT,1,0
1833,202409,49,2974.0,11.0,0.433,1,0.377,1,autonomo,0,0
1834,202303,24,3992.0,8.8,0.202,0,0.02,0,CLT,0,0
1835,202302,41,2463.0,4.8,0.373,1,0.397,0,aposentado,1,0
1836,202403,27,2218.0,5.5,0.503,0,0.261,1,CLT,1,0
1837,202411,67,2053.0,4.5,0.701,1,0.06,1,CLT,1,1
1838,202406,35,2925.0,2.2,0.306,1,0.384,0,servidor,0,1
1839,202310,31,4125.0,1.0,0.184,1,0.364,2,CLT,0,1
1840,202304,48,1400.0,8.4,0.479,0,0.356,0,CLT,0,0
1841,202401,41,3558.0,6.2,0.758,0,0.608,4,CLT,0,1
1842,202402,25,7770.0,1.7,0.559,0,0.173,0,CLT,1,0
1843,202405,61,6380.0,2.4,0.501,0,0.416,1,CLT,1,0
1844,202411,62,2717.0,10.2,0.081,1,0.367,1,servidor,1,0
1845,202306,57,1811.0,1.9,0.26,1,0.364,2,CLT,0,0
1846,202403,51,4582.0,3.1,0.215,0,0.462,1,autonomo,1,0
1847,202410,40,1143.0,4.5,0.412,0,0.543,3,CLT,1,1
1848,202311,47,6343.0,3.0,0.684,0,0.468,0,autonomo,0,1
1849,202309,46,3272.0,2.7,0.528,0,0.199,1,servidor,0,0
1850,202309,29,9097.0,4.5,0.611,0,0.331,3,autonomo,1,0
1851,202401,25,1535.0,7.0,0.643,0,0.259,1,CLT,0,0
1852,202407,33,5762.0,5.2,0.754,0,0.515,0,autonomo,1,0
1853,202311,43,3462.0,13.4,0.174,0,0.4,2,autonomo,1,0
1854,202308,28,3086.0,22.3,0.277,1,0.24,0,CLT,0,0
1855,202303,26,1836.0,0.2,0.425,1,0.595,1,CLT,0,1
1856,202301,62,4904.0,5.9,0.311,0,0.179,1,autonomo,1,0
1857,202309,39,5105.0,1.7,0.467,0,0.583,2,CLT,1,0
1858,202410,49,8889.0,3.7,0.43,1,0.148,0,CLT,1,0
1859,202402,46,6027.0,0.8,0.386,0,0.384,0,CLT,0,0
1860,202310,57,2706.0,2.6,0.226,0,0.116,1,CLT,0,0
1861,202308,57,2204.0,1.9,0.113,0,0.29,1,CLT,1,0
1862,202303,35,1837.0,5.1,0.232,0,0.448,0,autonomo,0,0
1863,202312,62,7605.0,8.1,0.205,1,0.358,4,CLT,0,0
1864,202305,39,2467.0,0.2,0.269,2,0.411,2,autonomo,1,1
1865,202403,61,7632.0,0.1,0.318,1,0.179,1,CLT,1,0
1866,202301,40,4734.0,9.0,0.356,0,0.086,2,autonomo,1,0
1867,202302,26,4294.0,2.3,0.177,0,0.245,3,CLT,1,0
1868,202408,58,3123.0,4.5,0.327,1,0.073,1,servidor,1,0
1869,202312,22,5066.0,1.4,0.443,0,0.304,4,autonomo,1,0
1870,202306,58,3613.0,4.1,0.317,1,0.278,3,servidor,1,0
1871,202310,23,3027.0,1.9,0.384,0,0.334,1,autonomo,1,0
1872,202305,31,5156.0,2.1,0.593,0,0.417,1,CLT,0,1
1873,202405,50,3388.0,1.6,0.643,1,0.777,1,servidor,1,1
1874,202307,67,2443.0,6.2,0.437,2,0.273,5,autonomo,0,0
1875,202312,41,4914.0,0.6,0.509,1,0.584,2,autonomo,0,0
1876,202401,26,3526.0,9.6,0.228,0,0.188,1,autonomo,0,1
1877,202402,32,4649.0,2.2,0.524,0,0.657,2,autonomo,0,1
1878,202405,64,2902.0,1.5,0.244,0,0.327,0,autonomo,1,0
1879,202411,56,1989.0,6.3,0.46,0,0.504,2,servidor,1,0
1880,202301,25,8669.0,20.1,0.896,0,0.351,2,CLT,0,0
1881,202401,39,7890.0,0.1,0.601,0,0.299,2,servidor,1,0
1882,202407,33,5664.0,9.4,0.721,0,0.092,0,autonomo,1,0
1883,202305,29,2999.0,9.0,0.825,0,0.18,0,servidor,1,0
1884,202408,62,3133.0,4.7,0.422,0,0.516,0,CLT,0,1
1885,202312,51,7267.0,10.4,0.57,0,0.236,0,CLT,1,0
1886,202405,29,3051.0,5.2,0.211,0,0.608,1,CLT,0,0
1887,202411,52,2654.0,14.6,0.532,1,0.025,0,servidor,0,0
1888,202311,41,9285.0,1.6,0.338,1,0.344,0,autonomo,1,0
1889,202302,24,3555.0,7.8,0.109,1,0.183,1,aposentado,0,0
1890,202309,43,8815.0,5.5,0.619,0,0.077,0,aposentado,0,0
1891,202410,30,1809.0,23.3,0.751,0,0.273,0,autonomo,0,0
1892,202308,33,4718.0,0.8,0.326,0,0.302,0,servidor,0,0
1893,202402,64,10255.0,2.8,0.289,0,0.183,0,CLT,1,0
1894,202309,55,3696.0,5.4,0.552,0,0.594,3,CLT,1,0
1895,202305,27,3191.0,3.3,0.737,1,0.301,0,autonomo,0,0
1896,202304,62,2031.0,0.3,0.105,0,0.255,0,CLT,0,0
1897,202409,49,6255.0,2.0,0.264,0,0.52,3,CLT,0,0
1898,202411,63,2477.0,3.4,0.572,0,0.171,1,servidor,0,0
1899,202409,57,3472.0,1.9,0.208,0,0.482,1,CLT,0,0
1900,202409,37,1964.0,4.0,0.364,1,0.061,1,servidor,1,0
1901,202404,47,7930.0,5.4,0.136,0,0.445,3,aposentado,0,0
1902,202302,47,6486.0,3.8,0.546,2,0.516,0,CLT,0,1
1903,202402,56,3584.0,2.5,0.336,1,0.554,1,CLT,1,0
1904,202303,33,2045.0,3.1,0.4,1,0.146,0,aposentado,0,0
1905,202308,37,7848.0,9.7,0.315,1,0.328,1,CLT,1,0
1906,202303,32,3032.0,10.6,0.267,1,0.304,3,autonomo,1,0
1907,202412,35,2095.0,1.1,0.599,0,0.146,1,CLT,1,0
1908,202306,28,1509.0,6.1,0.539,0,0.041,1,CLT,0,0
1909,202403,22,2636.0,0.2,0.142,0,0.182,0,aposentado,1,0
1910,202304,67,1759.0,5.6,0.634,0,0.23,1,autonomo,0,0
1911,202404,24,2667.0,1.7,0.07,1,0.37,1,servidor,1,1
1912,202410,64,5283.0,2.7,0.553,0,0.114,1,CLT,0,0
1913,202406,21,3018.0,0.1,0.293,0,0.19,1,CLT,0,0
1914,202408,59,4350.0,1.7,0.147,1,0.125,1,autonomo,1,0
1915,202311,37,2536.0,2.8,0.281,0,0.363,1,servidor,1,0
1916,202309,46,3762.0,0.2,0.302,0,0.495,2,CLT,1,0
1917,202309,34,9513.0,3.3,0.365,0,0.423,1,CLT,1,0
1918,202308,45,3059.0,4.9,0.503,0,0.211,1,servidor,1,0
1919,202303,43,4413.0,1.8,0.24,0,0.273,2,aposentado,0,0
1920,202304,46,1664.0,0.7,0.332,0,0.283,0,servidor,1,0
1921,202305,40,7786.0,0.6,0.441,0,0.129,0,servidor,0,0
1922,202302,47,2868.0,1.7,0.135,0,0.398,0,CLT,1,0
1923,202403,61,6157.0,5.2,0.693,0,0.216,1,servidor,1,0
1924,202405,42,3423.0,5.6,0.52,0,0.353,1,CLT,0,0
1925,202408,38,4943.0,14.3,0.51,1,0.301,0,CLT,1,0
1926,202409,27,5092.0,7.3,0.079,0,0.549,1,servidor,0,0
1927,202411,38,2904.0,1.5,0.07,0,0.114,0,CLT,0,0
1928,202305,27,6285.0,9.3,0.784,0,0.247,1,CLT,0,1
1929,202412,29,2491.0,1.3,0.194,0,0.179,0,autonomo,0,0
1930,202303,67,5372.0,5.5,0.45,2,0.305,2,CLT,1,0
1931,202302,25,2996.0,3.4,0.305,0,0.092,0,CLT,0,0
1932,202403,44,4336.0,1.7,0.66,0,0.166,1,CLT,1,0
1933,202405,61,2890.0,11.9,0.694,0,0.341,0,servidor,1,1
1934,202312,67,3733.0,1.5,0.457,0,0.495,0,CLT,0,1
1935,202406,28,2127.0,1.8,0.701,1,0.529,0,CLT,0,0
1936,202301,29,4121.0,4.7,0.658,0,0.33,1,servidor,1,0
1937,202410,39,3722.0,11.7,0.112,1,0.334,2,autonomo,1,0
1938,202302,48,2779.0,5.2,0.44,0,0.277,2,aposentado,0,1
1939,202307,68,3542.0,0.0,0.263,1,0.043,2,CLT,0,0
1940,202307,31,3893.0,0.6,0.166,1,0.129,2,autonomo,1,0
1941,202410,29,2675.0,12.9,0.528,2,0.186,1,CLT,0,0
1942,202303,33,3414.0,2.2,0.405,0,0.298,0,aposentado,1,0
1943,202309,63,2202.0,0.2,0.568,1,0.004,4,servidor,0,1
1944,202302,22,11765.0,1.1,0.08,0,0.451,1,CLT,0,0
1945,202308,39,6183.0,1.2,0.428,0,0.068,1,CLT,0,0
1946,202305,26,4174.0,3.2,0.771,0,0.2,3,autonomo,1,0
1947,202303,28,6542.0,2.0,0.358,0,0.494,0,aposentado,1,0
1948,202309,65,1353.0,11.6,0.414,0,0.355,0,autonomo,1,0
1949,202412,21,1013.0,18.6,0.1,0,0.224,1,autonomo,1,0
1950,202310,36,2982.0,3.4,0.432,0,0.298,3,CLT,1,0
1951,202306,65,1828.0,1.6,0.096,0,0.541,1,CLT,1,0
1952,202404,50,3235.0,0.2,0.633,1,0.31,1,CLT,1,1
1953,202309,24,4035.0,0.5,0.367,1,0.143,1,CLT,0,1
1954,202404,43,5769.0,3.9,0.222,0,0.282,1,CLT,1,0
1955,202303,68,2061.0,5.2,0.82,0,0.452,1,servidor,0,0
1956,202406,40,4446.0,0.1,0.581,0,0.237,3,CLT,1,0
1957,202401,46,3667.0,7.4,0.559,1,0.027,2,CLT,0,1
1958,202402,47,4332.0,3.0,0.444,1,0.11,2,CLT,0,0
1959,202308,53,2808.0,15.9,0.205,0,0.075,1,autonomo,0,0
1960,202302,30,7270.0,4.1,0.744,0,0.212,1,servidor,0,0
1961,202403,62,3457.0,10.2,0.215,1,0.208,3,CLT,1,0
1962,202304,69,8840.0,2.8,0.258,0,0.124,2,CLT,0,0
1963,202303,27,2452.0,6.3,0.387,0,0.183,0,autonomo,1,0
1964,202302,61,5279.0,1.3,0.339,1,0.265,0,servidor,0,0
1965,202411,61,3534.0,13.4,0.334,0,0.187,0,autonomo,1,0
1966,202301,57,3091.0,0.0,0.599,0,0.134,0,autonomo,0,0
1967,202302,39,4995.0,2.2,0.278,1,0.065,1,servidor,0,0
1968,202312,43,3135.0,0.7,0.07,0,0.099,1,servidor,0,0
1969,202404,62,962.0,6.9,0.684,0,0.326,1,autonomo,1,0
1970,202412,28,787.0,1.5,0.467,0,0.5,3,autonomo,1,1
1971,202412,61,6879.0,0.3,0.509,0,0.309,5,CLT,0,0
1972,202309,66,6735.0,3.5,0.835,0,0.31,2,CLT,0,0
1973,202409,54,9355.0,3.8,0.287,0,0.335,2,CLT,1,0
1974,202301,37,3609.0,3.6,0.438,2,0.441,1,CLT,0,0
1975,202406,48,1908.0,1.0,0.148,0,0.395,2,autonomo,1,1
1976,202311,23,2952.0,5.6,0.712,2,0.254,0,CLT,0,1
1977,202404,66,3662.0,4.9,0.469,0,0.186,1,CLT,1,0
1978,202301,37,2201.0,10.3,0.197,2,0.537,0,CLT,0,1
1979,202411,23,8302.0,8.8,0.37,1,0.071,2,CLT,0,1
1980,202411,59,11156.0,16.0,0.562,0,0.465,1,autonomo,1,1
1981,202402,53,4625.0,7.5,0.455,0,0.522,2,aposentado,0,0
1982,202303,51,3621.0,2.0,0.247,0,0.398,1,CLT,0,0
1983,202408,23,1906.0,2.9,0.678,0,0.242,2,CLT,0,1
1984,202401,57,7889.0,0.4,0.481,0,0.17,1,autonomo,0,0
1985,202312,52,3783.0,14.2,0.346,0,0.133,0,servidor,1,0
1986,202404,59,3151.0,2.0,0.422,1,0.098,0,autonomo,0,0
1987,202405,61,4631.0,11.4,0.658,1,0.491,3,autonomo,0,0
1988,202404,31,2717.0,10.2,0.419,0,0.643,0,CLT,1,1
1989,202404,31,3918.0,3.3,0.577,2,0.193,2,CLT,1,1
1990,202306,66,1770.0,4.2,0.234,0,0.197,3,CLT,0,0
1991,202403,47,6270.0,2.8,0.155,0,0.629,3,aposentado,1,0
1992,202410,42,3456.0,0.1,0.645,1,0.56,1,CLT,1,1
1993,202302,35,6499.0,8.9,0.682,0,0.503,2,CLT,0,1
1994,202304,52,3293.0,4.2,0.544,0,0.167,1,CLT,1,0
1995,202304,57,3401.0,2.8,0.082,0,0.383,2,CLT,1,0
1996,202407,21,1986.0,1.2,0.229,1,0.119,1,autonomo,0,0
1997,202403,48,5323.0,1.7,0.662,1,0.19,1,servidor,0,0
1998,202311,69,2350.0,0.8,0.24,2,0.086,2,aposentado,1,0
1999,202410,34,2855.0,9.2,0.538,0,0.196,0,CLT,0,0
2000,202307,34,3643.0,0.1,0.716,0,0.147,0,autonomo,1,0
2001,202306,64,3868.0,0.4,0.048,1,0.471,0,CLT,0,1
2002,202404,24,1551.0,0.8,0.243,0,0.317,1,aposentado,1,1
2003,202411,40,3244.0,3.6,0.267,0,0.287,1,autonomo,1,0
2004,202307,43,5419.0,3.5,0.339,2,0.065,0,CLT,1,0
2005,202303,60,3013.0,3.7,0.262,0,0.207,2,CLT,0,0
2006,202405,27,3254.0,0.2,0.322,1,0.02,2,aposentado,0,0
2007,202308,42,3949.0,2.5,0.612,0,0.153,2,servidor,1,1
2008,202404,28,3419.0,15.3,0.624,2,0.185,2,autonomo,0,0
2009,202407,59,2175.0,1.9,0.549,0,0.282,0,CLT,1,0
2010,202305,51,3575.0,4.0,0.447,1,0.128,0,autonomo,0,1
2011,202404,45,5985.0,3.2,0.554,0,0.104,1,CLT,1,0
2012,202305,40,2153.0,9.9,0.848,0,0.265,2,CLT,1,0
2013,202411,28,3019.0,5.9,0.695,0,0.363,0,aposentado,1,0
2014,202410,66,1825.0,1.4,0.683,1,0.209,1,aposentado,1,0
2015,202404,52,5830.0,2.8,0.844,0,0.337,2,CLT,1,0
2016,202409,36,3477.0,0.0,0.692,0,0.166,1,servidor,0,0
2017,202402,41,2380.0,1.8,0.572,1,0.196,2,CLT,1,0
2018,202307,56,3813.0,11.1,0.196,0,0.619,3,autonomo,1,0
2019,202311,56,1995.0,8.7,0.146,0,0.316,0,CLT,0,0
2020,202405,43,2172.0,1.3,0.332,0,0.229,2,CLT,1,0
2021,202302,35,1754.0,0.0,0.612,0,0.221,3,servidor,0,1
2022,202405,53,2136.0,2.7,0.58,0,0.319,3,autonomo,0,1
2023,202412,53,7177.0,0.5,0.34,1,0.047,1,autonomo,0,0
2024,202402,50,2524.0,8.1,0.18,0,0.461,1,aposentado,0,0
2025,202412,24,4597.0,1.3,0.224,1,0.121,1,CLT,0,0
2026,202407,44,2397.0,2.9,0.628,0,0.152,2,CLT,1,0
2027,202410,51,5323.0,1.2,0.245,0,0.425,1,CLT,0,0
2028,202401,67,2180.0,3.9,0.421,1,0.513,1,CLT,0,0
2029,202312,46,3713.0,8.0,0.211,0,0.411,2,CLT,0,0
2030,202409,37,3738.0,2.0,0.39,0,0.429,1,CLT,0,1
2031,202405,48,11660.0,1.2,0.253,1,0.314,1,autonomo,0,1
2032,202410,29,4990.0,0.5,0.582,0,0.207,5,autonomo,0,1
2033,202402,25,2707.0,1.2,0.44,0,0.323,3,servidor,0,1
2034,202306,54,5128.0,13.5,0.224,0,0.082,3,CLT,1,0
2035,202310,69,10605.0,0.5,0.594,1,0.299,4,servidor,1,1
2036,202405,62,1612.0,2.2,0.106,1,0.531,0,autonomo,0,0
2037,202301,49,2389.0,0.1,0.682,0,0.333,1,autonomo,0,1
2038,202305,22,3234.0,6.6,0.47,0,0.226,3,autonomo,1,0
2039,202401,69,2956.0,1.0,0.422,1,0.333,2,autonomo,0,0
2040,202401,43,3083.0,7.7,0.488,1,0.4,1,CLT,0,0
2041,202312,35,1897.0,3.8,0.217,0,0.18,1,aposentado,1,0
2042,202306,64,7346.0,5.3,0.349,0,0.837,3,CLT,1,0
2043,202409,57,1788.0,7.1,0.245,1,0.415,0,autonomo,0,0
2044,202409,57,3294.0,5.5,0.165,0,0.142,1,CLT,0,0
2045,202301,34,6142.0,10.1,0.126,0,0.25,1,autonomo,1,0
2046,202407,69,3586.0,1.5,0.186,0,0.199,2,CLT,1,0
2047,202410,43,2231.0,12.6,0.314,0,0.346,0,autonomo,1,0
2048,202310,47,1855.0,7.3,0.49,0,0.269,0,CLT,1,0
2049,202409,57,3245.0,1.6,0.378,0,0.252,1,autonomo,1,1
2050,202308,53,2494.0,5.8,0.644,0,0.25,0,autonomo,0,0
2051,202308,29,4034.0,7.3,0.545,1,0.232,2,CLT,1,0
2052,202303,35,1807.0,3.5,0.555,0,0.347,0,servidor,1,0
2053,202404,38,5467.0,3.3,0.178,0,0.328,1,servidor,0,0
2054,202406,67,3858.0,1.7,0.679,2,0.23,2,CLT,1,0
2055,202308,56,4003.0,0.2,0.524,0,0.103,1,servidor,0,0
2056,202302,38,7484.0,5.4,0.155,1,0.182,1,aposentado,0,0
2057,202407,57,2925.0,0.9,0.348,0,0.632,0,autonomo,1,0
2058,202411,57,2533.0,14.3,0.62,0,0.014,1,CLT,0,0
2059,202412,40,2769.0,15.2,0.092,0,0.319,0,CLT,0,1
2060,202401,40,3307.0,5.0,0.52,0,0.113,0,autonomo,0,0
2061,202311,64,3479.0,6.0,0.413,0,0.375,3,CLT,1,0
2062,202410,48,2403.0,3.0,0.523,0,0.025,3,aposentado,1,0
2063,202301,28,1324.0,0.6,0.497,0,0.157,0,CLT,1,0
2064,202412,56,2750.0,11.8,0.108,1,0.352,1,CLT,0,0
2065,202302,49,4359.0,1.1,0.704,1,0.633,2,CLT,1,1
2066,202407,45,3898.0,0.0,0.454,0,0.4,1,CLT,0,0
2067,202402,56,6633.0,13.0,0.537,1,0.717,2,servidor,0,0
2068,202305,65,9679.0,10.3,0.118,1,0.165,1,CLT,0,0
2069,202301,37,5322.0,0.3,0.321,0,0.015,2,aposentado,0,1
2070,202412,41,7268.0,8.1,0.167,2,0.579,2,servidor,0,1
2071,202307,30,5342.0,5.9,0.733,0,0.317,2,CLT,1,1
2072,202306,52,8561.0,8.0,0.65,0,0.348,1,autonomo,1,0
2073,202303,40,9186.0,1.6,0.235,0,0.528,2,aposentado,0,0
2074,202306,37,5858.0,3.9,0.531,0,0.39,2,autonomo,0,0
2075,202302,55,5183.0,7.1,0.121,1,0.074,0,servidor,0,0
2076,202306,40,3286.0,1.5,0.249,2,0.07,2,CLT,0,0
2077,202412,43,3566.0,4.3,0.608,0,0.258,0,servidor,0,0
2078,202409,42,3075.0,4.4,0.069,1,0.287,1,servidor,1,0
2079,202410,33,4967.0,7.9,0.35,0,0.23,0,autonomo,0,0
2080,202407,27,2540.0,1.4,0.384,0,0.236,1,CLT,1,0
2081,202305,61,3309.0,14.5,0.645,0,0.078,2,CLT,0,0
2082,202310,25,1121.0,0.0,0.223,0,0.193,3,aposentado,1,0
2083,202403,36,8617.0,0.3,0.837,1,0.273,0,autonomo,1,1
2084,202405,53,3261.0,2.0,0.409,1,0.181,0,autonomo,0,0
2085,202310,27,4572.0,2.2,0.151,1,0.201,2,CLT,1,0
2086,202408,53,7547.0,1.1,0.021,1,0.112,2,autonomo,0,0
2087,202402,56,4231.0,15.1,0.549,1,0.104,2,CLT,0,1
2088,202302,53,7496.0,0.6,0.364,0,0.036,4,CLT,0,1
2089,202301,35,1957.0,8.1,0.094,0,0.08,0,CLT,0,0
2090,202406,21,12073.0,5.2,0.517,0,0.127,0,autonomo,0,0
2091,202308,64,6270.0,0.9,0.282,1,0.134,2,CLT,0,1
2092,202411,37,4042.0,1.9,0.533,0,0.361,1,CLT,1,0
2093,202402,60,7424.0,0.3,0.198,0,0.297,0,servidor,1,0
2094,202304,30,2030.0,1.1,0.406,0,0.057,1,CLT,0,0
2095,202305,28,3152.0,8.0,0.425,1,0.019,0,servidor,0,0
2096,202309,59,7496.0,6.5,0.426,1,0.239,1,CLT,1,1
2097,202410,67,1431.0,0.3,0.46,0,0.199,0,autonomo,0,0
2098,202305,63,4819.0,6.0,0.418,0,0.506,0,CLT,1,0
2099,202407,57,4751.0,0.2,0.43,0,0.223,1,servidor,0,0
2100,202412,33,9746.0,0.6,0.245,0,0.102,0,autonomo,0,0
2101,202310,65,1650.0,0.3,0.141,1,0.26,2,aposentado,0,0
2102,202405,53,8142.0,3.1,0.12,0,0.535,2,servidor,1,0
2103,202410,29,2752.0,0.5,0.639,0,0.2,0,servidor,0,0
2104,202311,27,2912.0,0.8,0.19,0,0.344,2,aposentado,0,0
2105,202401,63,1976.0,3.7,0.17,0,0.237,2,CLT,1,0
2106,202311,34,2113.0,6.5,0.962,0,0.474,2,autonomo,0,0
2107,202304,58,4455.0,4.5,0.478,1,0.124,2,CLT,0,0
2108,202310,27,2088.0,0.9,0.727,0,0.491,3,CLT,1,1
2109,202301,34,5272.0,33.7,0.414,0,0.273,2,servidor,1,0
2110,202304,34,2614.0,0.8,0.075,1,0.591,2,autonomo,0,1
2111,202409,34,1985.0,2.4,0.037,0,0.16,2,aposentado,1,1
2112,202304,54,2796.0,1.1,0.641,0,0.768,1,autonomo,0,1
2113,202409,65,4309.0,1.4,0.145,0,0.269,1,autonomo,1,0
2114,202302,65,3169.0,3.5,0.296,0,0.519,1,servidor,1,1
2115,202408,57,3704.0,13.3,0.34,0,0.277,0,CLT,0,0
2116,202405,30,5157.0,13.3,0.586,0,0.255,5,autonomo,1,0
2117,202408,68,6255.0,2.9,0.404,0,0.478,2,autonomo,0,0
2118,202308,47,3118.0,1.4,0.209,0,0.302,3,CLT,1,0
2119,202405,47,2160.0,1.9,0.22,0,0.331,1,servidor,0,0
2120,202406,55,3782.0,4.7,0.082,0,0.208,1,CLT,1,0
2121,202407,58,4607.0,0.3,0.759,0,0.336,1,servidor,0,0
2122,202405,67,1754.0,10.4,0.389,1,0.436,1,CLT,1,0
2123,202306,49,2332.0,0.2,0.05,0,0.528,0,CLT,1,0
2124,202312,50,2541.0,5.2,0.509,1,0.373,0,CLT,1,0
2125,202412,57,3282.0,29.8,0.318,1,0.326,3,autonomo,0,0
2126,202411,33,2489.0,1.8,0.815,0,0.502,1,CLT,1,1
2127,202302,36,5185.0,7.3,0.579,0,0.575,1,autonomo,1,0
2128,202402,51,1632.0,7.1,0.231,0,0.384,2,autonomo,1,0
2129,202411,24,1653.0,3.0,0.482,0,0.039,2,autonomo,0,0
2130,202411,36,3081.0,0.4,0.224,0,0.076,1,servidor,1,0
2131,202305,56,3335.0,2.9,0.572,0,0.289,1,autonomo,0,1
2132,202309,68,1759.0,2.6,0.476,0,0.172,1,autonomo,0,1
2133,202403,46,2688.0,3.1,0.185,0,0.292,3,CLT,0,0
2134,202303,40,2979.0,12.0,0.693,0,0.246,3,CLT,1,1
2135,202406,42,2991.0,1.0,0.333,0,0.565,1,autonomo,1,0
2136,202412,54,3928.0,6.1,0.171,0,0.418,0,CLT,1,0
2137,202309,47,2615.0,3.8,0.315,1,0.28,2,autonomo,1,0
2138,202405,22,7623.0,2.9,0.06,0,0.6,4,autonomo,1,0
2139,202409,47,4648.0,17.8,0.409,0,0.014,0,CLT,1,0
2140,202307,40,2432.0,8.1,0.209,1,0.12,0,CLT,0,0
2141,202306,55,3817.0,14.6,0.361,0,0.342,3,aposentado,0,0
2142,202401,63,3874.0,10.8,0.204,0,0.409,0,autonomo,1,0
2143,202401,68,6683.0,5.0,0.504,1,0.197,1,autonomo,0,0
2144,202412,50,2697.0,3.6,0.166,0,0.123,0,autonomo,1,0
2145,202403,38,5344.0,14.1,0.342,0,0.393,2,servidor,1,0
2146,202403,42,3718.0,2.9,0.844,0,0.173,1,autonomo,0,0
2147,202401,29,7675.0,6.8,0.456,0,0.41,0,autonomo,0,0
2148,202303,66,6943.0,6.3,0.257,0,0.191,1,autonomo,0,0
2149,202411,62,4018.0,1.1,0.169,0,0.158,0,aposentado,1,0
2150,202412,62,3193.0,0.7,0.3,2,0.294,2,autonomo,0,1
2151,202311,37,4691.0,1.8,0.631,1,0.452,0,autonomo,0,0
2152,202407,36,3327.0,8.0,0.593,0,0.184,0,CLT,1,1
2153,202402,62,8435.0,12.2,0.85,0,0.466,3,CLT,0,1
2154,202302,47,3787.0,0.1,0.228,0,0.104,1,CLT,1,1
2155,202405,55,2973.0,4.6,0.173,0,0.069,1,CLT,1,0
2156,202411,45,2893.0,4.7,0.503,0,0.116,0,CLT,1,0
2157,202303,42,1985.0,11.0,0.144,0,0.272,5,servidor,1,0
2158,202304,51,4809.0,3.6,0.634,0,0.224,2,autonomo,1,0
2159,202405,60,2416.0,21.6,0.709,0,0.103,2,autonomo,0,0
2160,202406,37,6305.0,3.8,0.314,0,0.44,3,CLT,1,0
2161,202402,60,1907.0,21.4,0.334,0,0.282,0,CLT,1,0
2162,202410,32,3880.0,0.3,0.399,1,0.312,0,aposentado,0,0
2163,202402,40,6471.0,3.2,0.431,0,0.376,1,CLT,0,1
2164,202308,65,1241.0,2.8,0.526,0,0.285,1,servidor,1,0
2165,202408,67,9988.0,4.1,0.195,0,0.382,0,autonomo,0,0
2166,202312,66,2944.0,5.8,0.622,1,0.119,0,CLT,0,0
2167,202401,36,3907.0,1.1,0.676,0,0.255,2,CLT,1,1
2168,202312,62,4845.0,0.3,0.319,0,0.345,2,CLT,0,0
2169,202302,66,5235.0,0.9,0.441,1,0.39,2,autonomo,1,1
2170,202401,68,4175.0,3.3,0.521,1,0.256,2,CLT,1,0
2171,202312,22,5995.0,1.3,0.749,0,0.363,3,autonomo,0,1
2172,202309,57,4720.0,9.3,0.463,0,0.372,1,aposentado,0,0
2173,202302,69,8782.0,1.8,0.11,1,0.454,2,autonomo,1,1
2174,202410,58,4728.0,5.5,0.861,0,0.349,1,CLT,0,0
2175,202310,32,9724.0,8.1,0.28,4,0.351,1,aposentado,0,1
2176,202306,58,5713.0,2.9,0.203,0,0.365,2,CLT,0,1
2177,202407,26,1476.0,2.3,0.42,0,0.254,1,servidor,0,0
2178,202303,44,13434.0,0.2,0.429,0,0.082,1,CLT,1,0
2179,202402,51,2732.0,9.3,0.173,1,0.511,1,CLT,0,0
2180,202404,43,7691.0,2.4,0.189,0,0.554,0,CLT,1,1
2181,202310,55,3690.0,3.4,0.596,1,0.156,0,CLT,0,0
2182,202307,32,6189.0,1.1,0.624,0,0.13,1,CLT,1,0
2183,202403,50,2581.0,6.1,0.128,0,0.487,3,servidor,1,0
2184,202409,52,4978.0,1.8,0.105,1,0.568,1,CLT,1,0
2185,202408,52,3208.0,6.1,0.508,0,0.71,0,servidor,1,1
2186,202412,35,8018.0,0.0,0.234,0,0.25,0,CLT,1,0
2187,202301,35,4534.0,4.1,0.163,0,0.145,5,CLT,1,0
2188,202402,33,5814.0,11.3,0.485,0,0.075,0,autonomo,1,0
2189,202309,43,1234.0,3.0,0.294,0,0.34,2,aposentado,1,0
2190,202303,49,3488.0,7.2,0.246,0,0.124,1,autonomo,1,0
2191,202409,38,4471.0,4.7,0.337,0,0.253,1,servidor,1,0
2192,202412,41,4072.0,2.6,0.396,0,0.345,4,CLT,0,0
2193,202411,35,5887.0,4.5,0.287,0,0.051,1,CLT,0,0
2194,202405,31,3032.0,5.6,0.391,0,0.257,3,autonomo,1,0
2195,202309,53,3731.0,10.2,0.585,0,0.197,2,CLT,1,0
2196,202412,60,6572.0,2.7,0.809,1,0.474,2,aposentado,1,0
2197,202406,35,1165.0,4.7,0.484,0,0.372,3,servidor,0,0
2198,202412,63,4889.0,0.7,0.506,1,0.5,1,autonomo,0,1
2199,202402,48,3081.0,4.2,0.425,1,0.123,3,CLT,1,0
2200,202312,29,2307.0,20.7,0.579,0,0.23,0,CLT,0,0
2201,202409,38,4308.0,4.7,0.475,0,0.41,2,CLT,0,0
2202,202407,21,6726.0,0.5,0.169,0,0.192,1,CLT,0,0
2203,202304,22,6122.0,1.2,0.707,0,0.236,1,aposentado,1,0
2204,202409,37,3403.0,5.6,0.201,0,0.279,1,CLT,0,0
2205,202409,43,5641.0,1.8,0.309,0,0.107,4,CLT,1,1
2206,202407,60,5620.0,1.3,0.617,0,0.362,1,aposentado,1,0
2207,202306,27,3485.0,6.0,0.7,0,0.434,0,autonomo,1,0
2208,202305,62,2575.0,6.0,0.402,0,0.282,2,CLT,1,1
2209,202306,32,2650.0,27.9,0.38,0,0.475,3,CLT,1,0
2210,202306,27,5535.0,0.9,0.402,2,0.212,2,servidor,1,0
2211,202312,55,3565.0,3.7,0.228,0,0.129,2,CLT,1,0
2212,202311,58,2158.0,1.1,0.188,0,0.206,1,servidor,0,1
2213,202402,50,1568.0,4.9,0.45,0,0.209,2,CLT,0,1
2214,202312,26,5519.0,3.2,0.128,0,0.309,0,servidor,0,0
2215,202404,26,2770.0,2.2,0.23,0,0.118,1,servidor,1,0
2216,202403,40,4295.0,6.3,0.259,0,0.039,0,CLT,0,0
2217,202303,43,6767.0,7.1,0.247,0,0.15,0,CLT,1,0
2218,202408,69,1892.0,1.4,0.624,0,0.229,0,servidor,1,0
2219,202308,35,3560.0,1.5,0.486,0,0.321,1,autonomo,0,1
2220,202303,30,3343.0,1.1,0.161,0,0.452,0,servidor,0,0
2221,202305,67,4402.0,2.3,0.321,0,0.648,0,servidor,1,1
2222,202401,28,6765.0,7.5,0.319,0,0.241,2,aposentado,0,0
2223,202303,22,1873.0,1.0,0.073,1,0.179,1,CLT,0,0
2224,202411,41,4841.0,0.1,0.503,1,0.205,2,aposentado,1,1
2225,202307,40,6098.0,17.8,0.573,1,0.338,1,CLT,1,0
2226,202402,51,3317.0,2.5,0.552,1,0.453,1,CLT,0,0
2227,202406,64,3399.0,0.0,0.678,0,0.49,2,servidor,1,0
2228,202411,66,4488.0,9.9,0.366,0,0.634,0,servidor,1,1
2229,202402,35,4326.0,0.6,0.136,0,0.225,2,servidor,0,0
2230,202312,69,4872.0,8.9,0.381,0,0.241,2,aposentado,0,0
2231,202309,52,4821.0,4.2,0.285,1,0.553,3,autonomo,0,0
2232,202409,24,2228.0,4.9,0.281,1,0.065,1,servidor,0,0
2233,202304,66,5974.0,9.6,0.193,0,0.626,0,CLT,0,0
2234,202304,27,6525.0,2.3,0.304,0,0.295,1,CLT,1,0
2235,202309,49,3996.0,0.1,0.49,0,0.489,2,aposentado,0,0
2236,202408,59,1725.0,2.3,0.62,1,0.66,2,aposentado,0,1
2237,202310,33,3438.0,1.5,0.306,0,0.315,0,CLT,1,0
2238,202303,34,4013.0,4.3,0.186,0,0.181,0,autonomo,0,0
2239,202407,44,2054.0,6.8,0.736,2,0.356,1,autonomo,1,0
2240,202401,64,3041.0,8.7,0.146,1,0.178,5,CLT,1,0
2241,202412,31,1800.0,5.6,0.349,0,0.187,2,CLT,1,1
2242,202302,53,4933.0,1.7,0.327,0,0.235,0,CLT,0,0
2243,202406,43,3956.0,9.9,0.154,0,0.203,1,servidor,1,0
2244,202407,26,1599.0,12.3,0.82,1,0.321,0,CLT,0,1
2245,202402,55,4340.0,0.3,0.143,1,0.205,0,CLT,0,0
2246,202307,61,3540.0,10.5,0.402,0,0.257,0,autonomo,1,0
2247,202406,49,4714.0,5.1,0.27,0,0.149,2,CLT,1,0
2248,202305,29,2994.0,3.2,0.364,0,0.17,1,autonomo,0,0
2249,202410,28,2439.0,13.5,0.554,0,0.269,0,aposentado,0,0
2250,202404,41,2476.0,0.9,0.589,0,0.1,0,CLT,0,0
2251,202404,45,2782.0,4.5,0.342,0,0.225,1,CLT,0,0
2252,202309,48,3675.0,4.3,0.071,0,0.314,1,CLT,0,0
2253,202410,32,3921.0,0.5,0.676,1,0.063,2,CLT,1,1
2254,202410,45,3310.0,3.5,0.702,0,0.178,1,CLT,1,0
2255,202310,35,2946.0,1.5,0.395,0,0.192,0,servidor,0,0
2256,202305,54,3054.0,1.5,0.447,0,0.049,1,CLT,1,0
2257,202401,60,12757.0,6.8,0.367,0,0.254,2,CLT,0,0
2258,202405,52,2477.0,3.8,0.413,0,0.198,0,CLT,0,0
2259,202402,21,2755.0,3.0,0.38,1,0.497,1,CLT,1,1
2260,202409,69,18900.0,18.3,0.774,1,0.285,1,servidor,0,0
2261,202404,22,4494.0,0.7,0.407,1,0.693,2,CLT,1,1
2262,202303,69,1826.0,0.3,0.531,0,0.358,2,CLT,0,1
2263,202405,22,5549.0,13.5,0.589,0,0.268,0,servidor,0,1
2264,202309,46,2310.0,1.1,0.239,0,0.384,1,autonomo,1,0
2265,202411,26,5736.0,5.3,0.088,0,0.354,1,CLT,0,0
2266,202405,25,3276.0,11.1,0.238,0,0.083,0,autonomo,0,0
2267,202305,54,2922.0,3.0,0.173,1,0.226,1,servidor,1,0
2268,202305,56,8140.0,2.1,0.747,1,0.355,2,CLT,1,0
2269,202408,26,4833.0,1.4,0.292,0,0.337,2,aposentado,0,0
2270,202401,68,5922.0,0.6,0.516,0,0.25,2,autonomo,1,0
2271,202305,36,4525.0,1.1,0.371,1,0.153,2,CLT,1,0
2272,202303,36,2915.0,4.1,0.355,0,0.116,1,CLT,1,0
2273,202407,35,4943.0,3.6,0.696,0,0.029,0,servidor,1,0
2274,202302,43,6665.0,2.2,0.828,0,0.164,1,CLT,1,0
2275,202305,29,3895.0,1.9,0.153,0,0.191,0,CLT,1,0
2276,202306,41,8963.0,0.2,0.498,0,0.341,2,autonomo,1,0
2277,202408,31,5571.0,7.1,0.081,0,0.288,1,CLT,1,0
2278,202412,23,4048.0,0.8,0.378,0,0.253,2,autonomo,0,1
2279,202409,39,4129.0,14.6,0.469,0,0.075,0,CLT,1,0
2280,202304,53,3900.0,0.3,0.151,0,0.09,0,autonomo,0,0
2281,202411,58,1948.0,5.0,0.37,1,0.072,1,aposentado,0,0
2282,202305,38,3481.0,1.1,0.166,0,0.203,3,CLT,0,0
2283,202409,36,4067.0,0.6,0.189,0,0.172,3,autonomo,0,0
2284,202304,59,2957.0,0.6,0.72,0,0.387,1,CLT,0,1
2285,202310,54,4311.0,5.0,0.72,0,0.214,0,autonomo,1,0
2286,202401,61,3680.0,9.9,0.783,1,0.212,1,servidor,1,0
2287,202303,65,5361.0,16.8,0.49,0,0.305,1,autonomo,0,0
2288,202306,61,5072.0,12.3,0.432,0,0.381,1,servidor,0,0
2289,202304,66,3958.0,5.8,0.297,0,0.253,0,CLT,1,0
2290,202411,41,1838.0,21.6,0.118,0,0.201,1,servidor,1,0
2291,202412,40,8914.0,11.2,0.791,1,0.338,2,servidor,0,0
2292,202307,36,3392.0,9.3,0.219,1,0.38,1,autonomo,0,0
2293,202412,32,3497.0,6.1,0.537,2,0.237,0,autonomo,1,0
2294,202411,57,3068.0,5.6,0.482,0,0.031,2,aposentado,1,0
2295,202310,56,2852.0,4.9,0.606,0,0.312,1,aposentado,0,0
2296,202409,60,7880.0,8.9,0.548,0,0.17,1,autonomo,1,0
2297,202406,29,7281.0,0.4,0.239,0,0.323,2,CLT,1,1
2298,202302,45,4547.0,0.6,0.227,0,0.165,3,CLT,1,0
2299,202410,31,3450.0,9.0,0.085,0,0.402,3,aposentado,0,0
2300,202308,64,4962.0,5.6,0.119,0,0.365,0,servidor,1,0
2301,202403,34,3778.0,1.9,0.156,0,0.407,2,CLT,0,1
2302,202310,28,3311.0,6.0,0.217,0,0.37,2,CLT,0,0
2303,202306,48,4312.0,3.0,0.576,1,0.34,2,CLT,1,1
2304,202408,64,2920.0,0.3,0.349,0,0.255,2,CLT,1,0
2305,202305,65,4130.0,2.8,0.628,0,0.411,1,autonomo,0,1
2306,202302,25,4032.0,3.7,0.413,1,0.367,2,autonomo,1,0
2307,202311,36,4922.0,5.2,0.261,1,0.427,1,CLT,1,0
2308,202406,28,2672.0,11.0,0.361,0,0.597,1,autonomo,0,1
2309,202310,36,5193.0,0.1,0.285,0,0.36,0,aposentado,0,0
2310,202304,47,2314.0,4.7,0.522,1,0.037,4,autonomo,1,0
2311,202311,34,2735.0,0.3,0.246,0,0.133,1,servidor,0,0
2312,202301,24,2795.0,1.7,0.233,1,0.479,1,CLT,0,0
2313,202403,45,2130.0,1.9,0.351,0,0.613,1,servidor,0,0
2314,202407,23,6050.0,20.8,0.097,0,0.46,2,servidor,1,0
2315,202305,32,2243.0,3.5,0.691,0,0.141,0,autonomo,0,0
2316,202305,21,2567.0,1.7,0.443,1,0.447,1,autonomo,1,1
2317,202312,25,6821.0,1.4,0.677,0,0.214,1,autonomo,0,0
2318,202401,42,2737.0,0.2,0.477,1,0.322,1,CLT,0,0
2319,202406,62,3314.0,2.1,0.416,0,0.289,0,CLT,0,0
2320,202401,58,2195.0,1.9,0.481,0,0.217,1,autonomo,0,0
2321,202412,25,5522.0,2.4,0.162,0,0.186,3,CLT,1,1
2322,202302,22,5560.0,2.8,0.388,1,0.457,0,autonomo,1,0
2323,202310,37,5268.0,2.8,0.17,2,0.476,0,servidor,0,0
2324,202409,52,4764.0,1.2,0.673,1,0.617,0,servidor,0,1
2325,202412,57,3777.0,0.8,0.281,0,0.234,2,autonomo,0,1
2326,202310,61,2801.0,1.6,0.219,0,0.044,1,servidor,0,0
2327,202404,37,2422.0,15.8,0.295,1,0.631,1,servidor,1,0
2328,202309,29,6939.0,8.1,0.12,1,0.231,1,CLT,0,0
2329,202407,22,5337.0,1.9,0.152,0,0.525,1,servidor,1,0
2330,202403,28,2574.0,7.0,0.622,2,0.259,0,CLT,1,0
2331,202409,24,3714.0,0.7,0.305,0,0.428,6,aposentado,0,0
2332,202409,63,3134.0,2.0,0.174,2,0.246,0,CLT,0,0
2333,202303,34,2071.0,9.5,0.421,0,0.401,1,aposentado,1,0
2334,202310,61,3979.0,1.5,0.696,1,0.333,2,CLT,0,0
2335,202412,48,2958.0,7.2,0.193,1,0.639,0,servidor,0,0
2336,202308,47,2261.0,4.3,0.692,2,0.271,1,CLT,0,1
2337,202308,43,1738.0,2.8,0.211,0,0.393,0,CLT,1,0
2338,202307,61,1666.0,5.1,0.238,0,0.102,0,CLT,1,0
2339,202406,23,3024.0,15.3,0.446,0,0.396,2,CLT,1,0
2340,202407,25,3489.0,4.5,0.738,0,0.099,4,CLT,0,1
2341,202407,41,2350.0,4.6,0.173,0,0.168,0,autonomo,0,0
2342,202309,40,5041.0,6.9,0.314,0,0.117,1,aposentado,0,0
2343,202307,47,3524.0,2.2,0.359,0,0.255,1,CLT,0,0
2344,202410,57,4858.0,4.0,0.296,0,0.406,2,servidor,1,0
2345,202405,49,3323.0,1.7,0.866,2,0.32,1,CLT,0,0
2346,202307,33,2456.0,2.6,0.425,1,0.13,1,autonomo,0,0
2347,202303,37,3855.0,6.3,0.12,1,0.209,1,autonomo,1,0
2348,202407,57,1937.0,2.7,0.486,0,0.24,2,CLT,1,0
2349,202405,30,4768.0,0.0,0.65,1,0.111,1,CLT,0,0
2350,202403,45,2279.0,0.1,0.41,1,0.246,4,CLT,1,0
2351,202406,47,5762.0,14.7,0.442,1,0.359,1,autonomo,0,0
2352,202402,57,3074.0,3.4,0.325,1,0.143,1,autonomo,0,0
2353,202402,56,6194.0,5.2,0.607,1,0.14,3,CLT,0,0
2354,202307,43,2077.0,8.9,0.317,2,0.558,1,autonomo,1,1
2355,202409,36,2594.0,3.4,0.19,1,0.387,2,autonomo,1,1
2356,202305,39,4405.0,0.9,0.465,0,0.322,2,CLT,0,1
2357,202401,41,6537.0,6.9,0.049,1,0.533,0,CLT,0,0
2358,202310,31,8377.0,5.1,0.638,1,0.254,2,servidor,1,0
2359,202407,51,3717.0,8.5,0.337,1,0.394,2,autonomo,0,0
2360,202401,31,9126.0,15.1,0.307,0,0.289,0,CLT,1,0
2361,202407,52,3150.0,0.3,0.628,1,0.352,2,CLT,0,0
2362,202301,57,6307.0,0.1,0.454,0,0.607,0,CLT,1,0
2363,202312,68,2273.0,20.3,0.164,1,0.614,0,aposentado,1,0
2364,202306,26,4492.0,7.6,0.42,0,0.153,7,autonomo,1,0
2365,202301,58,1129.0,13.8,0.3,1,0.549,1,aposentado,0,0
2366,202409,25,2078.0,0.6,0.257,0,0.065,2,CLT,1,1
2367,202307,37,4598.0,7.4,0.192,1,0.205,0,servidor,0,1
2368,202302,29,1889.0,14.0,0.63,1,0.03,1,CLT,0,1
2369,202412,28,4507.0,22.1,0.785,1,0.411,0,autonomo,1,1
2370,202402,29,5729.0,9.2,0.654,1,0.264,0,servidor,1,0
2371,202302,23,2834.0,10.5,0.65,0,0.247,1,aposentado,0,0
2372,202304,61,2243.0,6.4,0.131,0,0.151,1,CLT,0,0
2373,202301,23,2872.0,0.8,0.062,0,0.144,1,autonomo,1,0
2374,202305,40,2246.0,5.5,0.267,1,0.136,0,CLT,0,0
2375,202410,55,3461.0,3.1,0.425,0,0.348,3,servidor,1,0
2376,202310,69,3832.0,2.3,0.758,1,0.468,0,autonomo,1,1
2377,202302,62,3124.0,2.7,0.168,0,0.1,1,aposentado,0,0
2378,202305,27,8410.0,0.8,0.336,1,0.336,0,CLT,1,0
2379,202311,69,2541.0,7.0,0.575,0,0.575,0,autonomo,0,0
2380,202305,53,7301.0,0.3,0.197,1,0.183,1,CLT,0,0
2381,202304,29,2163.0,9.6,0.258,0,0.067,2,servidor,0,0
2382,202411,42,3776.0,0.3,0.293,0,0.084,1,CLT,0,0
2383,202411,65,6578.0,2.3,0.273,0,0.175,5,CLT,1,0
2384,202403,40,6410.0,3.1,0.703,1,0.558,3,aposentado,0,1
2385,202406,29,2951.0,8.3,0.254,0,0.527,2,CLT,0,1
2386,202309,63,4806.0,6.8,0.575,1,0.273,1,aposentado,0,1
2387,202409,67,4494.0,16.3,0.486,0,0.3,3,autonomo,1,1
2388,202308,68,2780.0,1.4,0.181,1,0.276,3,CLT,0,0
2389,202407,67,4954.0,1.7,0.192,0,0.325,1,CLT,1,1
2390,202301,63,9240.0,1.1,0.162,1,0.13,0,CLT,1,0
2391,202301,43,4609.0,1.5,0.075,0,0.319,1,servidor,0,0
2392,202301,30,4833.0,8.5,0.439,0,0.402,3,CLT,1,0
2393,202304,51,5095.0,3.2,0.386,0,0.271,1,CLT,1,1
2394,202306,31,1754.0,7.2,0.719,0,0.234,1,CLT,0,0
2395,202409,44,4583.0,1.6,0.114,0,0.32,1,CLT,0,0
2396,202302,53,2190.0,0.7,0.296,0,0.459,1,servidor,0,1
2397,202308,67,2711.0,3.8,0.393,1,0.596,0,CLT,1,0
2398,202301,35,10732.0,0.9,0.439,1,0.486,1,autonomo,0,1
2399,202304,33,3208.0,4.6,0.6,0,0.183,1,autonomo,1,0
2400,202406,57,2515.0,2.2,0.554,0,0.171,1,CLT,0,0
2401,202311,21,6479.0,2.4,0.594,0,0.114,2,CLT,0,1
2402,202312,48,2267.0,8.1,0.2,0,0.39,1,autonomo,0,0
2403,202403,57,2911.0,3.6,0.756,1,0.757,1,CLT,0,1
2404,202405,47,6799.0,0.6,0.769,0,0.376,0,CLT,0,0
2405,202309,39,3720.0,2.1,0.326,1,0.182,2,CLT,0,0
2406,202309,61,1668.0,2.8,0.376,0,0.519,1,CLT,1,1
2407,202412,39,4779.0,4.3,0.738,0,0.182,1,CLT,0,0
2408,202304,55,2986.0,20.2,0.496,0,0.114,2,autonomo,0,0
2409,202405,43,7863.0,0.3,0.443,1,0.103,0,CLT,0,0
2410,202302,22,2689.0,5.4,0.318,1,0.26,0,CLT,1,0
2411,202305,46,6159.0,9.5,0.937,1,0.452,2,CLT,0,0
2412,202401,23,8847.0,0.6,0.444,0,0.353,1,autonomo,0,0
2413,202303,66,2379.0,10.6,0.609,2,0.197,0,CLT,0,0
2414,202410,50,3306.0,1.9,0.251,0,0.237,1,CLT,0,0
2415,202409,39,4422.0,0.1,0.605,0,0.514,0,autonomo,1,0
2416,202407,44,2372.0,10.2,0.737,0,0.105,0,CLT,1,1
2417,202310,51,4168.0,6.9,0.72,0,0.079,0,autonomo,1,0
2418,202411,33,3254.0,1.3,0.586,0,0.238,3,CLT,1,0
2419,202309,35,3221.0,3.1,0.393,0,0.203,2,CLT,0,0
2420,202305,41,3731.0,1.4,0.807,0,0.404,0,CLT,0,0
2421,202308,33,3773.0,5.2,0.459,0,0.147,1,CLT,0,0
2422,202302,58,3952.0,3.9,0.139,1,0.122,0,autonomo,1,0
2423,202412,26,2699.0,1.0,0.712,0,0.2,2,CLT,1,0
2424,202411,61,2758.0,3.2,0.326,2,0.237,0,servidor,0,0
2425,202301,38,3431.0,8.5,0.404,1,0.033,1,CLT,0,0
2426,202409,48,3560.0,1.1,0.042,0,0.165,3,CLT,0,0
2427,202412,28,2924.0,2.7,0.472,0,0.63,1,CLT,0,1
2428,202403,39,4281.0,2.2,0.336,1,0.404,1,servidor,0,0
2429,202412,57,1469.0,12.4,0.395,0,0.319,3,autonomo,1,0
2430,202403,34,2527.0,0.1,0.198,0,0.28,0,servidor,1,0
2431,202407,27,3165.0,8.1,0.528,2,0.191,1,CLT,0,0
2432,202304,46,2373.0,1.2,0.165,1,0.213,0,servidor,0,0
2433,202408,28,8222.0,0.2,0.393,1,0.201,2,aposentado,1,0
2434,202412,36,3675.0,2.2,0.356,1,0.474,2,CLT,0,1
2435,202406,43,3977.0,3.0,0.539,0,0.165,2,CLT,0,0
2436,202409,48,2859.0,12.1,0.324,1,0.159,3,CLT,0,1
2437,202308,52,3612.0,0.9,0.362,0,0.409,2,autonomo,0,0
2438,202301,54,1983.0,19.1,0.433,1,0.242,2,CLT,0,0
2439,202410,62,3345.0,6.2,0.498,0,0.599,3,servidor,0,0
2440,202309,24,2279.0,0.5,0.543,0,0.401,1,servidor,1,0
2441,202305,38,3169.0,8.9,0.471,0,0.136,2,CLT,1,0
2442,202403,21,1012.0,3.5,0.704,0,0.586,3,autonomo,0,1
2443,202309,21,2071.0,16.1,0.35,0,0.218,0,autonomo,1,0
2444,202404,31,7570.0,0.6,0.237,0,0.389,1,servidor,1,1
2445,202302,50,5515.0,12.1,0.792,0,0.273,0,autonomo,1,0
2446,202306,64,7041.0,0.4,0.533,0,0.118,0,CLT,0,0
2447,202305,58,7287.0,1.9,0.51,0,0.65,2,autonomo,1,0
2448,202302,52,5097.0,1.0,0.452,0,0.197,1,autonomo,1,0
2449,202310,59,2903.0,14.2,0.288,1,0.159,1,CLT,1,0
2450,202312,29,2168.0,4.2,0.119,0,0.201,1,CLT,1,0
2451,202301,62,6460.0,3.6,0.715,0,0.408,2,autonomo,1,1
2452,202406,64,3760.0,1.4,0.786,0,0.288,1,autonomo,1,0
2453,202412,25,12670.0,0.3,0.185,2,0.488,2,servidor,0,0
2454,202401,44,3033.0,6.1,0.676,0,0.027,1,CLT,0,0
2455,202304,61,9764.0,5.1,0.555,0,0.198,2,aposentado,0,0
2456,202302,44,3366.0,36.0,0.195,1,0.293,0,CLT,0,0
2457,202410,62,7101.0,2.3,0.342,0,0.356,2,autonomo,1,0
2458,202301,66,8504.0,5.9,0.304,0,0.185,2,CLT,0,0
2459,202403,44,2183.0,2.2,0.373,0,0.128,1,CLT,0,0
2460,202401,23,2857.0,4.1,0.328,0,0.444,1,autonomo,1,1
2461,202308,37,2172.0,5.2,0.238,0,0.256,2,autonomo,0,1
2462,202303,31,1969.0,4.3,0.336,0,0.18,0,CLT,0,0
2463,202409,44,5082.0,6.4,0.477,0,0.087,1,CLT,0,0
2464,202408,49,3300.0,12.8,0.279,0,0.309,1,CLT,0,1
2465,202401,43,3738.0,2.8,0.758,1,0.184,0,CLT,0,0
2466,202305,30,4808.0,1.0,0.444,0,0.46,0,CLT,1,0
2467,202406,35,1438.0,3.9,0.691,0,0.363,4,autonomo,0,1
2468,202306,54,6928.0,5.3,0.175,1,0.406,0,CLT,0,0
2469,202303,22,3058.0,1.4,0.207,0,0.429,1,CLT,0,1
2470,202310,31,4751.0,2.5,0.331,1,0.279,2,CLT,1,1
2471,202309,64,4966.0,6.2,0.701,0,0.253,0,autonomo,1,0
2472,202307,25,7226.0,4.3,0.437,1,0.188,1,servidor,0,0
2473,202311,41,3455.0,6.1,0.684,1,0.206,0,CLT,1,0
2474,202304,31,1259.0,0.6,0.061,1,0.478,3,aposentado,0,0
2475,202305,26,3746.0,4.4,0.414,0,0.236,3,autonomo,0,0
2476,202408,41,4025.0,4.6,0.952,1,0.157,0,servidor,1,1
2477,202408,46,2171.0,7.0,0.182,0,0.331,4,servidor,0,1
2478,202404,29,3920.0,2.3,0.356,0,0.153,0,CLT,1,0
2479,202403,24,3040.0,1.9,0.32,0,0.225,5,CLT,0,0
2480,202304,27,1861.0,5.4,0.39,0,0.12,3,servidor,1,1
2481,202304,52,5094.0,6.2,0.087,0,0.072,1,CLT,0,0
2482,202410,63,2747.0,9.7,0.777,1,0.21,1,autonomo,1,1
2483,202301,29,2971.0,5.6,0.297,1,0.619,2,CLT,0,0
2484,202305,36,2889.0,4.8,0.147,1,0.276,2,autonomo,0,0
2485,202404,37,6753.0,1.3,0.184,1,0.396,1,CLT,0,0
2486,202404,38,3567.0,0.9,0.166,2,0.1,2,aposentado,1,0
2487,202302,32,3788.0,6.1,0.18,0,0.185,1,servidor,0,0
2488,202311,23,2921.0,7.4,0.359,0,0.151,1,CLT,0,0
2489,202405,46,4589.0,0.3,0.584,1,0.566,0,autonomo,1,0
2490,202410,38,7149.0,1.1,0.608,0,0.334,0,CLT,0,0
2491,202402,37,5034.0,3.4,0.291,0,0.474,0,CLT,1,0
2492,202303,33,5133.0,4.5,0.398,0,0.07,1,aposentado,0,0
2493,202312,66,4930.0,0.7,0.278,0,0.379,3,CLT,0,0
2494,202310,50,1826.0,8.8,0.29,0,0.093,0,CLT,1,0
2495,202406,41,2349.0,8.7,0.113,1,0.248,0,servidor,0,0
2496,202401,31,3286.0,2.6,0.212,1,0.183,0,CLT,0,0
2497,202302,60,2533.0,9.4,0.397,1,0.115,1,servidor,1,0
2498,202301,64,2138.0,4.0,0.439,0,0.271,0,aposentado,0,0
2499,202408,22,1428.0,1.9,0.68,0,0.564,0,autonomo,0,1
2500,202309,66,1857.0,0.5,0.651,0,0.262,1,CLT,0,0
2501,202303,55,3203.0,2.3,0.538,0,0.058,0,autonomo,1,0
2502,202408,25,3517.0,3.1,0.523,0,0.344,1,CLT,0,0
2503,202301,57,2449.0,3.9,0.448,0,0.063,1,CLT,0,1
2504,202305,26,3788.0,7.7,0.835,2,0.171,0,servidor,0,0
2505,202304,23,2931.0,1.3,0.619,0,0.247,0,aposentado,0,0
2506,202406,26,6281.0,0.9,0.202,0,0.205,0,CLT,1,0
2507,202405,43,3358.0,3.0,0.272,0,0.278,3,CLT,1,0
2508,202408,51,5157.0,2.5,0.6,1,0.465,2,CLT,0,0
2509,202412,40,4030.0,1.5,0.151,0,0.583,0,CLT,0,1
2510,202305,26,1806.0,4.0,0.421,1,0.376,1,CLT,1,0
2511,202312,30,3480.0,1.1,0.444,0,0.243,0,CLT,0,0
2512,202402,62,1963.0,9.3,0.864,1,0.444,2,aposentado,0,0
2513,202306,68,3449.0,5.6,0.818,1,0.384,2,aposentado,0,0
2514,202408,57,2508.0,3.6,0.311,0,0.272,2,CLT,0,0
2515,202311,26,4407.0,0.0,0.045,1,0.366,1,CLT,0,0
2516,202410,61,1861.0,4.5,0.521,1,0.391,1,autonomo,1,0
2517,202407,54,3668.0,6.8,0.024,0,0.311,1,CLT,1,0
2518,202312,46,4847.0,6.1,0.047,1,0.042,6,autonomo,1,1
2519,202309,28,5732.0,1.7,0.311,0,0.166,0,CLT,1,0
2520,202402,69,2485.0,2.0,0.048,0,0.174,0,autonomo,0,0
2521,202306,42,3673.0,4.1,0.218,0,0.573,0,CLT,0,0
2522,202306,23,3992.0,2.5,0.583,0,0.337,2,CLT,0,1
2523,202405,31,7892.0,6.0,0.272,2,0.053,0,CLT,1,0
2524,202404,40,1736.0,10.3,0.412,0,0.419,1,aposentado,0,0
2525,202411,24,2309.0,4.8,0.189,1,0.436,1,autonomo,0,1
2526,202411,36,14798.0,1.9,0.642,1,0.154,1,CLT,1,0
2527,202310,43,3176.0,1.0,0.493,0,0.143,2,CLT,0,0
2528,202409,67,1414.0,1.0,0.138,0,0.523,2,CLT,1,0
2529,202411,25,2721.0,3.1,0.321,0,0.253,2,CLT,1,0
2530,202303,49,912.0,16.9,0.48,0,0.109,0,CLT,0,0
2531,202308,65,4107.0,0.7,0.138,0,0.299,2,servidor,0,0
2532,202312,60,5458.0,3.0,0.137,0,0.361,4,aposentado,0,0
2533,202401,66,2308.0,1.4,0.154,0,0.191,3,CLT,1,0
2534,202402,29,2877.0,5.9,0.829,0,0.684,1,autonomo,1,1
2535,202306,60,5778.0,6.9,0.232,0,0.39,1,CLT,0,0
2536,202406,68,1518.0,0.0,0.194,0,0.55,1,CLT,1,1
2537,202410,36,1880.0,11.7,0.142,1,0.179,1,CLT,0,0
2538,202306,45,3248.0,3.4,0.191,0,0.038,1,autonomo,1,0
2539,202302,47,2499.0,8.9,0.279,1,0.497,3,autonomo,1,0
2540,202309,45,3143.0,0.7,0.111,0,0.194,0,aposentado,1,0
2541,202301,35,1936.0,12.5,0.804,0,0.214,0,autonomo,0,0
2542,202404,68,4053.0,3.8,0.142,0,0.154,1,CLT,1,0
2543,202408,67,3379.0,0.7,0.33,0,0.633,0,CLT,1,0
2544,202306,39,4791.0,3.0,0.097,1,0.506,1,autonomo,0,0
2545,202404,60,4025.0,17.8,0.162,0,0.518,2,CLT,1,0
2546,202308,40,4037.0,2.5,0.185,1,0.163,1,CLT,0,0
2547,202306,59,1767.0,0.5,0.914,1,0.309,1,CLT,0,1
2548,202411,49,4658.0,19.6,0.306,1,0.151,2,CLT,1,0
2549,202402,44,3086.0,14.5,0.147,1,0.113,2,CLT,0,0
2550,202312,27,3350.0,4.2,0.504,0,0.167,1,CLT,1,0
2551,202404,53,6150.0,3.4,0.62,0,0.127,1,autonomo,1,0
2552,202304,36,2541.0,4.7,0.465,0,0.139,3,CLT,0,0
2553,202404,31,7155.0,2.7,0.164,0,0.354,0,autonomo,1,1
2554,202304,30,7497.0,4.2,0.073,0,0.538,0,CLT,0,0
2555,202403,69,5305.0,13.1,0.53,0,0.451,5,servidor,1,0
2556,202406,26,2230.0,4.7,0.519,0,0.37,0,autonomo,0,1
2557,202303,60,1220.0,1.4,0.074,1,0.293,0,autonomo,0,0
2558,202301,63,6244.0,0.1,0.062,1,0.203,1,CLT,0,0
2559,202401,22,3849.0,3.9,0.43,1,0.577,2,CLT,0,1
2560,202403,49,2508.0,5.8,0.208,0,0.556,2,CLT,1,1
2561,202407,49,6547.0,12.3,0.416,1,0.301,2,autonomo,0,0
2562,202309,38,2367.0,2.2,0.45,0,0.148,3,aposentado,1,0
2563,202407,53,2945.0,5.1,0.577,1,0.297,1,aposentado,0,1
2564,202301,41,4734.0,1.8,0.311,1,0.114,1,CLT,0,1
2565,202408,42,2086.0,3.8,0.635,0,0.356,1,autonomo,0,1
2566,202410,42,3447.0,7.6,0.39,0,0.283,2,CLT,1,0
2567,202302,60,6277.0,6.0,0.434,0,0.355,1,CLT,1,0
2568,202302,52,4046.0,3.1,0.316,1,0.486,2,CLT,0,0
2569,202311,39,6793.0,4.8,0.124,0,0.306,3,autonomo,1,0
2570,202307,66,6418.0,4.9,0.415,0,0.109,1,autonomo,0,0
2571,202301,60,3655.0,1.6,0.717,0,0.1,2,autonomo,0,0
2572,202302,66,1132.0,1.4,0.374,1,0.247,1,autonomo,0,0
2573,202409,56,2095.0,6.7,0.61,0,0.443,0,CLT,1,0
2574,202306,40,5333.0,9.4,0.474,0,0.284,3,autonomo,0,0
2575,202307,58,1677.0,6.0,0.479,0,0.073,1,aposentado,1,0
2576,202306,37,3092.0,21.2,0.731,0,0.271,1,aposentado,0,0
2577,202404,34,4312.0,6.9,0.263,0,0.072,0,CLT,1,0
2578,202309,43,7592.0,1.3,0.444,0,0.231,0,CLT,1,0
2579,202401,68,2731.0,14.2,0.652,0,0.232,0,CLT,0,0
2580,202402,48,2639.0,6.7,0.254,0,0.207,2,CLT,1,0
2581,202305,39,3547.0,1.4,0.607,0,0.111,1,CLT,0,0
2582,202407,43,4339.0,2.7,0.478,0,0.449,3,CLT,1,0
2583,202406,35,3371.0,1.9,0.243,0,0.378,2,CLT,0,0
2584,202411,53,6153.0,0.3,0.236,0,0.32,1,autonomo,1,0
2585,202308,38,2442.0,15.7,0.33,1,0.486,0,CLT,0,1
2586,202410,48,3866.0,1.4,0.204,0,0.545,2,CLT,1,0
2587,202301,39,4549.0,3.4,0.412,0,0.2,0,CLT,0,0
2588,202406,36,2981.0,0.4,0.115,1,0.178,2,autonomo,1,0
2589,202305,68,5541.0,2.8,0.303,1,0.235,2,autonomo,0,0
2590,202303,37,3922.0,4.0,0.097,0,0.186,0,servidor,0,0
2591,202312,24,5401.0,5.4,0.066,1,0.272,1,servidor,0,0
2592,202405,39,4012.0,8.9,0.448,2,0.512,3,autonomo,0,0
2593,202405,47,4395.0,0.5,0.071,0,0.392,1,CLT,1,1
2594,202403,25,2654.0,0.1,0.844,2,0.445,1,CLT,0,1
2595,202404,35,2656.0,3.8,0.435,0,0.392,0,aposentado,1,0
2596,202301,29,6716.0,2.2,0.56,0,0.197,2,autonomo,1,0
2597,202403,45,5003.0,14.5,0.525,0,0.055,2,CLT,0,0
2598,202403,56,2183.0,5.6,0.408,0,0.194,2,autonomo,1,0
2599,202409,68,3986.0,1.2,0.1,1,0.617,0,CLT,0,0
2600,202312,40,1111.0,1.0,0.282,1,0.356,0,CLT,0,1
2601,202311,63,2733.0,10.5,0.515,1,0.298,0,aposentado,0,0
2602,202403,31,5887.0,0.3,0.455,0,0.53,0,CLT,1,0
2603,202304,59,3420.0,6.7,0.697,0,0.478,1,servidor,0,0
2604,202405,48,3862.0,14.1,0.384,2,0.426,2,CLT,1,0
2605,202308,58,806.0,2.1,0.565,0,0.206,0,servidor,1,0
2606,202409,58,2993.0,7.5,0.288,0,0.586,3,CLT,0,1
2607,202304,47,4312.0,11.9,0.352,0,0.082,0,CLT,1,0
2608,202407,33,4595.0,7.6,0.42,0,0.08,1,servidor,0,0
2609,202406,46,5891.0,3.6,0.51,0,0.563,1,autonomo,0,1
2610,202402,61,3278.0,4.6,0.439,0,0.359,0,autonomo,1,0
2611,202306,68,3352.0,8.2,0.493,0,0.289,2,autonomo,1,0
2612,202310,66,1870.0,8.7,0.424,0,0.149,0,servidor,0,0
2613,202408,29,3287.0,4.1,0.223,3,0.188,1,servidor,0,0
2614,202407,50,1938.0,0.8,0.171,0,0.506,3,CLT,1,1
2615,202312,26,1445.0,20.1,0.124,1,0.545,1,servidor,0,1
2616,202306,53,2116.0,1.3,0.495,0,0.269,2,CLT,0,0
2617,202411,69,7741.0,0.8,0.492,1,0.236,0,CLT,0,0
2618,202306,23,3180.0,4.2,0.071,0,0.506,2,servidor,0,0
2619,202403,53,4064.0,0.3,0.608,0,0.305,1,servidor,1,0
2620,202409,67,2817.0,3.3,0.592,1,0.444,0,servidor,0,0
2621,202302,62,1487.0,6.8,0.437,0,0.233,0,CLT,0,0
2622,202407,40,5814.0,4.7,0.414,2,0.028,2,autonomo,1,0
2623,202311,26,1229.0,16.8,0.522,0,0.372,0,autonomo,1,0
2624,202412,66,2759.0,10.8,0.165,2,0.274,0,aposentado,1,0
2625,202301,66,3543.0,9.1,0.639,2,0.272,1,CLT,1,0
2626,202408,49,4086.0,8.6,0.121,0,0.06,3,aposentado,1,0
2627,202404,68,2532.0,5.4,0.165,1,0.248,0,autonomo,0,0
2628,202404,21,1452.0,1.5,0.323,1,0.441,0,CLT,0,1
2629,202307,51,2439.0,0.2,0.073,0,0.285,1,CLT,1,0
2630,202411,22,2504.0,22.0,0.146,1,0.41,0,autonomo,1,0
2631,202307,66,2474.0,4.5,0.418,0,0.241,0,CLT,0,0
2632,202412,54,5914.0,6.1,0.163,0,0.275,0,CLT,0,0
2633,202406,65,1985.0,10.7,0.628,1,0.105,1,CLT,0,1
2634,202403,48,4232.0,7.5,0.064,0,0.277,2,autonomo,0,0
2635,202310,25,3941.0,6.2,0.368,0,0.354,1,autonomo,1,1
2636,202311,22,5885.0,0.3,0.42,0,0.335,1,aposentado,1,0
2637,202411,37,3406.0,2.8,0.51,0,0.326,2,CLT,1,0
2638,202307,57,5408.0,3.2,0.534,1,0.277,0,CLT,1,0
2639,202308,28,3341.0,8.9,0.404,1,0.334,0,CLT,1,0
2640,202302,62,4524.0,0.0,0.589,0,0.223,2,CLT,1,0
2641,202303,32,1717.0,2.0,0.457,1,0.485,1,CLT,0,1
2642,202306,45,973.0,4.9,0.661,0,0.314,2,CLT,1,0
2643,202304,30,4397.0,4.8,0.501,0,0.181,2,autonomo,0,1
2644,202303,43,4517.0,0.7,0.586,3,0.087,2,autonomo,0,0
2645,202312,43,4618.0,0.7,0.368,0,0.311,0,servidor,1,0
2646,202411,21,2800.0,2.7,0.424,1,0.421,3,autonomo,0,1
2647,202410,48,7668.0,5.9,0.286,0,0.545,1,aposentado,1,0
2648,202406,59,2893.0,10.4,0.043,0,0.345,2,CLT,1,0
2649,202308,66,4494.0,0.7,0.667,0,0.185,0,servidor,0,0
2650,202401,37,4902.0,0.2,0.327,1,0.741,0,autonomo,0,0
2651,202309,64,8599.0,10.5,0.412,0,0.198,0,CLT,0,0
2652,202402,64,3107.0,2.5,0.616,0,0.082,1,CLT,0,0
2653,202310,69,2626.0,24.5,0.384,0,0.11,3,autonomo,0,0
2654,202308,39,1721.0,7.4,0.178,1,0.168,1,CLT,1,1
2655,202412,62,7912.0,9.3,0.287,0,0.585,0,autonomo,0,0
2656,202411,48,4495.0,3.8,0.204,0,0.345,1,aposentado,0,0
2657,202310,23,4567.0,0.2,0.141,1,0.353,2,CLT,0,1
2658,202403,34,17298.0,0.6,0.659,0,0.329,1,autonomo,0,0
2659,202306,53,4283.0,4.8,0.508,0,0.423,1,autonomo,1,0
2660,202311,28,1899.0,5.4,0.702,0,0.256,1,aposentado,0,0
2661,202406,42,3301.0,0.8,0.6,1,0.132,1,servidor,0,0
2662,202303,58,2236.0,0.4,0.497,1,0.281,1,aposentado,1,1
2663,202402,28,2987.0,0.7,0.305,1,0.009,2,servidor,1,0
2664,202407,45,2977.0,1.2,0.683,0,0.203,1,CLT,0,1
2665,202409,31,2715.0,26.0,0.519,0,0.517,0,CLT,0,1
2666,202306,47,1814.0,5.0,0.165,0,0.26,0,aposentado,0,0
2667,202405,32,8073.0,7.3,0.202,0,0.327,1,CLT,1,0
2668,202302,68,4228.0,7.7,0.208,0,0.232,1,autonomo,1,0
2669,202308,24,3253.0,10.7,0.366,0,0.25,0,CLT,0,0
2670,202311,68,5318.0,3.6,0.798,1,0.19,1,CLT,0,0
2671,202403,59,4608.0,2.0,0.489,0,0.401,2,CLT,1,0
2672,202308,62,4179.0,7.4,0.35,0,0.533,1,CLT,1,0
2673,202407,62,5128.0,14.8,0.213,0,0.086,0,CLT,0,0
2674,202304,30,3893.0,7.9,0.224,0,0.167,3,autonomo,0,0
2675,202410,66,5090.0,1.3,0.393,1,0.422,1,autonomo,0,0
2676,202307,50,5306.0,1.7,0.608,0,0.21,3,CLT,0,1
2677,202401,68,3950.0,1.6,0.743,0,0.634,3,CLT,1,0
2678,202310,64,3261.0,6.4,0.491,0,0.194,1,CLT,1,0
2679,202408,49,7826.0,4.0,0.494,1,0.281,0,servidor,1,0
2680,202312,39,2867.0,14.6,0.081,0,0.342,0,CLT,0,0
2681,202312,26,4428.0,1.5,0.193,0,0.302,2,autonomo,1,0
2682,202309,25,4478.0,17.4,0.48,0,0.204,2,CLT,0,0
2683,202303,40,2684.0,1.0,0.711,0,0.605,1,aposentado,0,0
2684,202306,60,2431.0,0.0,0.887,1,0.36,1,CLT,0,1
2685,202407,45,3051.0,8.2,0.61,1,0.325,1,aposentado,0,0
2686,202401,44,2847.0,9.8,0.094,0,0.425,2,CLT,0,0
2687,202308,32,1756.0,3.8,0.126,0,0.014,1,servidor,0,0
2688,202407,48,2629.0,1.6,0.304,0,0.607,2,CLT,0,0
2689,202307,52,4159.0,0.2,0.721,1,0.206,3,CLT,1,0
2690,202304,69,6857.0,7.1,0.314,1,0.443,3,autonomo,1,0
2691,202307,56,4804.0,1.3,0.483,0,0.656,0,aposentado,1,1
2692,202303,50,993.0,2.4,0.831,1,0.515,0,autonomo,1,0
2693,202402,65,5017.0,6.1,0.691,0,0.435,1,servidor,0,1
2694,202308,41,2754.0,1.0,0.538,1,0.197,0,CLT,0,0
2695,202306,66,4567.0,0.1,0.418,0,0.438,0,autonomo,1,1
2696,202310,39,3615.0,1.0,0.303,1,0.324,2,CLT,0,0
2697,202303,27,3307.0,7.8,0.466,0,0.393,1,autonomo,0,0
2698,202401,41,3460.0,2.4,0.233,2,0.101,0,autonomo,1,0
2699,202309,27,3600.0,9.5,0.469,1,0.457,6,aposentado,1,1
2700,202412,26,7131.0,0.6,0.752,0,0.237,0,CLT,1,0
2701,202310,64,3605.0,4.1,0.077,0,0.143,2,CLT,0,0
2702,202304,59,6265.0,0.9,0.074,0,0.67,1,CLT,1,0
2703,202312,31,5825.0,1.7,0.472,0,0.308,1,CLT,1,0
2704,202406,62,5082.0,1.2,0.185,0,0.251,1,CLT,1,0
2705,202401,24,1490.0,7.1,0.307,0,0.283,1,aposentado,0,0
2706,202309,34,6363.0,11.7,0.784,0,0.1,3,CLT,1,0
2707,202404,55,2896.0,1.8,0.338,0,0.421,2,CLT,1,0
2708,202401,35,5208.0,17.3,0.601,0,0.346,1,CLT,1,0
2709,202412,56,2239.0,0.2,0.307,0,0.23,1,CLT,1,0
2710,202406,63,2013.0,19.1,0.49,1,0.294,5,CLT,0,1
2711,202403,24,9781.0,10.6,0.38,1,0.092,1,CLT,1,0
2712,202408,22,2256.0,4.3,0.593,0,0.243,2,autonomo,1,1
2713,202411,67,6458.0,10.8,0.157,1,0.35,2,servidor,1,0
2714,202407,46,3863.0,2.7,0.557,0,0.473,0,CLT,0,1
2715,202405,45,2951.0,3.7,0.064,1,0.464,2,CLT,1,0
2716,202407,43,3560.0,12.1,0.381,1,0.008,1,CLT,1,1
2717,202410,42,1900.0,0.6,0.276,0,0.415,2,CLT,0,0
2718,202301,54,3616.0,11.0,0.905,0,0.507,0,CLT,0,0
2719,202309,49,2119.0,2.0,0.583,0,0.19,0,autonomo,1,0
2720,202311,29,2988.0,3.8,0.141,0,0.105,1,CLT,1,0
2721,202412,51,5783.0,1.7,0.544,0,0.098,1,CLT,1,0
2722,202401,53,4134.0,9.2,0.566,1,0.338,0,servidor,1,0
2723,202406,26,1735.0,5.6,0.326,2,0.319,1,CLT,1,1
2724,202402,39,5573.0,3.2,0.58,0,0.225,1,CLT,0,0
2725,202408,59,3628.0,13.4,0.262,1,0.065,1,servidor,0,1
2726,202311,51,2776.0,5.1,0.551,1,0.518,1,servidor,1,1
2727,202312,27,5289.0,6.2,0.364,0,0.071,1,autonomo,0,1
2728,202406,22,3349.0,13.4,0.901,0,0.52,1,CLT,0,1
2729,202406,49,2033.0,7.9,0.337,0,0.031,3,CLT,0,0
2730,202409,43,9172.0,13.2,0.805,0,0.633,0,autonomo,1,0
2731,202308,68,3610.0,0.5,0.168,0,0.14,0,CLT,1,0
2732,202302,46,3496.0,3.5,0.37,0,0.318,0,autonomo,1,1
2733,202412,66,2973.0,5.7,0.091,1,0.09,2,autonomo,0,1
2734,202402,31,6568.0,6.0,0.611,0,0.098,1,CLT,0,0
2735,202306,42,2801.0,2.7,0.652,0,0.406,0,servidor,0,0
2736,202403,27,1682.0,12.0,0.517,0,0.24,1,CLT,1,0
2737,202405,49,2593.0,4.5,0.297,0,0.119,0,autonomo,0,0
2738,202407,30,7068.0,4.0,0.121,0,0.228,2,CLT,0,0
2739,202404,45,5520.0,8.1,0.809,0,0.34,2,CLT,0,0
2740,202408,37,3205.0,0.8,0.149,0,0.4,0,CLT,0,1
2741,202303,30,7235.0,1.3,0.351,0,0.419,1,CLT,1,1
2742,202307,25,5292.0,2.8,0.637,1,0.368,2,servidor,0,1
2743,202306,46,3187.0,3.6,0.306,0,0.183,1,CLT,1,0
2744,202401,67,3351.0,6.0,0.189,0,0.191,0,servidor,1,0
2745,202409,30,4293.0,5.7,0.428,0,0.096,0,CLT,0,0
2746,202303,40,2402.0,3.5,0.403,0,0.381,1,CLT,0,0
2747,202309,32,3649.0,2.8,0.23,0,0.222,1,autonomo,1,0
2748,202402,60,4248.0,1.2,0.718,0,0.082,2,CLT,0,1
2749,202307,41,1566.0,3.5,0.396,0,0.356,1,CLT,0,1
2750,202304,68,3312.0,1.9,0.466,0,0.32,1,CLT,0,0
2751,202309,33,3129.0,1.0,0.242,1,0.08,0,servidor,1,0
2752,202310,24,6088.0,0.2,0.409,1,0.283,2,CLT,1,0
2753,202309,49,1448.0,4.4,0.332,0,0.765,0,CLT,0,0
2754,202306,52,3009.0,9.7,0.306,0,0.088,0,autonomo,1,0
2755,202409,69,2862.0,8.3,0.556,0,0.108,0,autonomo,0,0
2756,202404,63,5884.0,7.2,0.729,1,0.262,0,CLT,0,1
2757,202306,64,3563.0,4.1,0.205,0,0.095,1,CLT,1,0
2758,202305,52,8938.0,10.3,0.499,0,0.316,0,servidor,1,0
2759,202412,38,5070.0,0.7,0.547,0,0.149,0,autonomo,1,1
2760,202412,42,2966.0,0.5,0.537,0,0.101,1,autonomo,0,0
2761,202401,27,4104.0,0.4,0.184,1,0.195,3,servidor,0,0
2762,202309,42,3050.0,2.9,0.116,2,0.376,1,autonomo,0,1
2763,202306,38,5595.0,0.7,0.298,1,0.258,1,autonomo,1,1
2764,202411,22,1870.0,3.6,0.556,0,0.529,3,CLT,0,1
2765,202307,31,2412.0,3.1,0.714,1,0.161,3,CLT,0,1
2766,202410,47,4573.0,5.0,0.123,0,0.399,2,CLT,1,0
2767,202305,39,6720.0,4.2,0.595,0,0.482,1,CLT,1,0
2768,202406,69,1211.0,5.1,0.158,1,0.336,1,CLT,1,0
2769,202402,44,7239.0,1.4,0.821,2,0.319,1,autonomo,0,0
2770,202410,67,3395.0,2.1,0.314,0,0.271,0,CLT,1,0
2771,202305,53,1420.0,7.4,0.614,1,0.146,1,CLT,0,0
2772,202306,22,812.0,4.5,0.283,1,0.102,1,aposentado,1,0
2773,202303,30,1695.0,3.1,0.838,1,0.387,1,CLT,0,1
2774,202312,55,3605.0,13.2,0.472,1,0.384,2,servidor,1,0
2775,202404,47,3523.0,0.9,0.339,0,0.284,1,CLT,1,0
2776,202308,35,4997.0,13.3,0.027,0,0.386,1,CLT,0,0
2777,202411,46,2766.0,0.0,0.346,0,0.105,1,CLT,0,0
2778,202301,65,2092.0,1.7,0.682,1,0.326,0,CLT,1,0
2779,202309,40,2962.0,0.4,0.236,1,0.213,4,autonomo,1,1
2780,202311,23,3703.0,9.3,0.56,0,0.285,0,CLT,0,1
2781,202304,36,4086.0,0.9,0.294,0,0.203,1,servidor,1,0
2782,202404,66,2454.0,0.3,0.214,0,0.11,2,CLT,1,0
2783,202309,58,5714.0,13.6,0.118,1,0.208,2,aposentado,1,0
2784,202309,62,2669.0,8.9,0.315,2,0.235,1,autonomo,1,0
2785,202306,65,2357.0,6.4,0.346,0,0.181,0,autonomo,0,0
2786,202302,26,2776.0,4.8,0.71,0,0.187,0,CLT,0,1
2787,202301,34,6232.0,5.7,0.191,0,0.684,1,CLT,0,0
2788,202308,23,3407.0,6.3,0.671,0,0.222,0,autonomo,0,0
2789,202410,21,2573.0,2.7,0.059,0,0.453,1,servidor,0,0
2790,202403,61,5785.0,17.2,0.109,0,0.195,0,autonomo,1,0
2791,202408,66,10629.0,6.0,0.301,0,0.017,4,servidor,0,0
2792,202402,28,4043.0,2.4,0.053,1,0.108,5,servidor,0,0
2793,202306,56,6747.0,6.0,0.188,0,0.401,1,autonomo,0,0
2794,202312,47,6112.0,17.0,0.508,0,0.13,1,CLT,0,0
2795,202403,24,2690.0,1.3,0.229,0,0.565,2,CLT,1,0
2796,202312,65,3690.0,0.3,0.584,1,0.393,1,servidor,0,1
2797,202306,63,1917.0,4.8,0.377,0,0.126,1,servidor,1,0
2798,202404,48,3286.0,1.2,0.434,0,0.23,4,CLT,1,1
2799,202407,55,2662.0,7.5,0.224,0,0.171,1,CLT,1,0
2800,202306,40,2977.0,7.9,0.516,1,0.447,1,aposentado,0,0
2801,202403,59,2503.0,7.2,0.388,0,0.204,0,CLT,0,0
2802,202411,42,3154.0,1.4,0.454,0,0.036,1,CLT,1,0
2803,202412,69,4751.0,9.9,0.112,0,0.124,0,autonomo,1,0
2804,202309,24,3430.0,10.8,0.434,0,0.173,1,CLT,1,0
2805,202306,29,1433.0,13.7,0.186,0,0.427,2,CLT,0,0
2806,202402,68,2507.0,6.8,0.567,0,0.206,1,autonomo,0,0
2807,202407,35,1703.0,7.8,0.455,0,0.457,1,CLT,0,1
2808,202411,36,4114.0,0.2,0.456,0,0.126,0,aposentado,0,0
2809,202302,59,4683.0,16.4,0.277,1,0.213,1,CLT,1,0
2810,202402,30,4139.0,2.7,0.577,0,0.352,0,aposentado,0,0
2811,202304,46,2456.0,6.0,0.438,1,0.378,0,CLT,1,0
2812,202302,35,4119.0,3.3,0.773,0,0.282,2,CLT,1,0
2813,202404,30,2878.0,2.2,0.693,0,0.334,0,CLT,0,1
2814,202407,68,2061.0,15.8,0.464,1,0.394,1,aposentado,0,0
2815,202404,30,5276.0,2.4,0.415,1,0.493,1,CLT,1,0
2816,202409,25,5481.0,1.6,0.587,0,0.199,1,CLT,0,0
2817,202410,54,5851.0,3.7,0.286,0,0.497,1,aposentado,1,0
2818,202406,63,2686.0,0.4,0.144,0,0.379,1,servidor,1,0
2819,202311,27,6566.0,0.4,0.72,0,0.533,3,autonomo,1,1
2820,202303,55,2845.0,3.7,0.46,1,0.505,3,CLT,0,0
2821,202305,47,5048.0,4.7,0.259,0,0.338,0,CLT,0,0
2822,202406,61,2820.0,9.4,0.407,0,0.17,1,servidor,0,0
2823,202307,27,3255.0,3.1,0.43,1,0.175,1,autonomo,1,0
2824,202408,68,1085.0,4.2,0.36,0,0.198,4,CLT,0,0
2825,202409,51,3131.0,11.0,0.656,0,0.165,1,autonomo,1,0
2826,202412,62,3811.0,11.5,0.306,0,0.42,1,servidor,1,0
2827,202312,38,2966.0,1.2,0.609,0,0.164,1,CLT,0,0
2828,202412,67,8761.0,4.3,0.044,0,0.237,1,autonomo,0,0
2829,202309,51,2036.0,3.5,0.155,0,0.401,3,aposentado,1,1
2830,202407,27,2747.0,3.1,0.761,0,0.214,1,CLT,1,0
2831,202401,66,2316.0,2.7,0.684,0,0.258,3,autonomo,1,1
2832,202308,59,2747.0,1.0,0.192,0,0.042,0,CLT,0,0
2833,202411,35,6098.0,11.1,0.276,1,0.411,1,autonomo,1,0
2834,202307,47,7624.0,1.0,0.219,0,0.499,1,autonomo,1,1
2835,202404,40,2565.0,1.6,0.475,0,0.227,2,autonomo,1,1
2836,202409,47,2536.0,0.3,0.259,0,0.398,2,CLT,0,0
2837,202410,68,2041.0,3.2,0.177,0,0.14,1,autonomo,0,0
2838,202307,65,6996.0,8.3,0.386,0,0.202,1,autonomo,1,0
2839,202404,31,6377.0,0.2,0.246,0,0.162,3,servidor,0,0
2840,202406,68,3453.0,0.2,0.278,0,0.235,1,aposentado,1,0
2841,202401,42,1812.0,4.8,0.468,0,0.247,0,CLT,1,0
2842,202302,55,1894.0,0.7,0.193,1,0.266,0,autonomo,0,0
2843,202307,58,3965.0,1.7,0.492,1,0.364,1,CLT,0,0
2844,202309,44,4792.0,2.8,0.693,0,0.228,0,CLT,0,0
2845,202402,43,1296.0,2.1,0.294,0,0.184,4,CLT,0,0
2846,202312,43,3101.0,0.9,0.148,0,0.067,1,CLT,0,0
2847,202402,63,8178.0,0.1,0.541,1,0.133,0,autonomo,0,0
2848,202406,39,3266.0,7.4,0.386,1,0.025,3,servidor,1,1
2849,202304,34,7668.0,6.2,0.595,0,0.247,0,autonomo,0,1
2850,202310,38,5037.0,5.4,0.884,1,0.098,1,CLT,0,0
2851,202309,30,2117.0,0.6,0.213,1,0.314,4,CLT,1,0
2852,202407,40,3145.0,0.4,0.731,0,0.311,0,CLT,1,0
2853,202303,26,3414.0,0.6,0.242,1,0.214,0,CLT,0,0
2854,202401,25,2261.0,16.6,0.403,1,0.206,1,servidor,0,0
2855,202302,56,2242.0,0.6,0.263,0,0.067,2,CLT,1,0
2856,202305,24,7734.0,6.1,0.385,1,0.226,1,autonomo,0,1
2857,202406,48,2233.0,4.3,0.734,2,0.135,0,aposentado,1,1
2858,202309,59,6243.0,14.1,0.491,1,0.229,0,CLT,0,0
2859,202407,56,2927.0,11.7,0.301,0,0.576,0,autonomo,1,0
2860,202410,42,3595.0,1.6,0.253,2,0.242,2,servidor,1,0
2861,202306,30,4822.0,2.1,0.436,1,0.195,2,CLT,1,0
2862,202310,66,2699.0,3.9,0.158,0,0.208,3,CLT,0,0
2863,202402,61,4837.0,21.8,0.097,0,0.204,1,autonomo,1,1
2864,202406,50,1309.0,27.1,0.069,0,0.446,1,CLT,1,0
2865,202410,25,4536.0,1.2,0.566,0,0.579,3,CLT,0,0
2866,202307,22,1060.0,1.5,0.748,0,0.173,0,autonomo,1,0
2867,202312,36,3251.0,16.1,0.069,1,0.369,1,CLT,1,0
2868,202306,28,5581.0,4.5,0.284,0,0.573,1,CLT,0,0
2869,202306,63,4970.0,0.4,0.251,0,0.188,1,aposentado,0,0
2870,202403,31,1902.0,2.9,0.631,0,0.134,2,CLT,1,0
2871,202305,34,2029.0,0.3,0.479,0,0.156,2,autonomo,0,1
2872,202407,68,2580.0,8.0,0.425,0,0.173,0,CLT,1,0
2873,202409,61,3996.0,0.9,0.629,0,0.135,1,CLT,0,0
2874,202406,31,1318.0,8.5,0.76,1,0.36,1,autonomo,0,1
2875,202408,39,3617.0,12.1,0.215,0,0.11,1,autonomo,0,0
2876,202302,46,4254.0,7.2,0.381,0,0.122,1,autonomo,1,0
2877,202307,53,3160.0,6.4,0.26,0,0.297,1,CLT,1,0
2878,202410,66,4735.0,2.1,0.56,0,0.162,1,CLT,0,0
2879,202303,63,4072.0,5.9,0.383,1,0.076,1,servidor,1,0
2880,202410,68,2777.0,4.7,0.091,0,0.2,2,CLT,1,0
2881,202405,22,1383.0,7.5,0.368,0,0.264,0,autonomo,0,1
2882,202309,32,3892.0,0.1,0.171,1,0.455,2,CLT,0,0
2883,202312,48,2261.0,4.2,0.722,0,0.542,1,servidor,1,0
2884,202310,23,2727.0,0.3,0.225,0,0.512,2,servidor,1,0
2885,202311,38,4627.0,3.7,0.571,0,0.317,0,servidor,0,0
2886,202301,28,7396.0,2.2,0.387,1,0.187,2,CLT,0,1
2887,202407,66,3572.0,2.1,0.625,0,0.305,3,autonomo,0,1
2888,202412,24,4803.0,5.1,0.49,1,0.065,1,CLT,0,1
2889,202301,28,1768.0,2.2,0.415,0,0.149,1,CLT,0,0
2890,202307,30,4117.0,6.5,0.549,1,0.512,0,autonomo,1,1
2891,202402,28,3534.0,5.0,0.284,2,0.235,1,CLT,0,1
2892,202307,48,6732.0,0.6,0.189,2,0.122,0,CLT,1,0
2893,202311,38,2779.0,4.3,0.222,0,0.334,2,aposentado,0,0
2894,202303,65,3227.0,0.4,0.112,0,0.221,1,CLT,1,0
2895,202401,33,6182.0,4.2,0.33,0,0.046,0,CLT,0,0
2896,202407,47,3477.0,4.9,0.5,0,0.308,0,CLT,1,0
2897,202306,53,2091.0,9.2,0.67,0,0.264,1,servidor,0,0
2898,202409,51,13041.0,2.2,0.717,0,0.06,2,aposentado,1,0
2899,202410,60,2123.0,2.2,0.523,1,0.259,2,servidor,1,0
2900,202402,30,3525.0,6.8,0.327,0,0.307,1,autonomo,1,1
2901,202401,45,4330.0,5.3,0.663,0,0.151,3,CLT,0,0
2902,202412,60,4162.0,10.3,0.141,0,0.286,1,CLT,1,0
2903,202307,63,3311.0,3.5,0.274,0,0.125,1,CLT,1,0
2904,202410,51,3320.0,1.4,0.204,0,0.229,1,CLT,0,0
2905,202407,52,3237.0,1.3,0.299,0,0.6,2,CLT,1,1
2906,202411,63,2084.0,1.8,0.556,1,0.104,2,servidor,1,0
2907,202411,51,10669.0,10.2,0.178,2,0.309,2,autonomo,0,0
2908,202309,67,3262.0,6.7,0.213,1,0.231,0,autonomo,1,0
2909,202405,27,4907.0,2.2,0.096,0,0.108,2,aposentado,0,0
2910,202305,38,3080.0,9.2,0.378,1,0.042,0,autonomo,1,0
2911,202406,26,3049.0,1.0,0.27,2,0.11,4,servidor,0,0
2912,202406,25,2899.0,13.2,0.516,0,0.04,0,CLT,0,0
2913,202412,44,1678.0,0.6,0.209,0,0.384,0,CLT,1,1
2914,202309,32,3360.0,10.8,0.776,0,0.252,2,CLT,0,0
2915,202409,40,2971.0,1.4,0.512,0,0.04,2,autonomo,1,0
2916,202410,42,6540.0,6.8,0.81,1,0.178,0,CLT,1,1
2917,202312,51,2001.0,0.5,0.69,2,0.227,1,aposentado,1,0
2918,202410,67,2728.0,1.9,0.196,0,0.58,3,CLT,1,1
2919,202308,62,2323.0,1.0,0.611,0,0.143,4,CLT,0,0
2920,202310,39,7490.0,11.7,0.135,1,0.224,1,CLT,1,0
2921,202408,36,2357.0,1.1,0.295,0,0.636,1,CLT,1,1
2922,202401,58,4823.0,2.4,0.242,1,0.226,3,autonomo,0,0
2923,202405,27,5914.0,0.4,0.49,0,0.255,2,autonomo,1,0
2924,202307,47,3384.0,3.8,0.527,0,0.28,0,CLT,0,1
2925,202311,41,1829.0,24.4,0.182,0,0.552,0,CLT,1,0
2926,202403,29,1841.0,1.9,0.183,0,0.352,1,CLT,0,0
2927,202310,51,5596.0,22.9,0.623,0,0.331,1,CLT,0,0
2928,202311,36,1939.0,4.7,0.535,0,0.632,1,aposentado,0,0
2929,202306,30,4429.0,2.1,0.786,0,0.31,1,CLT,0,1
2930,202411,53,3855.0,6.4,0.281,0,0.276,2,CLT,0,0
2931,202410,29,4397.0,0.2,0.32,0,0.144,1,CLT,1,0
2932,202411,53,4609.0,7.3,0.296,0,0.091,1,autonomo,1,0
2933,202306,28,2283.0,4.0,0.182,1,0.221,0,CLT,0,0
2934,202409,42,2236.0,2.8,0.344,0,0.078,1,autonomo,1,0
2935,202411,60,5205.0,6.2,0.261,0,0.211,3,CLT,1,0
2936,202308,32,2658.0,2.0,0.202,0,0.362,0,servidor,1,0
2937,202410,58,921.0,6.1,0.432,0,0.195,2,autonomo,0,0
2938,202412,56,5036.0,10.2,0.124,0,0.041,1,CLT,0,0
2939,202411,65,2169.0,0.9,0.326,0,0.081,1,autonomo,1,0
2940,202405,29,4599.0,2.4,0.466,0,0.344,0,servidor,1,0
2941,202303,56,7306.0,7.4,0.875,1,0.106,0,servidor,1,0
2942,202307,66,3672.0,0.6,0.275,0,0.49,0,aposentado,1,0
2943,202405,58,5990.0,1.3,0.099,2,0.329,0,autonomo,1,1
2944,202409,30,3932.0,2.4,0.556,0,0.182,0,CLT,0,0
2945,202408,61,8052.0,1.5,0.251,0,0.196,0,CLT,0,0
2946,202307,26,2141.0,3.0,0.588,0,0.2,0,autonomo,1,0
2947,202301,49,3626.0,6.9,0.689,0,0.23,1,autonomo,1,1
2948,202407,45,5098.0,7.8,0.156,0,0.257,1,CLT,0,0
2949,202301,47,3310.0,16.2,0.311,0,0.171,2,CLT,1,0
2950,202305,46,6478.0,2.1,0.744,1,0.13,2,autonomo,0,1
2951,202403,22,2934.0,1.3,0.276,0,0.321,0,CLT,1,0
2952,202306,45,10246.0,1.0,0.467,0,0.184,1,CLT,0,0
2953,202307,66,10521.0,2.4,0.412,1,0.277,2,CLT,1,0
2954,202302,42,4192.0,2.8,0.001,0,0.312,2,autonomo,0,0
2955,202404,34,4800.0,10.2,0.502,1,0.481,2,CLT,0,0
2956,202303,69,6607.0,2.6,0.437,0,0.638,0,CLT,1,0
2957,202301,25,2011.0,0.7,0.536,0,0.352,0,CLT,1,1
2958,202401,44,1889.0,1.5,0.323,0,0.382,2,servidor,0,0
2959,202402,46,6824.0,0.1,0.382,1,0.461,1,CLT,1,0
2960,202411,44,4176.0,6.9,0.785,1,0.32,1,autonomo,0,0
2961,202412,66,3251.0,1.3,0.043,1,0.316,1,CLT,1,1
2962,202302,41,3661.0,0.1,0.731,0,0.122,1,autonomo,1,0
2963,202301,68,1104.0,1.2,0.227,1,0.333,1,autonomo,0,0
2964,202403,24,3310.0,4.0,0.267,2,0.266,0,servidor,1,0
2965,202402,56,2499.0,2.2,0.416,0,0.07,2,CLT,0,0
2966,202301,50,5762.0,4.7,0.638,2,0.639,0,aposentado,0,0
2967,202407,32,5988.0,2.8,0.326,0,0.387,3,CLT,0,0
2968,202402,32,4858.0,2.1,0.086,0,0.257,0,aposentado,0,0
2969,202411,56,4437.0,4.0,0.742,0,0.49,2,CLT,0,1
2970,202306,52,1722.0,7.7,0.52,0,0.229,2,CLT,1,0
2971,202311,50,4892.0,0.5,0.475,0,0.104,1,autonomo,0,1
2972,202404,23,4988.0,2.0,0.216,0,0.086,1,servidor,0,0
2973,202408,50,6786.0,1.0,0.105,0,0.304,0,aposentado,0,0
2974,202404,69,10500.0,9.4,0.659,1,0.204,0,servidor,1,0
2975,202410,21,1562.0,2.1,0.156,0,0.411,1,CLT,1,0
2976,202402,43,2998.0,4.4,0.569,1,0.217,2,aposentado,1,0
2977,202401,45,2512.0,1.7,0.38,0,0.486,1,aposentado,1,0
2978,202303,64,3969.0,0.9,0.366,0,0.065,1,CLT,0,0
2979,202411,34,3665.0,0.9,0.26,1,0.262,3,CLT,1,0
2980,202306,44,3239.0,3.6,0.465,0,0.309,1,CLT,0,0
2981,202401,56,6086.0,1.4,0.267,1,0.088,2,servidor,0,0
2982,202306,23,2099.0,3.4,0.37,1,0.406,2,autonomo,0,1
2983,202305,60,2163.0,5.5,0.39,0,0.302,0,CLT,1,0
2984,202401,61,2182.0,2.6,0.674,2,0.301,2,CLT,1,1
2985,202306,56,3041.0,1.5,0.513,0,0.199,2,CLT,1,0
2986,202401,52,1970.0,4.0,0.121,0,0.104,2,CLT,1,0
2987,202310,57,3554.0,1.4,0.682,2,0.304,0,servidor,0,1
2988,202310,59,3352.0,7.3,0.566,1,0.247,1,CLT,1,0
2989,202409,65,2457.0,1.2,0.766,0,0.113,1,CLT,1,0
2990,202409,41,5636.0,4.5,0.193,1,0.25,1,CLT,0,0
2991,202403,43,3534.0,6.4,0.103,0,0.447,1,CLT,1,1
2992,202402,52,6194.0,29.9,0.259,0,0.269,1,autonomo,1,0
2993,202303,30,3303.0,3.0,0.474,2,0.145,0,CLT,1,1
2994,202301,62,3597.0,9.6,0.111,0,0.307,0,CLT,1,0
2995,202408,58,2748.0,1.8,0.224,0,0.298,1,autonomo,0,0
2996,202411,51,3628.0,0.1,0.458,0,0.41,0,CLT,1,0
2997,202405,35,5198.0,0.1,0.027,0,0.077,1,CLT,1,0
2998,202412,38,2964.0,3.0,0.337,0,0.311,1,autonomo,0,1
2999,202404,42,4718.0,3.6,0.496,0,0.094,0,CLT,1,1
3000,202408,53,2425.0,2.7,0.433,1,0.348,1,autonomo,0,0
3001,202409,59,5322.0,1.5,0.222,1,0.166,0,autonomo,0,0
3002,202412,53,2725.0,4.3,0.486,0,0.203,1,CLT,0,0
3003,202405,66,5574.0,0.7,0.054,0,0.157,4,CLT,1,0
3004,202408,68,3754.0,11.2,0.795,1,0.225,0,autonomo,1,1
3005,202312,55,7789.0,1.1,0.215,0,0.419,0,autonomo,0,0
3006,202402,39,2045.0,11.6,0.091,1,0.404,2,CLT,1,0
3007,202312,50,1740.0,5.8,0.449,1,0.238,1,CLT,0,0
3008,202303,41,2675.0,3.4,0.696,0,0.15,1,CLT,0,0
3009,202408,51,1822.0,0.2,0.567,0,0.499,0,servidor,1,0
3010,202406,60,1824.0,5.4,0.303,0,0.323,0,servidor,1,0
3011,202407,39,4968.0,5.1,0.81,0,0.325,0,CLT,1,0
3012,202304,45,3633.0,0.4,0.339,2,0.303,1,CLT,1,0
3013,202408,23,2865.0,14.1,0.792,0,0.18,1,CLT,0,0
3014,202305,57,3000.0,2.6,0.247,0,0.168,0,CLT,1,0
3015,202409,45,2701.0,0.1,0.8,0,0.436,4,autonomo,0,1
3016,202306,43,8310.0,3.9,0.477,0,0.446,1,aposentado,0,1
3017,202403,47,2521.0,5.4,0.887,2,0.391,0,servidor,1,1
3018,202303,31,1880.0,9.3,0.338,3,0.417,1,aposentado,1,0
3019,202402,50,5421.0,7.4,0.429,0,0.252,0,CLT,1,0
3020,202410,57,3269.0,5.2,0.264,0,0.059,2,autonomo,1,0
3021,202409,38,10091.0,1.8,0.358,0,0.098,0,autonomo,0,0
3022,202407,27,2799.0,0.0,0.045,0,0.23,3,aposentado,0,0
3023,202301,39,5558.0,1.6,0.146,0,0.163,4,aposentado,0,1
3024,202412,30,6255.0,2.2,0.268,1,0.393,0,aposentado,1,0
3025,202406,39,2805.0,2.2,0.286,0,0.149,2,CLT,1,0
3026,202401,51,2511.0,5.7,0.47,0,0.444,2,aposentado,0,0
3027,202304,26,5275.0,19.7,0.382,0,0.425,1,CLT,0,0
3028,202301,57,4853.0,1.3,0.057,0,0.06,1,autonomo,0,0
3029,202405,32,1798.0,35.0,0.225,0,0.455,0,CLT,0,0
3030,202306,64,2071.0,10.8,0.114,0,0.204,1,autonomo,0,0
3031,202308,56,1024.0,0.6,0.346,0,0.187,0,aposentado,0,0
3032,202301,34,4903.0,10.1,0.127,0,0.385,1,CLT,1,0
3033,202402,48,3194.0,1.9,0.107,1,0.113,0,autonomo,1,0
3034,202310,26,3357.0,5.9,0.17,1,0.166,1,aposentado,0,0
3035,202406,25,1563.0,5.0,0.513,0,0.129,1,CLT,1,0
3036,202301,67,2103.0,11.6,0.615,0,0.389,0,autonomo,1,0
3037,202402,60,2867.0,7.9,0.367,1,0.27,2,CLT,1,0
3038,202302,28,2601.0,3.4,0.766,0,0.357,2,CLT,1,1
3039,202411,34,3862.0,2.8,0.148,0,0.281,1,autonomo,1,0
3040,202404,30,4874.0,1.7,0.763,0,0.285,0,aposentado,1,1
3041,202309,40,11325.0,3.1,0.182,1,0.166,2,CLT,0,0
3042,202405,35,3605.0,5.1,0.198,1,0.45,1,CLT,1,0
3043,202308,37,6359.0,1.0,0.348,0,0.495,1,CLT,1,0
3044,202303,46,2404.0,0.6,0.401,0,0.316,2,servidor,0,0
3045,202408,30,1576.0,3.7,0.123,0,0.178,2,servidor,1,0
3046,202411,64,3053.0,12.6,0.335,0,0.293,0,aposentado,0,1
3047,202307,56,1638.0,2.4,0.49,0,0.33,0,aposentado,0,0
3048,202402,58,3668.0,3.0,0.789,0,0.468,1,CLT,0,0
3049,202408,29,2465.0,0.6,0.677,0,0.495,0,CLT,1,0
3050,202301,55,1370.0,1.7,0.301,0,0.089,1,servidor,0,0
3051,202304,61,8673.0,6.9,0.391,0,0.181,0,CLT,1,0
3052,202407,29,2783.0,12.1,0.663,1,0.094,2,autonomo,0,0
3053,202308,57,1605.0,2.9,0.478,0,0.212,0,CLT,1,0
3054,202312,38,5705.0,0.3,0.258,0,0.659,1,CLT,0,0
3055,202405,59,2529.0,0.9,0.354,3,0.136,2,CLT,1,1
3056,202306,44,6280.0,0.3,0.71,0,0.331,0,servidor,1,0
3057,202409,60,2523.0,3.8,0.244,0,0.318,0,CLT,1,1
3058,202303,28,2778.0,16.7,0.682,1,0.121,1,CLT,1,0
3059,202302,40,4326.0,2.4,0.511,0,0.124,0,CLT,1,0
3060,202312,34,4898.0,4.7,0.167,0,0.269,1,CLT,0,0
3061,202406,33,5347.0,0.2,0.331,0,0.532,2,CLT,1,0
3062,202408,36,3481.0,2.4,0.673,0,0.307,1,CLT,1,1
3063,202411,39,4742.0,3.0,0.577,0,0.25,3,autonomo,1,1
3064,202411,27,5286.0,2.3,0.415,0,0.266,2,CLT,0,0
3065,202407,55,4025.0,0.2,0.328,1,0.083,1,servidor,0,1
3066,202412,47,3390.0,6.1,0.517,0,0.473,1,autonomo,0,0
3067,202412,61,1768.0,16.0,0.072,0,0.185,1,CLT,0,0
3068,202305,55,4913.0,4.7,0.679,0,0.348,0,aposentado,1,0
3069,202312,28,3719.0,3.6,0.73,0,0.432,3,servidor,1,1
3070,202411,24,2961.0,1.5,0.349,0,0.163,0,CLT,0,0
3071,202304,41,6897.0,7.3,0.526,0,0.153,0,CLT,0,0
3072,202404,44,1783.0,4.7,0.188,1,0.116,1,aposentado,1,0
3073,202312,32,8283.0,8.5,0.605,0,0.689,1,CLT,0,0
3074,202312,59,3601.0,7.6,0.162,0,0.345,1,servidor,0,0
3075,202301,49,4267.0,7.2,0.467,1,0.142,1,CLT,1,0
3076,202304,57,2988.0,0.9,0.189,0,0.42,1,servidor,1,0
3077,202309,26,1582.0,11.1,0.602,1,0.067,1,autonomo,1,1
3078,202304,60,3395.0,2.1,0.673,0,0.345,1,CLT,0,1
3079,202311,31,4304.0,1.4,0.25,0,0.097,4,CLT,0,0
3080,202309,42,5106.0,10.8,0.59,0,0.192,3,CLT,1,0
3081,202306,42,3298.0,1.9,0.239,0,0.121,0,CLT,1,0
3082,202402,61,1216.0,2.2,0.177,0,0.038,2,CLT,0,1
3083,202305,34,1684.0,7.7,0.542,0,0.095,3,autonomo,1,0
3084,202412,32,10158.0,0.6,0.504,0,0.314,1,servidor,1,0
3085,202310,37,2108.0,9.7,0.306,2,0.809,1,CLT,1,1
3086,202309,38,7432.0,1.0,0.239,0,0.242,0,CLT,0,0
3087,202412,29,2282.0,6.5,0.188,0,0.365,1,CLT,1,0
3088,202308,29,3323.0,4.1,0.553,0,0.157,0,autonomo,0,0
3089,202403,32,4977.0,0.9,0.639,0,0.215,1,CLT,1,0
3090,202412,43,2416.0,3.8,0.425,1,0.08,0,autonomo,1,1
3091,202407,37,8072.0,4.2,0.275,1,0.562,0,aposentado,1,1
3092,202302,40,3781.0,6.7,0.308,1,0.093,1,CLT,1,0
3093,202401,56,4584.0,15.7,0.242,0,0.192,0,CLT,0,0
3094,202412,32,3185.0,6.0,0.346,0,0.62,0,CLT,0,1
3095,202410,65,5061.0,0.6,0.551,0,0.302,0,CLT,1,0
3096,202311,57,8018.0,3.4,0.307,1,0.646,1,CLT,1,0
3097,202409,29,3410.0,1.7,0.348,1,0.14,0,CLT,0,0
3098,202309,36,8646.0,10.4,0.266,0,0.284,0,CLT,1,0
3099,202302,29,2682.0,1.5,0.053,0,0.495,1,servidor,0,0
3100,202311,34,5335.0,9.2,0.272,0,0.252,0,CLT,0,0
3101,202303,38,4650.0,1.8,0.793,0,0.188,0,autonomo,0,0
3102,202407,27,2134.0,1.5,0.173,0,0.164,0,autonomo,1,0
3103,202301,21,4052.0,6.4,0.412,0,0.234,2,CLT,0,0
3104,202312,42,3654.0,7.9,0.257,1,0.322,3,CLT,0,0
3105,202305,55,2377.0,2.0,0.384,0,0.079,1,autonomo,1,0
3106,202412,35,4355.0,4.2,0.117,0,0.101,1,CLT,1,0
3107,202412,63,3917.0,1.3,0.407,0,0.461,0,servidor,1,0
3108,202408,39,3511.0,8.3,0.657,0,0.341,0,autonomo,0,0
3109,202309,65,3518.0,4.9,0.203,0,0.35,1,CLT,1,0
3110,202310,32,3481.0,2.2,0.338,0,0.069,1,CLT,1,0
3111,202303,47,3029.0,7.9,0.41,1,0.677,2,CLT,0,0
3112,202410,58,3905.0,8.7,0.168,0,0.085,2,CLT,0,0
3113,202406,23,2639.0,0.7,0.167,0,0.411,1,CLT,1,1
3114,202309,66,13745.0,4.4,0.192,0,0.181,3,aposentado,1,0
3115,202305,38,1800.0,4.2,0.377,0,0.451,0,CLT,0,0
3116,202311,45,2718.0,1.3,0.122,0,0.587,1,autonomo,0,1
3117,202301,51,2827.0,5.2,0.718,0,0.29,2,autonomo,1,0
3118,202311,52,10100.0,2.0,0.498,0,0.651,1,CLT,0,0
3119,202305,22,1882.0,8.8,0.644,0,0.411,0,autonomo,1,0
3120,202308,63,4505.0,6.0,0.623,0,0.176,5,servidor,1,0
3121,202312,51,4122.0,10.2,0.225,1,0.236,1,CLT,1,0
3122,202304,69,4302.0,4.7,0.538,1,0.338,0,CLT,1,0
3123,202408,44,6756.0,8.6,0.391,1,0.47,3,CLT,0,1
3124,202412,51,6687.0,0.6,0.412,1,0.55,1,autonomo,0,0
3125,202308,42,2906.0,1.5,0.404,0,0.242,0,autonomo,1,1
3126,202405,64,4012.0,2.8,0.523,1,0.222,0,CLT,0,0
3127,202412,61,1434.0,0.1,0.787,0,0.402,0,servidor,1,0
3128,202409,65,3826.0,17.5,0.713,1,0.172,0,CLT,1,0
3129,202408,45,2448.0,4.4,0.122,1,0.281,0,autonomo,1,0
3130,202402,59,3317.0,10.0,0.394,1,0.279,2,CLT,0,0
3131,202407,38,1568.0,0.6,0.59,1,0.391,0,CLT,1,0
3132,202403,43,4458.0,2.5,0.433,2,0.674,1,aposentado,1,1
3133,202404,58,1559.0,10.6,0.215,0,0.238,3,CLT,0,0
3134,202409,24,3921.0,1.9,0.577,0,0.671,2,autonomo,1,0
3135,202303,55,1972.0,0.7,0.58,0,0.09,3,autonomo,0,0
3136,202409,21,2381.0,4.7,0.665,0,0.136,1,CLT,1,1
3137,202312,49,6486.0,3.3,0.348,1,0.185,3,aposentado,0,0
3138,202309,44,4885.0,0.9,0.728,0,0.047,1,CLT,0,0
3139,202401,43,6468.0,8.7,0.343,1,0.213,1,autonomo,0,1
3140,202405,45,7942.0,5.6,0.228,0,0.28,0,autonomo,1,0
3141,202302,45,2474.0,20.6,0.884,0,0.199,2,CLT,1,0
3142,202301,40,7704.0,1.6,0.391,0,0.463,2,aposentado,1,0
3143,202410,43,1750.0,7.6,0.044,1,0.112,1,CLT,1,0
3144,202306,48,5287.0,9.6,0.212,0,0.401,1,autonomo,1,0
3145,202308,58,2845.0,8.4,0.298,0,0.202,0,CLT,1,1
3146,202302,48,2287.0,4.5,0.434,0,0.63,0,CLT,1,0
3147,202401,52,4950.0,8.9,0.3,0,0.515,1,servidor,0,0
3148,202307,61,5840.0,2.9,0.574,1,0.243,1,servidor,0,0
3149,202412,69,5754.0,2.6,0.68,3,0.276,1,servidor,1,1
3150,202403,26,4054.0,1.6,0.749,0,0.591,0,CLT,0,0
3151,202312,55,3889.0,6.1,0.542,0,0.281,2,CLT,1,0
3152,202301,32,4738.0,28.4,0.286,1,0.372,2,CLT,1,0
3153,202407,30,4238.0,4.3,0.413,1,0.334,0,CLT,0,0
3154,202411,59,4773.0,2.5,0.364,2,0.248,1,CLT,0,0
3155,202307,24,4032.0,0.2,0.759,1,0.098,2,CLT,1,0
3156,202301,62,5549.0,2.2,0.417,0,0.082,2,CLT,0,0
3157,202412,58,1614.0,1.6,0.18,0,0.596,2,autonomo,1,0
3158,202312,69,3410.0,8.8,0.307,0,0.208,2,CLT,1,0
3159,202312,53,1823.0,4.4,0.463,0,0.278,0,CLT,0,1
3160,202304,63,4181.0,0.8,0.265,0,0.613,2,CLT,0,0
3161,202301,26,8275.0,5.0,0.231,0,0.477,2,CLT,0,0
3162,202402,64,2873.0,4.2,0.247,1,0.303,3,aposentado,1,0
3163,202310,28,3880.0,0.2,0.286,0,0.26,0,autonomo,1,0
3164,202305,36,5315.0,0.5,0.304,1,0.348,0,autonomo,1,0
3165,202410,27,1295.0,8.9,0.546,1,0.198,2,autonomo,0,0
3166,202311,40,2804.0,0.4,0.206,0,0.269,1,aposentado,1,0
3167,202309,57,4369.0,0.7,0.511,0,0.382,3,aposentado,0,0
3168,202410,34,855.0,4.4,0.365,0,0.075,0,CLT,1,0
3169,202403,61,2234.0,11.4,0.527,1,0.428,1,CLT,0,0
3170,202301,50,6313.0,1.5,0.754,0,0.394,0,autonomo,1,0
3171,202305,51,6012.0,3.7,0.533,3,0.284,1,servidor,1,0
3172,202310,67,4390.0,5.7,0.236,1,0.255,0,CLT,1,0
3173,202301,42,5660.0,1.9,0.459,0,0.329,0,CLT,1,0
3174,202303,37,4054.0,7.3,0.343,0,0.432,0,CLT,0,0
3175,202411,69,4806.0,8.6,0.47,1,0.217,1,autonomo,1,1
3176,202402,48,3109.0,4.2,0.157,0,0.607,0,autonomo,0,1
3177,202311,51,3858.0,15.8,0.207,1,0.169,0,aposentado,0,0
3178,202312,35,2654.0,0.8,0.709,0,0.558,2,aposentado,0,0
3179,202401,31,6848.0,7.5,0.314,1,0.377,1,CLT,0,1
3180,202304,29,7791.0,1.7,0.169,0,0.581,0,CLT,1,0
3181,202410,31,7259.0,10.1,0.664,0,0.184,1,CLT,1,0
3182,202307,30,2969.0,3.8,0.304,0,0.267,1,autonomo,1,0
3183,202412,57,2260.0,4.9,0.289,0,0.078,0,CLT,0,0
3184,202409,23,6895.0,0.5,0.283,0,0.052,1,CLT,0,0
3185,202407,51,4779.0,5.3,0.592,0,0.14,2,CLT,1,0
3186,202312,67,4291.0,1.0,0.229,0,0.198,1,autonomo,1,0
3187,202305,58,2652.0,8.7,0.229,1,0.485,0,autonomo,1,0
3188,202306,40,4504.0,5.0,0.106,0,0.311,0,CLT,0,1
3189,202306,23,2116.0,1.3,0.512,1,0.184,1,CLT,1,0
3190,202308,61,4999.0,3.8,0.345,0,0.601,1,CLT,0,1
3191,202304,21,7255.0,8.1,0.369,0,0.415,0,CLT,1,1
3192,202403,54,8230.0,3.3,0.273,1,0.278,0,CLT,1,0
3193,202308,53,5189.0,11.4,0.311,1,0.543,2,CLT,1,0
3194,202312,30,1824.0,3.2,0.229,0,0.248,0,CLT,1,0
3195,202410,57,4019.0,0.0,0.415,1,0.391,2,CLT,0,0
3196,202301,29,10613.0,5.5,0.365,0,0.686,1,autonomo,0,0
3197,202411,32,2358.0,1.5,0.162,0,0.409,0,CLT,0,1
3198,202309,60,3535.0,7.5,0.774,0,0.287,1,CLT,1,0
3199,202312,68,7382.0,2.3,0.491,1,0.14,0,servidor,1,0
3200,202303,33,4957.0,12.4,0.579,0,0.506,0,CLT,1,0
3201,202410,66,12583.0,1.6,0.468,0,0.579,0,CLT,1,0
3202,202409,65,2524.0,6.8,0.159,0,0.475,4,autonomo,1,1
3203,202310,58,2220.0,6.3,0.206,1,0.209,0,autonomo,1,0
3204,202407,27,6715.0,1.6,0.045,0,0.139,1,CLT,0,0
3205,202411,35,2002.0,6.7,0.288,1,0.273,2,CLT,0,1
3206,202404,54,3300.0,0.5,0.565,1,0.053,2,CLT,0,0
3207,202411,69,3523.0,2.2,0.777,0,0.256,1,CLT,0,0
3208,202407,60,6112.0,9.4,0.173,0,0.155,0,autonomo,0,0
3209,202305,41,4950.0,0.5,0.212,1,0.314,2,CLT,1,0
3210,202401,32,4576.0,5.4,0.314,0,0.237,2,CLT,0,0
3211,202306,68,2977.0,0.4,0.63,0,0.119,0,CLT,1,0
3212,202402,34,6684.0,2.2,0.428,0,0.19,1,autonomo,1,0
3213,202409,37,27253.0,5.8,0.199,0,0.218,2,CLT,0,0
3214,202405,68,5144.0,0.8,0.134,2,0.34,1,servidor,0,0
3215,202302,48,3827.0,5.1,0.121,0,0.254,0,CLT,1,0
3216,202407,33,1903.0,0.2,0.168,1,0.243,2,servidor,0,0
3217,202403,21,2647.0,0.1,0.067,0,0.187,0,CLT,1,0
3218,202402,42,3272.0,2.1,0.385,0,0.501,1,autonomo,1,1
3219,202406,69,2787.0,0.0,0.47,0,0.217,0,CLT,0,0
3220,202406,42,3612.0,3.6,0.393,0,0.202,2,autonomo,1,0
3221,202404,55,8857.0,2.4,0.668,0,0.23,0,servidor,0,0
3222,202304,33,6793.0,1.3,0.567,0,0.329,0,CLT,0,1
3223,202311,59,3363.0,1.9,0.746,1,0.255,0,aposentado,0,0
3224,202307,59,1990.0,1.8,0.128,0,0.412,0,CLT,1,0
3225,202408,50,7106.0,0.4,0.012,0,0.106,2,CLT,0,0
3226,202307,58,3553.0,0.9,0.33,0,0.65,2,CLT,0,0
3227,202404,49,1536.0,1.4,0.306,0,0.265,1,CLT,0,1
3228,202306,39,5199.0,2.6,0.052,0,0.188,0,servidor,1,0
3229,202310,57,6081.0,7.0,0.21,0,0.265,0,CLT,0,0
3230,202402,61,1083.0,9.1,0.848,1,0.451,1,autonomo,0,1
3231,202303,62,2411.0,3.0,0.661,0,0.477,2,CLT,1,1
3232,202302,31,3445.0,1.8,0.258,0,0.257,0,autonomo,0,0
3233,202307,54,5257.0,2.0,0.745,0,0.129,2,CLT,0,0
3234,202311,21,2813.0,5.1,0.331,0,0.158,2,autonomo,1,1
3235,202307,49,2402.0,1.2,0.543,1,0.197,1,CLT,1,0
3236,202304,48,5237.0,10.9,0.654,0,0.355,2,autonomo,1,0
3237,202412,38,2881.0,10.2,0.111,1,0.562,1,servidor,1,0
3238,202310,69,4774.0,19.7,0.722,0,0.292,2,CLT,1,0
3239,202312,64,2089.0,1.3,0.339,2,0.108,2,servidor,1,0
3240,202311,22,1852.0,8.4,0.283,1,0.136,0,CLT,1,0
3241,202302,31,5312.0,24.4,0.65,1,0.07,1,autonomo,0,0
3242,202401,31,4131.0,3.4,0.54,0,0.383,2,autonomo,1,0
3243,202404,64,5775.0,3.8,0.374,0,0.165,0,CLT,1,0
3244,202304,46,2790.0,0.0,0.603,0,0.27,0,CLT,1,0
3245,202405,56,2447.0,16.6,0.234,1,0.166,2,CLT,1,0
3246,202412,60,7189.0,2.9,0.487,1,0.305,0,CLT,0,0
3247,202301,58,1700.0,35.3,0.192,1,0.053,1,autonomo,1,0
3248,202402,25,6807.0,0.4,0.464,0,0.378,2,CLT,0,0
3249,202409,27,7046.0,6.5,0.378,0,0.236,1,CLT,1,0
3250,202309,40,5597.0,0.3,0.534,0,0.267,0,CLT,0,1
3251,202310,37,2581.0,2.4,0.269,0,0.342,0,servidor,1,0
3252,202412,57,2421.0,4.6,0.144,0,0.08,1,aposentado,1,0
3253,202310,28,3278.0,5.6,0.35,1,0.419,0,autonomo,1,1
3254,202311,39,1905.0,1.3,0.267,0,0.164,0,CLT,0,1
3255,202312,32,2251.0,2.7,0.394,0,0.246,0,aposentado,0,0
3256,202412,30,5026.0,4.0,0.173,0,0.363,1,CLT,1,0
3257,202407,29,5038.0,3.8,0.26,1,0.038,2,aposentado,1,1
3258,202412,30,2154.0,2.7,0.493,1,0.299,0,servidor,0,0
3259,202411,48,5105.0,0.5,0.444,0,0.25,0,CLT,1,0
3260,202305,41,4569.0,9.0,0.115,1,0.611,1,autonomo,1,0
3261,202412,42,7746.0,0.5,0.387,0,0.314,0,aposentado,1,0
3262,202402,44,4840.0,10.8,0.348,0,0.236,3,CLT,1,0
3263,202311,57,6181.0,21.0,0.063,0,0.334,0,CLT,0,0
3264,202403,63,4622.0,0.9,0.494,0,0.146,5,CLT,1,0
3265,202309,46,5943.0,3.1,0.063,0,0.267,1,CLT,0,0
3266,202406,52,1913.0,0.5,0.303,1,0.121,0,servidor,0,0
3267,202410,57,3426.0,6.2,0.255,2,0.201,0,autonomo,0,0
3268,202311,54,3571.0,2.8,0.29,0,0.225,0,CLT,1,0
3269,202308,27,3223.0,8.1,0.865,0,0.132,0,autonomo,1,0
3270,202304,69,4546.0,0.9,0.318,0,0.458,1,servidor,1,1
3271,202312,29,5000.0,1.5,0.406,2,0.505,2,CLT,1,0
3272,202402,41,4430.0,7.2,0.249,1,0.22,0,autonomo,1,0
3273,202406,52,3333.0,0.4,0.522,1,0.045,1,servidor,0,0
3274,202307,40,2520.0,2.0,0.29,0,0.181,2,aposentado,1,0
3275,202404,32,6302.0,3.7,0.92,0,0.139,3,aposentado,0,0
3276,202302,66,4337.0,2.2,0.379,0,0.082,1,autonomo,1,0
3277,202311,24,2188.0,5.8,0.346,0,0.122,0,CLT,0,0
3278,202401,33,3305.0,2.5,0.876,0,0.374,1,servidor,0,0
3279,202310,69,1523.0,2.7,0.138,1,0.181,1,aposentado,1,0
3280,202403,56,3706.0,7.5,0.414,0,0.234,0,CLT,0,0
3281,202303,25,3297.0,15.4,0.102,1,0.396,1,CLT,0,0
3282,202412,57,2732.0,0.2,0.611,2,0.179,1,CLT,1,0
3283,202307,68,8041.0,8.6,0.373,1,0.428,1,servidor,1,0
3284,202403,25,2042.0,6.4,0.47,0,0.26,0,CLT,1,0
3285,202406,41,5183.0,11.0,0.44,0,0.556,5,CLT,1,1
3286,202311,43,10866.0,1.0,0.5,0,0.035,1,autonomo,1,0
3287,202302,27,6239.0,6.5,0.322,0,0.074,0,aposentado,1,0
3288,202306,30,3584.0,2.5,0.097,0,0.228,1,servidor,1,0
3289,202404,29,2065.0,4.1,0.137,1,0.054,0,CLT,0,0
3290,202302,30,1843.0,1.0,0.513,0,0.362,3,autonomo,1,0
3291,202312,40,2964.0,2.5,0.278,0,0.279,0,CLT,1,1
3292,202309,43,2582.0,9.5,0.669,1,0.2,2,CLT,1,0
3293,202312,32,2541.0,8.7,0.415,0,0.261,2,CLT,1,0
3294,202307,35,3093.0,2.7,0.353,0,0.135,2,autonomo,1,0
3295,202308,30,3459.0,8.9,0.602,1,0.033,0,servidor,1,0
3296,202410,60,4641.0,7.3,0.564,1,0.657,2,autonomo,0,0
3297,202311,31,1961.0,4.0,0.397,0,0.485,1,CLT,1,1
3298,202405,65,2589.0,7.7,0.419,0,0.06,1,CLT,0,0
3299,202409,47,3362.0,9.6,0.111,0,0.131,1,aposentado,1,0
3300,202301,60,3302.0,0.2,0.559,0,0.697,0,autonomo,0,1
3301,202404,52,9120.0,3.0,0.573,0,0.172,3,autonomo,1,0
3302,202304,34,4089.0,1.2,0.425,1,0.405,2,CLT,1,0
3303,202402,50,1625.0,2.7,0.612,1,0.501,1,CLT,0,1
3304,202404,34,4488.0,3.8,0.64,1,0.43,4,servidor,1,1
3305,202404,26,4783.0,1.9,0.57,0,0.421,1,CLT,0,0
3306,202407,33,3420.0,8.3,0.368,0,0.177,1,CLT,0,0
3307,202409,34,1985.0,0.1,0.477,0,0.028,0,CLT,1,0
3308,202405,27,8769.0,8.6,0.351,1,0.412,3,CLT,0,0
3309,202305,22,2133.0,8.5,0.266,0,0.17,0,CLT,0,0
3310,202311,67,5066.0,2.9,0.434,2,0.634,3,CLT,0,1
3311,202401,46,4024.0,1.8,0.71,0,0.167,2,autonomo,0,1
3312,202412,40,4917.0,17.4,0.512,0,0.397,1,CLT,1,0
3313,202309,66,8548.0,1.0,0.221,0,0.297,2,CLT,1,0
3314,202302,32,4821.0,0.4,0.197,0,0.133,0,CLT,0,0
3315,202403,40,2754.0,2.2,0.342,0,0.236,0,aposentado,1,1
3316,202301,62,6330.0,2.5,0.307,0,0.419,0,CLT,1,0
3317,202308,51,2656.0,7.5,0.616,0,0.291,0,CLT,0,0
3318,202409,40,3951.0,1.8,0.029,2,0.129,2,autonomo,0,0
3319,202408,33,1907.0,6.8,0.202,0,0.697,0,autonomo,0,0
3320,202407,22,2172.0,0.9,0.171,0,0.612,1,CLT,1,0
3321,202306,25,3736.0,1.4,0.35,0,0.486,0,CLT,0,0
3322,202307,28,4377.0,2.1,0.569,0,0.255,3,autonomo,1,0
3323,202311,59,1554.0,4.7,0.333,0,0.24,1,servidor,1,0
3324,202305,52,4669.0,4.8,0.185,0,0.158,2,CLT,1,0
3325,202407,42,2417.0,4.2,0.636,0,0.178,2,aposentado,1,0
3326,202409,59,6904.0,3.3,0.332,0,0.338,0,CLT,1,0
3327,202412,28,3053.0,13.6,0.461,0,0.022,0,autonomo,0,0
3328,202405,31,2076.0,2.7,0.201,1,0.155,0,CLT,0,0
3329,202412,40,3782.0,0.2,0.214,0,0.199,0,autonomo,0,0
3330,202405,65,2303.0,1.6,0.826,0,0.61,1,aposentado,1,0
3331,202303,51,6867.0,2.2,0.635,0,0.358,1,CLT,0,0
3332,202311,62,3642.0,0.3,0.633,0,0.188,0,CLT,1,0
3333,202401,33,3375.0,4.8,0.038,0,0.555,0,CLT,0,0
3334,202304,62,4895.0,5.3,0.247,1,0.287,0,aposentado,1,0
3335,202408,24,2203.0,4.8,0.298,1,0.474,1,servidor,0,0
3336,202410,32,1911.0,3.9,0.488,0,0.143,1,CLT,1,0
3337,202406,46,4466.0,0.7,0.461,0,0.255,1,autonomo,0,0
3338,202403,23,2101.0,4.3,0.043,0,0.081,0,CLT,1,0
3339,202308,63,2101.0,1.3,0.497,0,0.186,4,CLT,0,1
3340,202304,63,5532.0,13.7,0.375,0,0.119,0,CLT,1,0
3341,202304,47,4734.0,1.4,0.355,0,0.644,4,servidor,1,0
3342,202408,35,1945.0,0.4,0.26,0,0.505,2,CLT,1,0
3343,202411,25,2672.0,3.0,0.945,2,0.425,2,CLT,0,1
3344,202305,51,2317.0,1.0,0.665,1,0.155,1,servidor,0,0
3345,202402,47,8850.0,14.8,0.437,1,0.263,1,CLT,0,0
3346,202410,58,5727.0,7.2,0.443,0,0.134,1,servidor,0,0
3347,202408,50,2950.0,11.5,0.448,0,0.276,1,autonomo,0,0
3348,202302,27,4857.0,9.3,0.272,1,0.105,0,autonomo,0,0
3349,202403,26,1848.0,0.6,0.32,1,0.315,1,CLT,0,0
3350,202306,59,2601.0,3.0,0.627,1,0.282,1,CLT,1,1
3351,202408,28,3837.0,0.2,0.454,0,0.216,0,autonomo,0,0
3352,202411,66,4565.0,3.2,0.407,0,0.346,0,CLT,0,1
3353,202309,26,3468.0,8.0,0.873,0,0.093,0,CLT,1,0
3354,202307,56,4122.0,9.5,0.451,0,0.191,2,CLT,1,0
3355,202302,68,3786.0,1.2,0.323,0,0.286,1,autonomo,1,0
3356,202305,42,3355.0,4.5,0.058,2,0.196,3,CLT,1,0
3357,202302,23,3140.0,0.0,0.385,0,0.33,2,aposentado,1,0
3358,202411,63,2942.0,2.1,0.327,0,0.556,4,aposentado,0,1
3359,202401,30,4089.0,3.1,0.093,0,0.233,0,CLT,0,0
3360,202311,46,4471.0,7.1,0.197,0,0.089,2,autonomo,1,0
3361,202411,69,4021.0,0.6,0.422,0,0.119,0,autonomo,0,0
3362,202307,57,2020.0,3.7,0.333,0,0.25,5,CLT,1,1
3363,202409,23,2210.0,0.0,0.702,0,0.245,0,CLT,1,0
3364,202307,61,4445.0,7.1,0.033,0,0.185,4,CLT,0,0
3365,202306,28,7599.0,6.8,0.24,2,0.049,0,CLT,1,1
3366,202405,57,3929.0,1.5,0.558,1,0.071,1,autonomo,1,0
3367,202410,51,2964.0,4.0,0.101,1,0.433,1,autonomo,0,1
3368,202405,35,4073.0,8.5,0.621,0,0.199,2,CLT,1,0
3369,202308,41,2062.0,2.0,0.493,1,0.059,1,servidor,0,0
3370,202406,26,7006.0,1.3,0.366,0,0.109,1,CLT,0,1
3371,202305,69,3997.0,2.6,0.384,0,0.316,0,CLT,1,0
3372,202303,32,2605.0,8.7,0.293,1,0.11,1,CLT,1,0
3373,202308,36,3350.0,13.5,0.472,1,0.229,0,aposentado,1,0
3374,202412,45,2798.0,21.8,0.753,1,0.127,0,CLT,0,0
3375,202403,53,7015.0,0.1,0.694,0,0.355,1,CLT,0,1
3376,202302,45,3291.0,0.8,0.367,1,0.167,2,CLT,1,0
3377,202412,45,3935.0,2.6,0.711,1,0.568,3,CLT,1,1
3378,202401,49,4851.0,4.2,0.57,0,0.356,3,CLT,0,1
3379,202408,63,2514.0,1.4,0.204,0,0.344,1,CLT,1,0
3380,202406,40,4011.0,5.5,0.641,0,0.262,3,aposentado,1,0
3381,202308,61,4176.0,1.8,0.536,1,0.231,1,CLT,1,1
3382,202301,59,1674.0,3.9,0.358,1,0.62,1,CLT,0,0
3383,202409,68,4131.0,0.2,0.019,1,0.087,2,aposentado,0,0
3384,202311,65,3559.0,5.1,0.38,0,0.252,1,autonomo,0,0
3385,202409,60,3885.0,4.7,0.534,0,0.072,2,servidor,1,0
3386,202405,33,3706.0,4.3,0.209,0,0.219,1,CLT,0,0
3387,202311,58,4145.0,6.9,0.496,2,0.069,1,CLT,1,0
3388,202306,57,7106.0,1.9,0.696,0,0.255,1,CLT,0,0
3389,202312,35,2019.0,3.4,0.381,0,0.246,0,CLT,0,0
3390,202408,54,3068.0,4.3,0.664,0,0.373,1,servidor,1,0
3391,202408,33,5081.0,14.6,0.267,0,0.311,0,CLT,1,0
3392,202404,46,4631.0,5.5,0.222,1,0.095,1,CLT,0,0
3393,202306,60,4581.0,6.8,0.438,0,0.13,0,servidor,1,0
3394,202309,30,14426.0,2.2,0.336,1,0.498,0,CLT,1,1
3395,202401,37,4950.0,4.5,0.364,1,0.415,3,CLT,0,1
3396,202304,59,6409.0,3.9,0.297,2,0.327,0,autonomo,0,0
3397,202302,43,3123.0,9.6,0.612,2,0.305,3,CLT,1,1
3398,202409,68,2216.0,1.6,0.624,0,0.324,1,autonomo,1,0
3399,202407,21,3111.0,2.1,0.357,0,0.433,3,autonomo,1,0
3400,202312,56,5198.0,0.3,0.286,0,0.341,2,servidor,0,0
3401,202409,60,4462.0,3.0,0.166,1,0.289,2,CLT,1,0
3402,202412,65,4454.0,20.2,0.72,1,0.626,3,CLT,1,1
3403,202307,28,3271.0,7.0,0.154,1,0.147,1,servidor,0,0
3404,202403,69,3020.0,2.7,0.742,0,0.262,2,servidor,0,0
3405,202310,40,3328.0,0.3,0.461,1,0.301,0,aposentado,0,0
3406,202304,38,5230.0,1.4,0.152,1,0.303,0,CLT,1,0
3407,202307,38,5543.0,1.6,0.471,0,0.355,1,servidor,1,0
3408,202303,52,2201.0,11.9,0.286,0,0.435,1,CLT,0,0
3409,202301,53,5330.0,0.1,0.701,0,0.271,0,autonomo,0,1
3410,202304,44,2630.0,3.4,0.114,0,0.276,3,CLT,0,0
3411,202305,24,4603.0,1.0,0.689,1,0.108,2,aposentado,0,0
3412,202402,69,3308.0,1.1,0.481,0,0.266,0,autonomo,1,0
3413,202304,31,7966.0,28.3,0.174,1,0.153,0,servidor,1,0
3414,202308,25,2954.0,1.3,0.083,0,0.354,2,aposentado,1,1
3415,202411,50,3981.0,8.8,0.322,1,0.161,1,servidor,1,1
3416,202301,41,4931.0,12.2,0.308,1,0.479,1,CLT,0,0
3417,202401,51,2352.0,4.0,0.636,1,0.295,1,CLT,1,1
3418,202302,63,3511.0,30.3,0.068,2,0.473,1,CLT,1,0
3419,202404,25,3187.0,2.8,0.038,0,0.061,1,autonomo,0,0
3420,202306,34,2816.0,2.0,0.856,1,0.576,2,CLT,0,1
3421,202307,46,2922.0,1.4,0.492,0,0.441,2,CLT,0,0
3422,202309,59,6349.0,2.4,0.718,1,0.339,3,CLT,0,1
3423,202302,50,2699.0,4.9,0.574,0,0.347,1,autonomo,1,0
3424,202307,39,4833.0,5.7,0.177,2,0.139,2,servidor,0,0
3425,202412,50,4261.0,2.7,0.424,0,0.408,1,CLT,0,0
3426,202306,69,1811.0,11.2,0.692,0,0.192,1,CLT,1,0
3427,202310,44,4720.0,0.1,0.662,1,0.039,0,CLT,0,0
3428,202406,64,1796.0,5.8,0.111,0,0.486,1,autonomo,0,0
3429,202302,59,4984.0,6.7,0.509,0,0.532,0,servidor,0,0
3430,202310,35,2825.0,9.6,0.291,0,0.651,0,CLT,1,0
3431,202305,33,3656.0,6.0,0.038,0,0.24,0,autonomo,1,0
3432,202312,58,1906.0,8.9,0.474,0,0.323,1,autonomo,1,1
3433,202310,31,3871.0,1.4,0.207,1,0.302,1,servidor,1,0
3434,202303,37,5788.0,2.7,0.818,0,0.127,2,CLT,1,0
3435,202411,32,2432.0,4.3,0.347,1,0.288,0,CLT,1,0
3436,202409,50,2688.0,3.3,0.472,2,0.339,1,CLT,1,0
3437,202304,35,4570.0,1.1,0.468,0,0.338,2,servidor,0,0
3438,202309,53,4628.0,4.5,0.134,0,0.431,2,CLT,1,0
3439,202404,66,1078.0,19.8,0.555,1,0.202,1,CLT,1,0
3440,202409,61,9974.0,4.0,0.641,0,0.341,2,aposentado,1,0
3441,202412,67,4742.0,1.1,0.54,1,0.618,0,aposentado,1,0
3442,202411,22,5159.0,2.3,0.141,1,0.401,1,CLT,1,0
3443,202412,43,3389.0,3.3,0.511,1,0.454,2,CLT,1,1
3444,202311,31,1440.0,0.6,0.51,1,0.469,0,CLT,1,0
3445,202305,65,5102.0,1.2,0.336,0,0.216,2,autonomo,0,0
3446,202409,55,2745.0,9.1,0.24,0,0.27,0,CLT,1,0
3447,202405,36,4779.0,1.6,0.736,0,0.512,0,CLT,0,1
3448,202308,48,3264.0,20.9,0.224,0,0.409,1,autonomo,0,0
3449,202304,50,4101.0,4.7,0.286,2,0.685,0,CLT,1,0
3450,202409,45,2471.0,9.3,0.727,0,0.048,0,autonomo,0,0
3451,202306,44,5609.0,3.3,0.56,0,0.184,2,CLT,0,0
3452,202402,23,2010.0,23.7,0.1,1,0.381,0,CLT,1,0
3453,202301,43,11190.0,1.3,0.509,1,0.181,0,CLT,1,0
3454,202410,38,11148.0,1.5,0.431,0,0.386,0,aposentado,0,1
3455,202404,61,8237.0,3.1,0.528,0,0.107,3,autonomo,1,0
3456,202307,63,6889.0,0.9,0.098,0,0.051,1,CLT,1,0
3457,202303,57,3490.0,2.1,0.279,2,0.64,0,servidor,1,0
3458,202409,22,6524.0,1.6,0.192,2,0.17,3,CLT,0,1
3459,202310,62,3470.0,3.6,0.339,0,0.196,2,CLT,1,0
3460,202402,40,1674.0,1.0,0.343,0,0.112,2,aposentado,0,0
3461,202403,41,7720.0,4.0,0.309,0,0.216,2,autonomo,0,0
3462,202411,67,6402.0,1.8,0.785,1,0.574,2,CLT,0,0
3463,202304,63,3584.0,0.5,0.287,2,0.193,2,CLT,0,0
3464,202312,23,1973.0,3.5,0.513,0,0.493,1,autonomo,1,1
3465,202402,38,2716.0,6.4,0.554,0,0.242,1,autonomo,1,0
3466,202303,57,1465.0,7.5,0.364,0,0.541,1,CLT,1,0
3467,202302,47,5840.0,2.1,0.492,0,0.223,1,autonomo,0,1
3468,202406,33,1633.0,5.7,0.38,0,0.604,2,CLT,0,1
3469,202311,46,4202.0,1.0,0.707,0,0.172,2,CLT,0,1
3470,202406,63,2388.0,2.1,0.358,1,0.331,2,CLT,1,0
3471,202412,31,1784.0,2.8,0.199,0,0.234,3,CLT,1,0
3472,202307,57,4102.0,5.0,0.407,1,0.249,1,autonomo,1,1
3473,202402,57,3081.0,10.9,0.116,0,0.32,0,aposentado,1,1
3474,202301,64,5536.0,8.1,0.735,0,0.239,2,autonomo,1,0
3475,202402,35,1932.0,6.3,0.361,0,0.373,1,CLT,1,0
3476,202311,31,2493.0,7.1,0.286,0,0.502,0,autonomo,0,0
3477,202409,47,1103.0,7.3,0.332,1,0.769,1,aposentado,1,1
3478,202403,47,1221.0,1.0,0.314,0,0.283,4,servidor,1,0
3479,202308,41,8947.0,8.0,0.07,0,0.11,1,servidor,0,0
3480,202410,59,10320.0,2.1,0.289,1,0.449,2,servidor,1,0
3481,202303,60,3814.0,0.6,0.028,0,0.242,3,CLT,0,0
3482,202302,33,2412.0,5.6,0.268,0,0.059,2,aposentado,1,0
3483,202302,59,3136.0,5.0,0.279,2,0.274,1,autonomo,1,1
3484,202301,32,5635.0,10.8,0.735,2,0.381,2,autonomo,0,1
3485,202310,40,2815.0,3.1,0.477,2,0.419,2,CLT,0,0
3486,202305,22,4100.0,1.8,0.25,0,0.427,0,CLT,0,0
3487,202404,37,3618.0,9.9,0.431,0,0.031,2,CLT,1,0
3488,202308,67,2740.0,0.5,0.069,1,0.261,0,autonomo,1,0
3489,202409,42,2799.0,1.0,0.527,1,0.254,0,CLT,0,0
3490,202311,55,4216.0,4.0,0.186,0,0.442,2,servidor,0,0
3491,202405,26,2234.0,0.0,0.659,0,0.077,0,autonomo,1,0
3492,202304,52,4564.0,3.1,0.683,0,0.182,1,CLT,1,0
3493,202406,39,2876.0,5.6,0.131,0,0.564,1,autonomo,0,1
3494,202310,57,3880.0,2.1,0.277,0,0.444,2,servidor,0,0
3495,202309,66,7273.0,8.7,0.906,2,0.146,2,CLT,0,1
3496,202402,47,3347.0,0.5,0.265,0,0.281,1,aposentado,1,0
3497,202403,26,5767.0,1.8,0.57,0,0.659,0,autonomo,1,0
3498,202402,44,1486.0,3.2,0.519,0,0.419,2,autonomo,1,1
3499,202301,27,2878.0,5.9,0.549,0,0.243,3,CLT,0,0
3500,202311,43,3692.0,0.6,0.253,0,0.203,2,autonomo,1,0
3501,202412,23,9525.0,10.4,0.677,1,0.604,1,CLT,1,0
3502,202408,52,1367.0,2.6,0.578,2,0.392,1,servidor,0,1
3503,202411,36,3470.0,13.9,0.099,0,0.513,1,autonomo,0,1
3504,202409,30,7543.0,3.1,0.208,0,0.164,2,CLT,0,1
3505,202303,21,2459.0,4.9,0.459,2,0.267,2,servidor,0,0
3506,202302,64,3273.0,7.7,0.22,1,0.148,2,servidor,0,0
3507,202309,62,4298.0,1.6,0.332,0,0.21,1,CLT,1,0
3508,202308,60,3993.0,5.3,0.658,0,0.335,1,CLT,0,0
3509,202302,23,7966.0,4.1,0.374,0,0.301,0,CLT,1,0
3510,202410,38,4556.0,0.5,0.203,1,0.664,1,CLT,0,0
3511,202401,68,7072.0,8.4,0.626,1,0.749,0,CLT,1,0
3512,202304,49,3041.0,0.3,0.161,0,0.16,3,aposentado,0,0
3513,202304,27,2514.0,8.7,0.276,0,0.335,1,autonomo,1,0
3514,202312,27,3252.0,1.4,0.015,0,0.043,0,autonomo,0,0
3515,202402,33,2039.0,6.9,0.523,0,0.102,2,autonomo,0,1
3516,202401,68,4637.0,5.4,0.574,0,0.098,1,CLT,0,0
3517,202301,29,3002.0,13.7,0.307,0,0.058,0,autonomo,0,0
3518,202312,65,2602.0,4.0,0.725,0,0.218,1,CLT,0,0
3519,202309,54,4672.0,8.0,0.528,0,0.157,1,CLT,0,0
3520,202303,66,2055.0,6.4,0.339,0,0.045,0,servidor,0,0
3521,202401,61,5352.0,1.0,0.479,0,0.154,2,servidor,0,0
3522,202408,37,2866.0,4.9,0.267,2,0.653,2,servidor,1,0
3523,202304,61,6500.0,2.7,0.134,0,0.409,2,CLT,0,1
3524,202311,29,2992.0,3.6,0.503,0,0.301,2,CLT,0,0
3525,202302,35,4994.0,1.3,0.152,0,0.327,1,autonomo,1,0
3526,202410,31,3983.0,0.3,0.438,0,0.384,1,autonomo,0,0
3527,202409,27,5281.0,1.8,0.135,0,0.239,0,servidor,1,0
3528,202301,25,3847.0,5.8,0.281,0,0.105,2,servidor,0,0
3529,202402,30,1585.0,0.8,0.878,0,0.09,1,CLT,1,0
3530,202309,26,6029.0,1.2,0.546,0,0.455,1,aposentado,0,1
3531,202404,39,3485.0,12.8,0.213,1,0.179,1,CLT,0,1
3532,202306,24,5403.0,24.4,0.309,1,0.428,1,CLT,1,0
3533,202312,24,5142.0,2.2,0.292,2,0.421,0,CLT,1,0
3534,202412,69,2473.0,1.1,0.5,0,0.152,0,CLT,1,0
3535,202408,25,2304.0,1.5,0.289,0,0.355,1,autonomo,0,0
3536,202306,24,5053.0,6.9,0.152,1,0.228,2,CLT,1,0
3537,202309,22,3129.0,0.1,0.235,1,0.295,2,servidor,0,0
3538,202310,27,5815.0,6.0,0.537,0,0.044,0,CLT,0,0
3539,202307,46,3331.0,4.7,0.398,0,0.186,1,autonomo,1,0
3540,202409,61,6074.0,0.4,0.68,1,0.218,2,autonomo,0,0
3541,202310,57,4499.0,13.2,0.686,0,0.337,0,CLT,0,0
3542,202303,49,4205.0,3.0,0.582,2,0.229,2,CLT,1,0
3543,202401,25,3020.0,1.9,0.526,0,0.187,1,aposentado,0,0
3544,202406,58,4090.0,1.8,0.648,0,0.186,4,CLT,1,0
3545,202305,22,6611.0,4.8,0.527,0,0.282,1,CLT,0,1
3546,202306,51,3544.0,16.1,0.263,1,0.304,0,autonomo,0,0
3547,202308,41,4749.0,6.0,0.67,1,0.273,1,autonomo,0,1
3548,202403,64,3726.0,2.5,0.263,1,0.129,2,CLT,1,0
3549,202401,36,3875.0,4.7,0.711,0,0.075,3,CLT,1,1
3550,202302,52,8619.0,1.2,0.271,1,0.548,3,autonomo,0,1
3551,202305,42,6640.0,12.1,0.761,0,0.571,1,CLT,0,1
3552,202308,46,3788.0,23.1,0.311,0,0.025,1,CLT,0,0
3553,202301,67,4053.0,4.1,0.574,0,0.112,0,autonomo,1,1
3554,202308,55,2563.0,1.6,0.754,1,0.141,1,CLT,0,0
3555,202307,41,3339.0,0.9,0.23,1,0.479,1,CLT,0,0
3556,202311,42,4250.0,25.5,0.517,0,0.264,0,autonomo,0,1
3557,202404,55,5571.0,11.3,0.779,0,0.435,0,CLT,1,0
3558,202302,37,5295.0,13.1,0.448,0,0.237,3,CLT,1,0
3559,202409,29,2091.0,0.0,0.752,1,0.348,1,CLT,0,1
3560,202412,43,5934.0,3.9,0.339,0,0.1,1,aposentado,1,0
3561,202402,24,3483.0,5.7,0.486,2,0.474,1,CLT,1,0
3562,202304,29,2223.0,11.8,0.513,0,0.386,2,autonomo,0,0
3563,202312,41,7102.0,9.0,0.337,0,0.199,1,CLT,1,0
3564,202308,60,7568.0,1.1,0.589,1,0.178,0,autonomo,0,1
3565,202307,59,4154.0,7.5,0.629,0,0.409,0,aposentado,1,0
3566,202405,33,5190.0,3.4,0.076,0,0.343,1,CLT,1,0
3567,202304,41,5344.0,12.7,0.585,0,0.409,1,autonomo,0,0
3568,202411,28,7316.0,1.3,0.218,0,0.616,1,CLT,1,0
3569,202303,58,5240.0,9.1,0.755,0,0.399,1,CLT,0,0
3570,202309,33,1875.0,0.1,0.738,0,0.154,0,autonomo,1,1
3571,202302,60,9946.0,5.7,0.134,0,0.125,1,CLT,1,0
3572,202402,62,6203.0,24.0,0.082,0,0.054,3,aposentado,0,0
3573,202304,54,2822.0,12.5,0.134,1,0.268,3,servidor,1,0
3574,202304,37,2176.0,0.0,0.318,0,0.287,1,CLT,0,0
3575,202408,67,4686.0,16.6,0.197,1,0.28,1,CLT,1,0
3576,202312,54,3168.0,4.9,0.258,1,0.09,1,CLT,1,0
3577,202301,52,4294.0,1.0,0.527,0,0.238,1,CLT,0,0
3578,202404,62,5280.0,1.3,0.265,2,0.213,1,CLT,0,0
3579,202302,64,2743.0,4.2,0.165,2,0.277,1,autonomo,1,1
3580,202309,24,2084.0,1.4,0.622,0,0.266,2,CLT,1,1
3581,202406,64,4416.0,12.0,0.299,0,0.36,0,autonomo,0,0
3582,202404,58,2789.0,6.4,0.512,0,0.372,1,CLT,0,0
3583,202410,31,3917.0,14.0,0.359,1,0.304,0,autonomo,1,0
3584,202301,36,1860.0,5.0,0.464,0,0.104,1,autonomo,0,1
3585,202407,57,3210.0,7.2,0.066,1,0.207,0,CLT,1,0
3586,202305,31,5206.0,1.7,0.72,0,0.267,1,aposentado,0,0
3587,202402,43,4929.0,1.8,0.197,0,0.187,3,autonomo,0,0
3588,202309,54,2455.0,1.9,0.358,0,0.589,1,servidor,1,1
3589,202311,52,2030.0,0.9,0.337,1,0.17,2,autonomo,0,0
3590,202402,65,3670.0,0.9,0.1,0,0.334,1,servidor,0,0
3591,202301,26,4820.0,6.5,0.498,0,0.257,0,CLT,0,1
3592,202409,35,4459.0,0.8,0.423,1,0.155,1,autonomo,0,0
3593,202407,69,2818.0,1.6,0.507,0,0.416,1,CLT,1,0
3594,202306,48,4226.0,5.6,0.679,1,0.254,2,CLT,1,0
3595,202410,33,7717.0,0.6,0.033,0,0.425,4,autonomo,1,0
3596,202301,35,4034.0,2.6,0.328,0,0.14,2,servidor,1,0
3597,202401,37,1609.0,0.3,0.515,0,0.182,2,aposentado,1,0
3598,202305,48,4030.0,4.6,0.1,0,0.274,0,aposentado,0,0
3599,202307,34,10117.0,0.2,0.005,0,0.23,2,CLT,0,0
3600,202403,51,1913.0,0.0,0.777,0,0.282,0,CLT,1,0
3601,202402,42,3695.0,4.4,0.841,0,0.253,0,CLT,0,1
3602,202309,50,3251.0,8.5,0.133,0,0.296,1,CLT,1,0
3603,202308,28,3820.0,0.4,0.426,0,0.14,1,autonomo,1,0
3604,202306,51,4012.0,7.2,0.618,0,0.421,2,autonomo,1,0
3605,202303,66,6438.0,6.2,0.424,1,0.176,2,servidor,1,0
3606,202410,27,3799.0,1.4,0.208,0,0.05,4,CLT,1,0
3607,202406,37,6896.0,2.0,0.714,0,0.426,1,CLT,1,0
3608,202306,54,3433.0,8.8,0.404,0,0.058,4,autonomo,1,0
3609,202305,51,3056.0,20.9,0.128,0,0.445,2,CLT,0,0
3610,202305,54,2606.0,7.2,0.223,0,0.17,1,autonomo,0,0
3611,202302,48,1468.0,4.9,0.678,0,0.288,1,servidor,1,0
3612,202412,54,4179.0,9.8,0.606,0,0.043,1,CLT,1,0
3613,202307,50,10168.0,4.6,0.563,3,0.3,0,CLT,1,1
3614,202308,24,4578.0,1.9,0.388,0,0.132,1,autonomo,1,0
3615,202312,57,5133.0,5.8,0.086,0,0.245,2,CLT,0,0
3616,202309,42,2962.0,8.6,0.198,0,0.204,1,CLT,0,0
3617,202307,23,3222.0,0.1,0.481,0,0.179,0,CLT,1,0
3618,202308,41,5957.0,7.5,0.789,1,0.545,1,autonomo,0,1
3619,202402,42,9940.0,9.7,0.157,0,0.177,4,aposentado,0,1
3620,202309,25,7662.0,5.3,0.619,0,0.133,1,CLT,0,0
3621,202304,69,5446.0,11.1,0.12,0,0.386,1,autonomo,0,0
3622,202307,31,3706.0,9.6,0.626,1,0.057,1,CLT,1,0
3623,202408,37,4043.0,6.3,0.677,1,0.396,2,servidor,1,0
3624,202411,42,2498.0,2.4,0.517,1,0.151,0,CLT,1,0
3625,202404,61,1765.0,0.1,0.571,0,0.563,1,autonomo,0,0
3626,202405,57,2073.0,7.8,0.391,0,0.213,2,autonomo,1,0
3627,202406,58,3733.0,1.3,0.269,1,0.386,3,CLT,1,0
3628,202411,32,3146.0,6.2,0.048,1,0.046,2,CLT,0,0
3629,202406,62,1746.0,10.0,0.552,0,0.324,0,servidor,1,0
3630,202403,61,3574.0,2.6,0.393,1,0.314,1,autonomo,0,0
3631,202305,43,3105.0,0.7,0.609,0,0.3,3,servidor,1,0
3632,202306,47,2026.0,1.9,0.761,0,0.333,1,autonomo,1,1
3633,202309,22,3026.0,6.3,0.882,0,0.12,1,CLT,0,1
3634,202306,58,3101.0,1.7,0.22,1,0.429,1,CLT,0,0
3635,202407,68,2675.0,0.7,0.749,1,0.249,1,CLT,0,0
3636,202408,44,5787.0,1.4,0.418,0,0.275,0,autonomo,1,1
3637,202307,47,1406.0,8.1,0.21,0,0.42,1,CLT,1,1
3638,202307,45,1349.0,2.0,0.604,1,0.32,1,CLT,1,1
3639,202301,25,3647.0,3.0,0.278,2,0.264,2,CLT,0,1
3640,202303,51,3820.0,1.8,0.48,0,0.12,1,servidor,0,0
3641,202311,56,4456.0,6.2,0.142,0,0.213,0,CLT,0,0
3642,202301,66,2781.0,5.9,0.504,0,0.198,1,CLT,0,1
3643,202311,66,2301.0,0.8,0.413,2,0.156,1,autonomo,1,0
3644,202408,45,3628.0,1.6,0.302,0,0.169,1,CLT,0,1
3645,202308,67,2920.0,0.1,0.336,0,0.061,1,CLT,0,0
3646,202406,46,7907.0,4.8,0.401,0,0.646,0,aposentado,1,1
3647,202308,52,3096.0,9.8,0.281,0,0.174,0,autonomo,1,0
3648,202306,50,3545.0,8.4,0.122,0,0.09,1,aposentado,0,0
3649,202302,69,12553.0,4.8,0.08,0,0.011,1,CLT,1,0
3650,202309,57,3303.0,4.5,0.236,0,0.059,0,CLT,0,0
3651,202312,26,4808.0,20.4,0.256,0,0.477,2,autonomo,1,0
3652,202404,24,5030.0,0.4,0.36,0,0.474,2,autonomo,1,1
3653,202411,41,5249.0,1.5,0.456,0,0.401,1,servidor,1,0
3654,202406,46,4208.0,7.9,0.118,0,0.345,0,servidor,1,0
3655,202305,53,4011.0,7.1,0.572,0,0.257,4,CLT,1,0
3656,202309,44,3828.0,3.9,0.153,1,0.142,0,CLT,1,0
3657,202310,46,2730.0,2.1,0.187,1,0.035,0,autonomo,0,0
3658,202311,66,4285.0,5.4,0.659,0,0.242,2,CLT,1,0
3659,202407,37,10040.0,6.2,0.263,0,0.204,3,CLT,1,0
3660,202308,45,6670.0,2.1,0.163,0,0.125,1,CLT,1,0
3661,202407,48,4238.0,5.9,0.111,0,0.203,1,CLT,1,0
3662,202311,43,5585.0,4.1,0.488,0,0.466,2,CLT,0,0
3663,202303,68,2358.0,4.7,0.912,0,0.385,0,CLT,0,0
3664,202303,68,3196.0,2.5,0.491,0,0.36,4,CLT,1,0
3665,202304,46,5848.0,7.0,0.244,0,0.31,0,servidor,0,0
3666,202409,43,7659.0,4.3,0.373,0,0.276,1,CLT,0,0
3667,202408,49,2476.0,1.0,0.62,1,0.086,1,CLT,1,1
3668,202409,29,2859.0,3.1,0.141,0,0.113,4,CLT,1,0
3669,202410,41,10837.0,2.1,0.477,1,0.517,1,autonomo,0,0
3670,202411,31,3820.0,0.0,0.493,0,0.695,1,CLT,1,0
3671,202407,28,9061.0,7.3,0.157,1,0.17,4,autonomo,0,0
3672,202311,25,4038.0,1.5,0.079,1,0.364,1,CLT,1,1
3673,202310,49,4118.0,2.0,0.569,1,0.242,2,CLT,0,1
3674,202411,21,3125.0,0.7,0.427,0,0.213,3,CLT,1,0
3675,202401,52,5833.0,2.2,0.413,0,0.252,0,CLT,1,0
3676,202304,42,7179.0,3.4,0.415,0,0.297,0,CLT,0,0
3677,202307,38,2170.0,4.6,0.425,0,0.553,1,CLT,1,0
3678,202307,58,3053.0,4.6,0.287,0,0.293,1,CLT,0,0
3679,202401,47,5753.0,5.3,0.256,0,0.16,0,CLT,1,0
3680,202401,56,3413.0,1.0,0.437,2,0.113,3,CLT,0,0
3681,202304,55,2845.0,5.4,0.529,0,0.188,0,CLT,0,1
3682,202309,22,6032.0,7.1,0.054,0,0.139,1,aposentado,0,0
3683,202304,31,6322.0,2.0,0.137,0,0.295,1,servidor,1,0
3684,202402,48,2908.0,2.6,0.553,0,0.226,3,aposentado,1,0
3685,202408,68,4049.0,9.3,0.379,1,0.382,2,CLT,1,0
3686,202309,28,1990.0,6.7,0.169,2,0.125,0,servidor,0,0
3687,202412,26,2327.0,20.6,0.721,0,0.241,1,aposentado,0,0
3688,202310,67,3874.0,7.4,0.076,0,0.806,1,CLT,0,0
3689,202404,68,3699.0,0.1,0.851,0,0.351,1,servidor,0,0
3690,202303,29,2245.0,0.8,0.033,0,0.436,3,autonomo,1,0
3691,202401,40,2545.0,6.8,0.247,0,0.242,2,CLT,0,0
3692,202404,51,2138.0,0.4,0.269,0,0.352,1,autonomo,1,0
3693,202305,30,4571.0,0.7,0.536,1,0.1,2,CLT,1,0
3694,202303,36,1361.0,2.0,0.277,0,0.262,1,CLT,0,0
3695,202310,40,2196.0,5.7,0.052,0,0.227,1,autonomo,1,1
3696,202412,52,1434.0,6.5,0.559,0,0.846,1,aposentado,1,0
3697,202412,36,4490.0,2.2,0.476,0,0.22,1,servidor,0,0
3698,202303,41,1478.0,2.1,0.472,1,0.134,0,CLT,1,0
3699,202406,35,3699.0,0.1,0.245,0,0.075,1,aposentado,1,0
3700,202402,58,8265.0,7.7,0.254,0,0.141,1,CLT,0,0
3701,202404,28,8406.0,0.6,0.534,0,0.1,2,CLT,0,1
3702,202409,32,1476.0,4.5,0.445,2,0.197,1,CLT,0,1
3703,202312,33,4227.0,1.9,0.497,0,0.406,1,CLT,0,0
3704,202308,65,2221.0,9.4,0.107,0,0.076,2,autonomo,0,0
3705,202406,67,2005.0,1.2,0.316,1,0.235,1,CLT,0,0
3706,202304,45,3440.0,8.3,0.493,0,0.647,1,servidor,1,1
3707,202305,28,6729.0,1.6,0.449,0,0.522,0,CLT,0,0
3708,202410,58,4914.0,9.2,0.7,0,0.109,2,servidor,1,0
3709,202410,45,2546.0,2.8,0.135,2,0.181,2,CLT,1,0
3710,202311,62,5180.0,2.0,0.643,0,0.458,3,CLT,0,1
3711,202412,38,1186.0,0.1,0.737,0,0.249,1,CLT,0,1
3712,202401,69,2499.0,1.6,0.529,1,0.087,0,CLT,1,0
3713,202309,60,2412.0,0.5,0.389,0,0.207,2,servidor,0,0
3714,202402,31,3786.0,5.5,0.487,1,0.141,2,autonomo,1,0
3715,202410,56,3290.0,4.9,0.467,0,0.093,0,autonomo,0,0
3716,202409,35,3392.0,2.9,0.43,0,0.147,0,CLT,0,0
3717,202409,38,3336.0,1.3,0.634,0,0.19,1,CLT,1,0
3718,202308,33,3682.0,1.1,0.68,1,0.108,3,autonomo,0,1
3719,202403,54,4770.0,21.4,0.54,0,0.336,1,CLT,1,0
3720,202412,33,3923.0,8.5,0.082,0,0.299,2,CLT,0,0
3721,202301,52,3158.0,6.5,0.276,0,0.336,0,CLT,0,0
3722,202303,49,4451.0,1.8,0.339,1,0.212,4,autonomo,1,1
3723,202412,57,5503.0,1.6,0.192,0,0.286,1,servidor,0,1
3724,202303,69,2757.0,2.2,0.622,1,0.353,1,CLT,1,1
3725,202403,21,3534.0,13.8,0.475,1,0.242,0,servidor,0,0
3726,202411,69,6509.0,4.0,0.3,0,0.096,2,autonomo,1,0
3727,202403,26,2098.0,1.9,0.74,0,0.233,0,CLT,0,0
3728,202402,46,8976.0,0.3,0.295,0,0.088,2,servidor,1,0
3729,202311,37,1864.0,8.1,0.61,0,0.082,1,CLT,0,0
3730,202306,52,3064.0,5.8,0.526,0,0.191,1,CLT,1,0
3731,202408,56,2264.0,5.1,0.299,2,0.162,3,autonomo,0,1
3732,202401,63,10872.0,2.4,0.188,1,0.04,0,servidor,0,0
3733,202403,40,2831.0,2.5,0.04,0,0.44,0,CLT,1,0
3734,202406,66,2834.0,3.1,0.562,1,0.303,3,autonomo,1,0
3735,202401,36,3025.0,9.0,0.431,1,0.188,1,autonomo,0,1
3736,202312,30,3819.0,0.1,0.19,0,0.604,2,servidor,0,0
3737,202407,39,3090.0,0.9,0.883,0,0.108,0,CLT,1,1
3738,202409,46,3407.0,10.0,0.607,0,0.434,2,autonomo,1,0
3739,202405,53,624.0,1.9,0.547,0,0.352,2,autonomo,1,1
3740,202307,61,3747.0,1.4,0.224,1,0.365,2,CLT,1,0
3741,202408,32,3674.0,3.3,0.199,0,0.043,2,autonomo,0,0
3742,202303,35,6120.0,0.4,0.169,1,0.225,0,autonomo,0,0
3743,202412,66,7006.0,3.2,0.79,0,0.308,1,autonomo,1,0
3744,202404,42,3315.0,3.9,0.282,0,0.286,2,CLT,1,0
3745,202311,32,5476.0,3.6,0.623,0,0.536,1,autonomo,0,1
3746,202401,69,2099.0,1.4,0.056,0,0.494,2,CLT,1,0
3747,202405,42,5344.0,4.2,0.619,1,0.41,2,CLT,0,1
3748,202303,69,2735.0,8.7,0.799,0,0.102,0,CLT,0,0
3749,202404,66,2014.0,13.2,0.491,0,0.14,2,CLT,1,0
3750,202402,65,3318.0,0.0,0.258,1,0.245,0,CLT,1,1
3751,202306,49,7334.0,4.9,0.708,1,0.637,2,aposentado,0,1
3752,202402,60,3986.0,8.2,0.182,2,0.54,0,servidor,1,1
3753,202408,68,7694.0,0.4,0.212,0,0.453,0,servidor,0,0
3754,202301,34,2504.0,6.2,0.124,0,0.348,0,autonomo,0,0
3755,202408,22,6148.0,10.7,0.382,1,0.087,3,CLT,1,0
3756,202305,36,2628.0,1.4,0.289,1,0.126,4,CLT,1,0
3757,202310,52,4075.0,6.5,0.43,2,0.515,3,CLT,1,1
3758,202402,47,4058.0,17.2,0.495,0,0.22,1,autonomo,1,0
3759,202410,24,5068.0,1.9,0.237,0,0.091,3,autonomo,1,1
3760,202411,48,4127.0,0.4,0.655,0,0.433,3,autonomo,1,0
3761,202312,29,2516.0,3.3,0.46,2,0.399,3,autonomo,0,1
3762,202401,45,5654.0,7.9,0.298,0,0.108,1,autonomo,1,0
3763,202309,49,8654.0,0.5,0.368,2,0.52,0,servidor,1,0
3764,202302,52,2719.0,7.6,0.54,1,0.233,1,CLT,0,1
3765,202308,41,1454.0,16.2,0.239,0,0.137,0,aposentado,0,0
3766,202301,41,4673.0,21.6,0.7,1,0.353,2,CLT,1,0
3767,202303,54,3085.0,11.1,0.525,1,0.215,1,servidor,1,0
3768,202408,57,3410.0,8.9,0.888,0,0.71,1,CLT,0,1
3769,202404,60,4808.0,0.9,0.637,0,0.643,0,CLT,0,1
3770,202303,37,2898.0,5.7,0.141,0,0.574,0,CLT,1,1
3771,202401,41,3183.0,1.1,0.493,0,0.04,2,aposentado,1,0
3772,202306,37,3463.0,4.9,0.139,0,0.077,1,CLT,1,1
3773,202312,46,7592.0,1.6,0.374,0,0.306,1,autonomo,1,1
3774,202404,27,3696.0,1.1,0.345,0,0.307,1,autonomo,1,0
3775,202406,42,1963.0,18.1,0.244,0,0.531,0,CLT,0,0
3776,202411,30,2002.0,4.4,0.277,0,0.131,0,aposentado,0,0
3777,202310,47,3903.0,4.0,0.294,1,0.179,4,CLT,0,1
3778,202304,62,2070.0,5.3,0.316,0,0.095,3,aposentado,1,0
3779,202306,69,1667.0,7.2,0.901,0,0.311,0,CLT,0,0
3780,202312,42,5003.0,1.5,0.398,0,0.281,0,CLT,0,0
3781,202403,23,5127.0,6.2,0.511,0,0.584,3,autonomo,1,1
3782,202405,32,3029.0,9.8,0.066,0,0.49,0,servidor,1,1
3783,202304,26,4217.0,1.3,0.169,0,0.11,3,CLT,1,0
3784,202302,58,4000.0,6.4,0.5,1,0.133,2,autonomo,0,0
3785,202403,69,4921.0,2.9,0.358,0,0.129,2,CLT,1,0
3786,202311,48,4926.0,3.6,0.36,0,0.525,1,autonomo,0,0
3787,202402,29,989.0,1.9,0.153,0,0.215,1,CLT,1,0
3788,202310,22,3228.0,2.1,0.191,2,0.34,0,CLT,0,1
3789,202406,68,4717.0,1.3,0.323,2,0.17,1,CLT,1,0
3790,202305,36,2965.0,0.9,0.644,1,0.243,0,CLT,0,1
3791,202403,26,3707.0,6.0,0.321,0,0.238,2,servidor,1,0
3792,202303,29,5299.0,3.4,0.317,1,0.224,0,CLT,1,0
3793,202311,33,3791.0,0.3,0.615,1,0.282,0,CLT,0,1
3794,202412,53,7738.0,2.2,0.174,0,0.338,0,autonomo,1,0
3795,202306,64,6396.0,4.6,0.206,1,0.187,1,aposentado,0,0
3796,202307,34,3431.0,2.0,0.169,0,0.502,0,aposentado,1,0
3797,202403,54,3298.0,14.4,0.448,0,0.079,0,CLT,0,0
3798,202406,24,876.0,8.2,0.602,1,0.249,0,autonomo,1,0
3799,202312,21,3093.0,11.1,0.258,0,0.104,0,aposentado,1,1
3800,202311,23,1851.0,6.9,0.392,0,0.496,1,autonomo,0,0
3801,202402,66,4067.0,3.5,0.803,0,0.335,0,CLT,0,0
3802,202403,49,3930.0,5.0,0.427,0,0.184,0,autonomo,1,0
3803,202308,60,5156.0,5.3,0.59,1,0.336,2,CLT,1,0
3804,202305,22,7320.0,2.6,0.312,0,0.408,1,servidor,0,0
3805,202411,22,3593.0,1.9,0.109,0,0.182,1,autonomo,1,1
3806,202312,62,11387.0,1.3,0.4,0,0.486,2,servidor,0,0
3807,202412,26,4090.0,9.1,0.307,0,0.033,1,autonomo,1,1
3808,202410,28,1891.0,2.3,0.533,0,0.381,1,CLT,0,1
3809,202404,46,2749.0,2.0,0.627,0,0.161,1,servidor,1,0
3810,202312,50,3022.0,5.2,0.532,0,0.307,0,autonomo,0,0
3811,202305,32,4895.0,0.7,0.265,2,0.267,0,autonomo,0,1
3812,202412,42,2267.0,2.1,0.056,1,0.241,1,servidor,1,0
3813,202412,54,3137.0,4.8,0.205,0,0.253,2,CLT,1,0
3814,202403,42,3359.0,9.9,0.169,0,0.162,3,aposentado,1,0
3815,202401,39,2910.0,0.0,0.278,1,0.324,0,CLT,0,0
3816,202403,24,5463.0,7.1,0.07,0,0.129,1,CLT,1,0
3817,202301,43,5017.0,1.5,0.231,0,0.24,2,autonomo,0,0
3818,202402,60,6524.0,10.0,0.257,2,0.34,1,CLT,0,0
3819,202409,51,3086.0,1.2,0.231,1,0.435,0,autonomo,1,0
3820,202306,64,6643.0,5.5,0.369,0,0.19,0,CLT,1,0
3821,202411,27,1841.0,5.9,0.466,1,0.37,1,autonomo,0,1
3822,202407,21,1819.0,5.7,0.394,0,0.203,3,aposentado,1,0
3823,202404,47,1984.0,5.3,0.296,0,0.253,2,aposentado,0,0
3824,202402,29,3658.0,7.1,0.446,1,0.055,0,CLT,0,0
3825,202309,50,6642.0,7.8,0.445,0,0.42,0,CLT,1,0
3826,202302,65,2694.0,5.9,0.084,1,0.18,0,CLT,1,0
3827,202305,37,2869.0,4.0,0.28,1,0.192,0,CLT,1,0
3828,202402,47,3268.0,2.3,0.162,1,0.137,2,autonomo,0,0
3829,202303,54,4848.0,2.8,0.155,0,0.062,0,CLT,1,0
3830,202407,28,2867.0,0.3,0.182,1,0.284,0,CLT,0,0
3831,202304,64,2789.0,1.9,0.632,1,0.236,2,CLT,0,0
3832,202310,30,1858.0,4.4,0.736,1,0.406,3,autonomo,1,0
3833,202309,60,2736.0,5.2,0.283,1,0.56,0,CLT,1,0
3834,202403,53,6560.0,8.8,0.253,0,0.205,0,CLT,0,0
3835,202411,27,3810.0,0.6,0.63,0,0.44,1,aposentado,0,0
3836,202403,56,2515.0,10.4,0.637,0,0.297,0,CLT,0,1
3837,202408,30,6755.0,2.5,0.354,0,0.173,1,autonomo,0,0
3838,202301,50,2717.0,1.9,0.392,0,0.182,2,CLT,0,0
3839,202306,68,7405.0,4.4,0.57,1,0.475,1,autonomo,0,1
3840,202305,67,7345.0,15.2,0.669,1,0.374,0,autonomo,0,1
3841,202303,63,3744.0,2.4,0.53,0,0.13,0,CLT,1,0
3842,202303,45,1721.0,5.1,0.171,0,0.274,2,autonomo,0,0
3843,202303,48,11439.0,12.1,0.676,0,0.315,0,autonomo,1,0
3844,202305,35,4419.0,0.2,0.124,1,0.09,0,CLT,1,1
3845,202407,66,3097.0,3.0,0.6,0,0.126,3,autonomo,1,1
3846,202304,44,5873.0,2.6,0.308,1,0.422,1,aposentado,1,0
3847,202408,58,5173.0,6.1,0.179,0,0.119,1,servidor,0,0
3848,202311,38,7013.0,10.0,0.368,0,0.053,1,CLT,0,0
3849,202408,57,2614.0,4.6,0.465,0,0.147,0,autonomo,1,0
3850,202404,31,4269.0,18.2,0.327,0,0.175,1,autonomo,0,0
3851,202307,56,2012.0,13.5,0.692,1,0.029,1,aposentado,0,0
3852,202301,23,5081.0,4.8,0.879,1,0.651,0,CLT,1,1
3853,202307,26,3599.0,3.3,0.445,1,0.263,0,aposentado,0,0
3854,202409,38,4190.0,1.5,0.206,1,0.174,1,CLT,1,0
3855,202302,44,3384.0,0.1,0.293,0,0.425,0,aposentado,0,0
3856,202305,55,3212.0,4.2,0.099,0,0.434,0,CLT,0,0
3857,202405,38,2359.0,9.4,0.549,1,0.049,1,servidor,0,0
3858,202310,21,5406.0,0.8,0.132,0,0.676,0,CLT,0,0
3859,202409,36,7668.0,3.0,0.094,1,0.187,0,CLT,1,0
3860,202407,42,2756.0,0.3,0.281,0,0.276,1,CLT,1,1
3861,202410,47,4802.0,9.1,0.227,0,0.264,0,autonomo,0,0
3862,202408,52,4519.0,6.9,0.105,0,0.183,0,aposentado,1,0
3863,202302,33,3656.0,0.4,0.444,0,0.315,1,servidor,0,0
3864,202307,50,1697.0,0.0,0.341,0,0.631,1,servidor,1,0
3865,202405,51,1899.0,1.1,0.364,0,0.34,3,CLT,1,0
3866,202309,59,2464.0,11.0,0.552,0,0.426,0,CLT,0,0
3867,202308,46,1249.0,14.4,0.278,0,0.109,0,aposentado,0,0
3868,202409,60,7361.0,2.0,0.37,1,0.557,2,autonomo,0,0
3869,202303,31,4376.0,6.0,0.304,0,0.328,2,autonomo,1,0
3870,202412,55,3587.0,6.9,0.173,0,0.119,0,aposentado,0,0
3871,202308,23,1218.0,3.7,0.449,0,0.104,3,CLT,0,1
3872,202304,26,1463.0,1.6,0.643,1,0.031,0,CLT,0,1
3873,202401,63,3637.0,0.9,0.459,1,0.105,0,CLT,1,0
3874,202403,44,9752.0,3.8,0.621,0,0.042,3,CLT,1,0
3875,202410,51,2567.0,3.2,0.172,0,0.034,2,CLT,1,0
3876,202302,50,5608.0,0.8,0.34,0,0.118,1,servidor,0,0
3877,202307,55,2864.0,10.7,0.28,0,0.248,2,CLT,1,0
3878,202306,33,3743.0,0.2,0.802,0,0.168,0,autonomo,1,1
3879,202304,29,6683.0,0.1,0.267,0,0.182,3,CLT,0,0
3880,202311,23,3063.0,0.6,0.358,0,0.41,2,CLT,0,0
3881,202305,63,2578.0,7.5,0.554,1,0.13,0,CLT,1,0
3882,202408,31,7399.0,0.7,0.408,1,0.638,2,autonomo,1,1
3883,202310,49,3725.0,0.4,0.255,0,0.317,2,autonomo,0,0
3884,202305,43,6283.0,0.1,0.331,1,0.095,0,CLT,0,0
3885,202310,28,2585.0,0.0,0.125,0,0.111,0,CLT,0,0
3886,202402,41,7356.0,2.8,0.032,1,0.639,1,CLT,1,0
3887,202409,25,4175.0,1.5,0.275,0,0.293,2,aposentado,1,1
3888,202309,29,4525.0,10.6,0.329,0,0.202,1,servidor,1,0
3889,202309,27,3889.0,1.5,0.195,1,0.12,0,aposentado,1,0
3890,202408,61,2828.0,2.9,0.63,0,0.245,3,CLT,1,1
3891,202311,48,3638.0,10.9,0.337,0,0.082,0,CLT,1,1
3892,202307,66,2918.0,3.7,0.081,0,0.219,1,CLT,1,0
3893,202409,42,5883.0,5.5,0.272,0,0.236,0,servidor,0,0
3894,202312,30,3289.0,14.5,0.144,1,0.183,0,servidor,1,0
3895,202411,50,1723.0,4.7,0.461,0,0.151,0,CLT,1,0
3896,202402,66,1572.0,1.3,0.631,0,0.451,3,aposentado,0,1
3897,202309,47,1536.0,0.7,0.203,0,0.214,3,autonomo,1,0
3898,202401,21,4959.0,0.3,0.311,0,0.012,3,CLT,1,0
3899,202409,35,2047.0,0.5,0.346,0,0.301,2,CLT,1,0
3900,202305,66,4230.0,5.4,0.553,0,0.142,0,CLT,0,0
3901,202404,46,3898.0,2.8,0.434,1,0.256,1,autonomo,1,0
3902,202312,67,3525.0,0.6,0.342,0,0.472,2,CLT,1,0
3903,202304,45,4533.0,1.7,0.245,1,0.04,1,CLT,1,0
3904,202403,21,3941.0,3.1,0.267,0,0.084,0,CLT,0,0
3905,202409,63,939.0,2.4,0.185,0,0.115,0,servidor,1,0
3906,202310,58,3097.0,3.6,0.136,0,0.235,3,CLT,0,0
3907,202407,56,4503.0,0.4,0.322,0,0.308,1,autonomo,1,0
3908,202304,68,8268.0,15.9,0.816,2,0.422,0,CLT,1,1
3909,202308,30,8461.0,8.7,0.841,0,0.51,0,CLT,0,1
3910,202410,65,1842.0,4.9,0.362,0,0.04,2,CLT,0,0
3911,202409,32,3057.0,7.4,0.533,0,0.141,2,autonomo,0,1
3912,202308,68,1664.0,20.0,0.415,0,0.168,0,CLT,0,0
3913,202308,30,7785.0,2.6,0.669,0,0.211,4,CLT,0,0
3914,202308,47,6042.0,0.3,0.439,0,0.487,4,CLT,0,1
3915,202409,59,4339.0,2.9,0.188,0,0.425,1,CLT,1,0
3916,202304,24,3956.0,3.3,0.238,0,0.193,1,aposentado,1,0
3917,202406,24,7261.0,7.0,0.174,0,0.524,0,servidor,1,0
3918,202305,62,6672.0,0.2,0.258,0,0.495,0,CLT,1,0
3919,202301,23,6497.0,12.3,0.634,1,0.311,2,CLT,1,0
3920,202304,51,4575.0,6.2,0.31,0,0.259,2,servidor,0,0
3921,202310,66,3058.0,7.4,0.722,0,0.125,3,CLT,0,0
3922,202311,51,5343.0,3.9,0.166,0,0.317,0,autonomo,0,0
3923,202401,44,5475.0,1.0,0.25,0,0.258,1,autonomo,1,0
3924,202307,41,3310.0,2.0,0.366,0,0.297,0,autonomo,0,1
3925,202311,52,3055.0,0.7,0.619,0,0.426,2,CLT,1,0
3926,202302,49,6417.0,5.9,0.19,0,0.18,1,aposentado,1,0
3927,202308,45,8367.0,4.0,0.2,0,0.238,0,CLT,1,0
3928,202310,28,2503.0,4.7,0.568,1,0.171,1,autonomo,1,0
3929,202308,53,3192.0,3.6,0.324,0,0.176,3,CLT,0,0
3930,202402,57,4339.0,12.6,0.386,1,0.173,2,servidor,0,0
3931,202303,55,4644.0,5.5,0.382,0,0.162,1,CLT,0,0
3932,202404,24,2804.0,15.4,0.562,0,0.178,0,CLT,1,0
3933,202310,55,9337.0,0.1,0.495,0,0.634,2,autonomo,0,0
3934,202408,56,4496.0,5.2,0.482,0,0.285,1,CLT,1,0
3935,202306,29,4749.0,0.0,0.609,0,0.287,2,autonomo,0,0
3936,202305,62,8773.0,1.6,0.467,0,0.758,1,servidor,0,0
3937,202301,46,2909.0,6.5,0.541,0,0.292,2,aposentado,0,0
3938,202401,44,3483.0,14.2,0.326,1,0.312,1,CLT,1,0
3939,202301,56,1946.0,7.7,0.162,0,0.213,4,CLT,0,1
3940,202402,45,3340.0,25.4,0.196,0,0.238,0,autonomo,1,0
3941,202411,47,1729.0,6.7,0.262,0,0.03,1,servidor,0,0
3942,202304,36,5292.0,11.0,0.458,0,0.088,2,CLT,1,0
3943,202308,66,4492.0,6.2,0.251,2,0.133,0,CLT,0,0
3944,202410,68,3170.0,19.9,0.251,0,0.645,2,CLT,0,0
3945,202405,27,3463.0,12.7,0.045,1,0.267,1,CLT,1,0
3946,202304,56,5328.0,5.8,0.26,1,0.067,3,CLT,1,0
3947,202305,22,2063.0,5.4,0.377,0,0.223,0,CLT,0,1
3948,202404,39,4032.0,1.8,0.5,0,0.112,0,autonomo,1,0
3949,202304,68,5165.0,3.5,0.396,0,0.19,1,CLT,0,0
3950,202402,29,1493.0,1.9,0.256,0,0.251,3,autonomo,1,1
3951,202303,39,5128.0,1.3,0.619,0,0.251,2,CLT,0,0
3952,202311,31,1577.0,5.0,0.886,0,0.431,0,CLT,0,0
3953,202410,56,3433.0,0.9,0.599,0,0.052,0,CLT,1,0
3954,202407,43,2035.0,7.6,0.607,0,0.187,0,aposentado,1,0
3955,202304,50,7447.0,8.1,0.079,1,0.22,0,CLT,1,0
3956,202407,67,2041.0,3.8,0.59,1,0.212,2,CLT,0,1
3957,202412,46,1595.0,0.3,0.315,0,0.553,0,aposentado,1,0
3958,202405,56,3892.0,11.0,0.412,0,0.198,1,CLT,1,0
3959,202307,25,2961.0,0.2,0.337,0,0.356,1,aposentado,0,0
3960,202411,31,1716.0,4.2,0.558,0,0.53,2,servidor,1,1
3961,202309,67,4736.0,0.8,0.51,0,0.091,0,CLT,0,0
3962,202410,63,1345.0,0.4,0.584,0,0.258,0,servidor,0,0
3963,202401,53,2169.0,3.7,0.069,0,0.169,1,servidor,1,0
3964,202310,39,2731.0,0.5,0.392,0,0.253,1,aposentado,0,0
3965,202307,30,5438.0,12.4,0.297,1,0.611,1,servidor,1,0
3966,202301,62,6959.0,15.2,0.41,0,0.766,0,CLT,1,0
3967,202301,59,6319.0,9.8,0.463,1,0.152,1,autonomo,0,0
3968,202301,32,3372.0,6.0,0.34,0,0.354,2,servidor,1,0
3969,202312,49,1082.0,0.7,0.213,1,0.13,0,CLT,1,0
3970,202402,51,4427.0,15.5,0.227,0,0.37,2,autonomo,1,0
3971,202302,44,7595.0,1.3,0.482,0,0.099,0,aposentado,0,0
3972,202410,66,6747.0,1.7,0.701,0,0.227,0,autonomo,1,0
3973,202307,27,4589.0,4.6,0.59,1,0.153,0,CLT,1,1
3974,202412,33,2009.0,2.9,0.463,0,0.238,2,autonomo,1,0
3975,202311,25,2800.0,7.8,0.67,1,0.254,2,autonomo,0,0
3976,202312,54,9575.0,6.7,0.18,0,0.03,3,CLT,1,0
3977,202403,52,1793.0,6.1,0.034,1,0.407,0,CLT,1,0
3978,202308,69,2051.0,15.3,0.211,1,0.462,0,CLT,1,0
3979,202302,47,5833.0,8.8,0.156,0,0.404,2,servidor,1,0
3980,202406,28,2935.0,1.4,0.633,0,0.106,0,servidor,0,0
3981,202306,43,2017.0,11.0,0.615,1,0.284,1,CLT,1,0
3982,202312,25,7816.0,8.0,0.455,0,0.309,1,CLT,1,0
3983,202410,53,4585.0,0.4,0.481,0,0.253,3,CLT,0,1
3984,202401,54,3008.0,13.0,0.396,0,0.712,0,CLT,1,0
3985,202411,63,2053.0,3.8,0.539,0,0.455,1,CLT,0,1
3986,202306,37,10135.0,5.4,0.633,0,0.232,2,CLT,1,0
3987,202311,36,3597.0,0.7,0.444,0,0.206,2,CLT,0,0
3988,202401,24,7322.0,17.8,0.309,0,0.109,2,CLT,1,0
3989,202310,41,5692.0,2.1,0.334,0,0.449,2,CLT,1,1
3990,202304,44,2806.0,3.9,0.278,1,0.25,1,autonomo,0,0
3991,202302,57,2817.0,4.6,0.305,1,0.182,0,servidor,0,0
3992,202306,57,7504.0,4.4,0.662,0,0.377,1,autonomo,0,0
3993,202403,27,7565.0,1.5,0.693,1,0.318,1,CLT,1,1
3994,202304,34,1424.0,0.3,0.738,2,0.405,1,servidor,0,1
3995,202306,46,4793.0,6.2,0.544,2,0.268,1,CLT,0,1
3996,202301,37,3427.0,0.7,0.243,2,0.24,1,CLT,1,0
3997,202302,22,2172.0,2.4,0.197,0,0.029,1,CLT,0,0
3998,202307,62,4150.0,8.4,0.349,0,0.251,1,CLT,0,0
3999,202412,56,1854.0,3.6,0.357,0,0.486,2,servidor,1,0
4000,202401,46,2884.0,1.2,0.668,0,0.131,1,autonomo,1,1
4001,202309,36,2442.0,1.5,0.45,0,0.489,3,servidor,1,1
4002,202405,62,2836.0,3.9,0.288,2,0.147,1,CLT,1,0
4003,202305,22,3513.0,6.0,0.665,2,0.414,0,servidor,0,0
4004,202407,42,2191.0,2.4,0.189,0,0.2,2,autonomo,0,0
4005,202406,60,7995.0,21.7,0.681,0,0.05,0,CLT,1,0
4006,202301,67,4659.0,4.9,0.323,1,0.17,1,CLT,0,0
4007,202405,33,8931.0,6.6,0.774,2,0.337,0,autonomo,0,0
4008,202411,52,3361.0,7.8,0.196,3,0.503,1,autonomo,0,1
4009,202407,30,2767.0,6.8,0.285,0,0.406,0,servidor,0,1
4010,202311,26,8771.0,1.1,0.454,0,0.155,1,CLT,1,1
4011,202412,38,2727.0,5.8,0.658,2,0.115,2,CLT,0,0
4012,202404,64,3330.0,12.3,0.247,1,0.482,1,CLT,0,0
4013,202312,54,5219.0,9.9,0.118,1,0.47,0,CLT,0,0
4014,202411,44,1961.0,0.4,0.432,0,0.223,1,CLT,0,1
4015,202411,34,5196.0,1.2,0.114,0,0.394,0,CLT,0,0
4016,202310,27,4874.0,0.2,0.157,0,0.122,0,CLT,1,0
4017,202306,34,6868.0,9.6,0.648,1,0.481,3,CLT,1,1
4018,202403,28,5682.0,1.7,0.693,0,0.417,1,servidor,1,1
4019,202310,30,6974.0,2.8,0.187,0,0.411,0,autonomo,1,0
4020,202312,54,3445.0,10.9,0.186,0,0.536,2,CLT,0,0
4021,202304,27,2365.0,2.7,0.238,1,0.254,1,autonomo,1,0
4022,202408,23,10457.0,3.5,0.749,1,0.13,2,CLT,1,0
4023,202303,47,1697.0,1.7,0.513,0,0.038,1,CLT,1,1
4024,202309,35,1784.0,8.3,0.296,1,0.427,0,CLT,0,1
4025,202307,43,4830.0,8.1,0.686,0,0.34,1,aposentado,0,1
4026,202407,27,8205.0,4.6,0.636,0,0.492,0,autonomo,1,1
4027,202307,31,4003.0,0.6,0.266,2,0.148,0,CLT,1,0
4028,202301,42,6001.0,1.5,0.867,1,0.251,1,CLT,1,1
4029,202304,54,1342.0,0.7,0.232,1,0.37,4,autonomo,0,1
4030,202403,41,2836.0,9.9,0.396,0,0.188,1,CLT,1,1
4031,202410,47,1427.0,5.5,0.352,0,0.303,1,autonomo,0,0
4032,202312,46,5379.0,6.0,0.654,0,0.068,0,CLT,0,0
4033,202405,34,1680.0,21.1,0.257,0,0.47,2,CLT,1,0
4034,202408,34,1922.0,5.3,0.729,1,0.048,2,CLT,1,0
4035,202307,41,4708.0,0.2,0.052,0,0.369,1,aposentado,0,0
4036,202407,22,6191.0,4.1,0.456,1,0.572,1,aposentado,0,0
4037,202309,54,3363.0,4.8,0.56,0,0.45,2,servidor,1,0
4038,202402,51,4842.0,8.3,0.523,0,0.594,1,CLT,0,1
4039,202410,36,4764.0,6.5,0.272,0,0.245,0,CLT,1,0
4040,202307,39,3269.0,1.3,0.206,0,0.014,2,autonomo,0,0
4041,202402,37,2106.0,2.4,0.324,0,0.194,0,autonomo,1,0
4042,202303,52,4829.0,0.6,0.593,1,0.21,2,CLT,0,0
4043,202408,58,4947.0,0.5,0.42,2,0.581,0,CLT,0,0
4044,202411,26,5693.0,3.8,0.544,1,0.361,3,aposentado,1,1
4045,202310,41,4256.0,2.7,0.333,1,0.188,0,CLT,0,0
4046,202311,21,2030.0,0.9,0.335,0,0.131,2,CLT,1,0
4047,202410,43,5142.0,2.2,0.168,2,0.387,1,servidor,1,0
4048,202408,33,3638.0,3.9,0.72,0,0.403,0,CLT,0,1
4049,202306,37,2860.0,1.7,0.706,1,0.333,0,CLT,1,0
4050,202310,43,3142.0,5.4,0.861,0,0.208,3,autonomo,0,0
4051,202306,36,2578.0,11.6,0.661,0,0.094,1,aposentado,1,0
4052,202402,40,5678.0,18.5,0.307,0,0.438,2,CLT,1,0
4053,202407,58,1792.0,0.5,0.48,1,0.413,1,CLT,0,1
4054,202303,60,2216.0,13.6,0.357,0,0.111,1,CLT,1,0
4055,202310,21,3089.0,1.4,0.628,0,0.199,2,autonomo,0,1
4056,202302,39,8159.0,11.2,0.199,2,0.634,1,aposentado,0,0
4057,202306,62,6168.0,9.6,0.847,2,0.26,1,servidor,0,0
4058,202311,46,1603.0,11.2,0.719,0,0.077,1,autonomo,1,0
4059,202411,31,7156.0,16.9,0.456,0,0.414,1,autonomo,1,0
4060,202303,50,7149.0,5.2,0.465,1,0.065,3,CLT,1,1
4061,202302,28,2024.0,0.7,0.364,0,0.049,1,autonomo,0,1
4062,202408,22,1032.0,0.2,0.503,0,0.272,1,CLT,1,0
4063,202312,51,3512.0,6.8,0.53,0,0.516,1,aposentado,1,1
4064,202306,46,6382.0,3.7,0.321,2,0.255,1,CLT,1,0
4065,202406,58,8068.0,0.4,0.209,1,0.429,3,CLT,0,1
4066,202402,37,2356.0,1.7,0.372,0,0.202,1,aposentado,0,0
4067,202407,62,8743.0,12.8,0.482,1,0.072,1,autonomo,0,0
4068,202403,41,1195.0,0.2,0.358,1,0.586,1,autonomo,1,0
4069,202408,57,3029.0,9.8,0.399,0,0.559,0,CLT,0,0
4070,202411,25,2955.0,2.9,0.304,1,0.237,1,servidor,1,1
4071,202302,25,6478.0,4.0,0.138,2,0.168,1,CLT,0,0
4072,202312,59,6968.0,3.1,0.261,1,0.271,1,servidor,0,0
4073,202306,61,5867.0,7.2,0.31,1,0.227,3,servidor,0,0
4074,202411,67,1853.0,9.6,0.484,0,0.332,1,aposentado,1,0
4075,202302,36,5604.0,0.7,0.253,0,0.57,1,CLT,0,0
4076,202312,22,4696.0,3.2,0.352,2,0.584,1,servidor,0,1
4077,202310,69,1579.0,8.5,0.659,0,0.201,1,CLT,1,0
4078,202311,50,1295.0,4.4,0.701,0,0.174,3,servidor,0,0
4079,202308,33,6118.0,5.6,0.624,0,0.379,1,CLT,0,0
4080,202412,58,3327.0,4.4,0.357,0,0.084,2,CLT,1,0
4081,202301,65,1915.0,2.7,0.204,0,0.402,0,CLT,1,0
4082,202306,34,3281.0,4.5,0.551,0,0.212,1,aposentado,1,0
4083,202407,58,4368.0,1.8,0.115,0,0.7,1,CLT,0,0
4084,202312,59,3493.0,7.5,0.695,0,0.011,1,CLT,1,0
4085,202412,45,1676.0,8.1,0.366,2,0.439,0,autonomo,1,0
4086,202408,51,9347.0,0.8,0.669,0,0.328,0,CLT,1,0
4087,202311,34,6016.0,5.1,0.166,0,0.281,1,autonomo,0,0
4088,202308,66,3079.0,1.0,0.418,0,0.366,0,autonomo,0,1
4089,202406,69,3141.0,6.2,0.588,0,0.223,0,CLT,1,0
4090,202312,69,4358.0,2.4,0.196,2,0.515,1,CLT,1,0
4091,202310,57,2070.0,21.4,0.549,0,0.156,2,aposentado,0,0
4092,202410,23,4278.0,4.2,0.177,0,0.335,1,CLT,1,0
4093,202308,38,1872.0,0.2,0.484,0,0.271,1,autonomo,0,0
4094,202302,42,3515.0,3.4,0.096,0,0.713,3,CLT,1,1
4095,202401,68,2030.0,7.7,0.541,2,0.543,1,CLT,0,1
4096,202402,47,2082.0,1.1,0.555,0,0.425,0,aposentado,0,0
4097,202311,47,8290.0,3.2,0.251,0,0.57,1,CLT,0,0
4098,202304,28,3750.0,0.3,0.355,0,0.024,1,aposentado,0,0
4099,202404,59,4039.0,5.1,0.281,0,0.156,1,CLT,0,0
4100,202404,37,1332.0,1.3,0.417,0,0.147,1,CLT,0,0
4101,202307,25,2701.0,0.3,0.212,1,0.244,1,aposentado,1,0
4102,202311,69,4585.0,8.5,0.581,0,0.413,0,CLT,1,0
4103,202303,30,4012.0,17.1,0.471,0,0.607,1,CLT,1,0
4104,202410,21,1240.0,32.3,0.666,0,0.088,1,CLT,1,1
4105,202404,24,4038.0,1.1,0.215,0,0.109,2,autonomo,0,1
4106,202409,43,4373.0,8.3,0.582,1,0.178,2,servidor,1,0
4107,202402,26,6918.0,3.9,0.381,1,0.295,0,servidor,0,1
4108,202402,62,2624.0,1.2,0.535,1,0.236,2,servidor,1,1
4109,202309,46,1187.0,5.9,0.851,1,0.022,1,CLT,0,1
4110,202406,36,2212.0,8.2,0.599,2,0.372,1,autonomo,0,1
4111,202312,21,2104.0,7.2,0.108,1,0.083,0,aposentado,0,1
4112,202310,44,5262.0,1.0,0.047,1,0.114,1,CLT,0,0
4113,202407,28,936.0,10.3,0.465,1,0.06,3,aposentado,0,0
4114,202305,68,2910.0,2.8,0.292,0,0.58,1,CLT,0,0
4115,202409,35,7427.0,0.4,0.145,0,0.443,1,CLT,0,0
4116,202412,44,3654.0,0.0,0.692,0,0.223,2,aposentado,0,0
4117,202301,21,5700.0,0.9,0.438,1,0.431,0,CLT,1,0
4118,202308,27,1602.0,3.0,0.322,0,0.359,1,CLT,1,0
4119,202403,31,1634.0,7.1,0.279,0,0.41,1,servidor,1,0
4120,202301,23,7470.0,0.8,0.171,0,0.247,2,autonomo,1,0
4121,202308,56,3830.0,13.4,0.39,0,0.36,0,autonomo,1,0
4122,202401,67,3834.0,0.1,0.376,0,0.559,0,CLT,1,0
4123,202305,69,2082.0,6.6,0.642,1,0.143,0,autonomo,1,0
4124,202409,34,3829.0,14.2,0.5,1,0.335,0,CLT,1,0
4125,202307,59,2053.0,23.7,0.631,0,0.118,0,CLT,0,0
4126,202308,45,6591.0,3.9,0.375,0,0.108,1,CLT,0,0
4127,202311,23,14241.0,3.2,0.408,0,0.368,2,aposentado,1,0
4128,202302,25,4638.0,7.9,0.297,1,0.207,2,aposentado,1,0
4129,202309,47,2651.0,7.1,0.205,0,0.357,0,CLT,1,0
4130,202307,41,1026.0,1.8,0.141,1,0.243,1,CLT,1,0
4131,202408,21,1568.0,3.6,0.524,0,0.092,5,CLT,1,1
4132,202312,66,7922.0,2.3,0.529,1,0.593,3,CLT,0,1
4133,202404,56,2176.0,7.1,0.614,0,0.123,2,autonomo,0,0
4134,202406,45,3025.0,2.0,0.355,0,0.251,2,CLT,1,0
4135,202303,69,5053.0,18.8,0.525,0,0.479,2,aposentado,1,0
4136,202401,68,7640.0,18.5,0.618,0,0.245,2,CLT,1,0
4137,202412,68,3295.0,0.4,0.246,0,0.315,0,servidor,1,0
4138,202408,33,2974.0,0.6,0.601,1,0.324,0,autonomo,0,1
4139,202403,64,3774.0,6.6,0.219,1,0.205,0,CLT,1,0
4140,202311,45,2660.0,0.7,0.238,0,0.41,0,autonomo,1,1
4141,202310,56,2733.0,10.9,0.582,0,0.369,0,CLT,1,0
4142,202306,63,4474.0,4.0,0.518,0,0.313,0,servidor,0,0
4143,202308,29,3994.0,2.1,0.295,0,0.37,1,autonomo,0,0
4144,202308,42,10570.0,0.9,0.134,0,0.057,1,servidor,1,0
4145,202303,27,4534.0,3.0,0.102,0,0.11,1,autonomo,1,0
4146,202307,34,6474.0,4.2,0.477,1,0.186,1,CLT,1,0
4147,202304,41,2131.0,4.2,0.222,1,0.371,0,servidor,1,1
4148,202412,62,4734.0,7.3,0.325,0,0.388,0,autonomo,1,0
4149,202402,63,2536.0,0.8,0.891,1,0.649,1,CLT,1,1
4150,202412,40,4437.0,4.2,0.115,2,0.177,2,CLT,1,0
4151,202312,37,5137.0,0.7,0.245,0,0.263,2,servidor,1,0
4152,202404,47,3733.0,2.0,0.492,0,0.186,1,CLT,0,0
4153,202309,65,12133.0,1.8,0.479,0,0.049,1,autonomo,0,0
4154,202411,68,7435.0,1.2,0.324,1,0.187,2,CLT,0,0
4155,202308,32,6559.0,0.8,0.093,0,0.312,2,CLT,0,1
4156,202411,30,5336.0,0.1,0.361,0,0.238,3,servidor,1,1
4157,202409,55,8793.0,9.4,0.656,0,0.025,2,servidor,1,0
4158,202409,35,1775.0,3.3,0.39,0,0.081,1,CLT,1,0
4159,202403,30,7224.0,0.5,0.139,1,0.62,2,servidor,1,0
4160,202403,22,2218.0,1.3,0.252,0,0.225,0,servidor,1,0
4161,202407,40,2746.0,3.4,0.657,0,0.648,0,CLT,1,0
4162,202305,40,4821.0,0.0,0.772,1,0.339,0,autonomo,0,1
4163,202406,48,6745.0,5.9,0.487,0,0.387,0,autonomo,0,1
4164,202305,30,2045.0,0.5,0.37,0,0.33,1,autonomo,0,1
4165,202312,56,2818.0,8.6,0.575,0,0.5,2,CLT,1,0
4166,202308,54,3823.0,10.7,0.264,0,0.265,0,CLT,0,0
4167,202402,43,3317.0,14.8,0.539,1,0.307,2,autonomo,1,0
4168,202403,29,5580.0,8.9,0.239,0,0.571,1,autonomo,0,0
4169,202411,45,20292.0,0.9,0.22,0,0.293,2,autonomo,0,1
4170,202411,54,4490.0,9.3,0.095,2,0.522,1,CLT,0,0
4171,202403,39,2521.0,3.9,0.57,0,0.066,1,autonomo,0,0
4172,202406,33,1904.0,6.3,0.361,0,0.209,3,autonomo,1,0
4173,202311,45,3094.0,0.7,0.433,1,0.433,2,CLT,0,0
4174,202401,38,2275.0,0.8,0.632,0,0.111,0,autonomo,0,1
4175,202311,40,4600.0,3.1,0.191,0,0.124,2,CLT,0,0
4176,202310,38,4564.0,4.8,0.154,0,0.398,1,autonomo,0,0
4177,202407,35,2888.0,3.1,0.772,0,0.301,0,aposentado,1,0
4178,202405,56,9823.0,2.9,0.353,0,0.303,2,CLT,1,0
4179,202302,43,2521.0,2.1,0.421,0,0.293,3,CLT,0,0
4180,202308,43,3430.0,1.0,0.455,0,0.118,3,CLT,1,0
4181,202407,53,5012.0,15.2,0.087,0,0.036,3,CLT,0,1
4182,202407,38,5688.0,2.0,0.559,1,0.488,0,CLT,0,1
4183,202303,25,6897.0,2.7,0.595,0,0.171,0,CLT,0,0
4184,202408,62,4511.0,0.7,0.255,0,0.208,1,autonomo,1,0
4185,202406,23,6158.0,5.1,0.358,1,0.276,1,autonomo,0,0
4186,202412,49,2611.0,0.1,0.486,0,0.441,4,aposentado,0,1
4187,202306,34,5762.0,3.4,0.411,0,0.015,2,CLT,0,0
4188,202311,31,5724.0,0.9,0.55,0,0.418,2,CLT,1,0
4189,202304,23,7758.0,10.9,0.391,1,0.359,0,autonomo,1,0
4190,202409,65,1581.0,4.5,0.285,0,0.068,1,CLT,0,0
4191,202412,42,2313.0,3.5,0.33,0,0.08,2,CLT,0,0
4192,202409,37,5495.0,8.0,0.432,0,0.476,2,CLT,1,0
4193,202411,57,967.0,5.1,0.389,1,0.314,1,CLT,0,1
4194,202401,22,4656.0,4.5,0.334,0,0.054,3,CLT,1,1
4195,202310,48,6185.0,11.5,0.615,1,0.092,1,autonomo,1,0
4196,202310,45,2729.0,0.0,0.074,0,0.253,0,servidor,1,0
4197,202410,48,2936.0,16.1,0.328,0,0.414,2,CLT,0,0
4198,202403,27,2128.0,2.6,0.308,0,0.205,1,CLT,1,0
4199,202402,67,2805.0,9.9,0.435,0,0.479,3,servidor,0,0
4200,202303,32,2846.0,2.2,0.255,0,0.422,0,autonomo,1,0
4201,202403,54,2588.0,2.6,0.244,0,0.417,0,aposentado,1,0
4202,202408,57,2518.0,1.6,0.298,1,0.111,1,autonomo,1,1
4203,202407,37,3180.0,2.6,0.307,0,0.228,1,servidor,1,0
4204,202405,27,3160.0,2.7,0.43,2,0.056,0,servidor,1,0
4205,202306,35,9293.0,0.3,0.294,0,0.598,0,aposentado,1,0
4206,202407,60,2990.0,0.9,0.379,2,0.239,0,CLT,0,0
4207,202307,65,4325.0,0.2,0.341,0,0.46,3,autonomo,0,0
4208,202306,66,2729.0,9.5,0.788,0,0.153,0,aposentado,1,0
4209,202306,32,2711.0,2.5,0.281,2,0.453,0,aposentado,1,1
4210,202312,50,1553.0,2.3,0.34,1,0.194,5,aposentado,0,1
4211,202401,28,1660.0,10.8,0.236,2,0.229,0,CLT,1,0
4212,202404,55,1991.0,3.6,0.081,0,0.149,1,CLT,0,0
4213,202311,41,3991.0,23.2,0.074,0,0.442,1,servidor,0,0
4214,202403,55,6236.0,7.6,0.377,1,0.427,1,CLT,0,0
4215,202410,54,1490.0,0.8,0.298,0,0.261,1,CLT,0,0
4216,202303,69,2767.0,0.0,0.686,0,0.194,2,servidor,1,0
4217,202309,44,1838.0,0.9,0.193,0,0.375,3,autonomo,1,0
4218,202401,37,3190.0,9.0,0.461,0,0.382,0,aposentado,0,0
4219,202406,46,6235.0,5.5,0.315,1,0.326,1,autonomo,1,0
4220,202304,28,2912.0,0.7,0.214,1,0.346,2,servidor,0,1
4221,202402,26,3555.0,17.3,0.255,0,0.523,1,CLT,0,0
4222,202402,46,7537.0,2.4,0.625,0,0.643,0,CLT,1,0
4223,202407,61,4578.0,1.3,0.255,0,0.055,0,servidor,1,0
4224,202402,47,2490.0,4.5,0.824,0,0.116,1,servidor,1,1
4225,202306,59,3942.0,7.0,0.583,1,0.54,2,aposentado,0,0
4226,202312,29,2407.0,1.8,0.458,0,0.277,1,autonomo,1,0
4227,202409,43,4493.0,4.7,0.771,0,0.217,2,aposentado,1,0
4228,202305,51,4711.0,4.9,0.721,1,0.246,0,autonomo,1,1
4229,202402,38,1838.0,5.1,0.194,0,0.039,3,CLT,0,1
4230,202405,21,3974.0,0.8,0.491,0,0.171,1,servidor,0,0
4231,202311,24,3433.0,1.8,0.135,0,0.176,1,CLT,0,0
4232,202312,66,4781.0,4.4,0.16,0,0.154,1,CLT,0,0
4233,202402,50,5517.0,1.7,0.205,0,0.133,2,CLT,0,1
4234,202301,33,4623.0,0.4,0.155,0,0.233,0,CLT,1,0
4235,202410,33,3129.0,2.9,0.119,0,0.405,0,servidor,0,0
4236,202301,22,5806.0,10.6,0.244,1,0.305,3,autonomo,0,1
4237,202402,67,2353.0,2.1,0.413,0,0.275,0,CLT,0,0
4238,202409,26,1881.0,1.9,0.543,0,0.464,1,servidor,1,0
4239,202304,58,737.0,0.0,0.198,1,0.179,1,CLT,0,1
4240,202302,32,3515.0,0.5,0.244,0,0.119,2,aposentado,1,0
4241,202410,37,2414.0,2.2,0.558,0,0.178,0,autonomo,0,1
4242,202302,34,4442.0,1.5,0.422,0,0.226,1,aposentado,1,0
4243,202406,61,1359.0,4.3,0.294,0,0.407,0,autonomo,1,0
4244,202312,22,2634.0,10.2,0.119,0,0.132,2,CLT,0,0
4245,202303,38,4606.0,8.6,0.2,0,0.112,1,CLT,1,0
4246,202312,34,2176.0,2.9,0.28,0,0.311,3,CLT,0,0
4247,202303,34,4468.0,1.0,0.126,1,0.311,0,aposentado,0,0
4248,202312,30,2756.0,5.2,0.427,1,0.631,1,autonomo,1,0
4249,202401,65,3582.0,1.2,0.054,0,0.096,1,CLT,0,0
4250,202412,39,4903.0,0.6,0.06,0,0.377,2,CLT,0,0
4251,202303,41,5863.0,4.5,0.824,0,0.172,2,CLT,0,0
4252,202403,39,3813.0,1.3,0.393,0,0.49,2,CLT,0,1
4253,202410,69,2424.0,0.1,0.339,0,0.489,0,CLT,1,0
4254,202408,37,2896.0,2.9,0.755,1,0.718,1,CLT,0,1
4255,202308,37,5006.0,8.8,0.428,0,0.411,0,CLT,1,0
4256,202303,37,2185.0,2.0,0.274,0,0.492,0,CLT,1,0
4257,202411,37,3331.0,2.7,0.763,2,0.378,0,autonomo,1,1
4258,202301,25,3002.0,0.7,0.757,1,0.222,0,autonomo,0,1
4259,202301,50,3458.0,0.4,0.541,1,0.388,2,CLT,0,1
4260,202306,22,2198.0,1.5,0.561,1,0.104,1,CLT,1,1
4261,202302,32,1442.0,1.2,0.449,1,0.032,0,CLT,0,0
4262,202305,30,4724.0,0.7,0.363,0,0.351,0,CLT,0,0
4263,202309,35,5896.0,9.0,0.448,2,0.434,0,CLT,0,1
4264,202410,58,1486.0,0.6,0.544,1,0.514,0,autonomo,0,1
4265,202406,50,4379.0,5.6,0.421,1,0.328,0,CLT,1,0
4266,202409,69,6258.0,1.3,0.45,1,0.315,2,servidor,0,0
4267,202405,38,4905.0,8.8,0.024,0,0.445,2,CLT,1,0
4268,202306,66,2956.0,2.5,0.293,0,0.229,2,CLT,1,0
4269,202310,23,2272.0,2.7,0.639,1,0.359,2,CLT,1,1
4270,202408,45,3791.0,12.6,0.094,0,0.021,1,CLT,0,0
4271,202303,60,4121.0,7.1,0.435,0,0.042,1,CLT,0,0
4272,202304,47,3820.0,0.8,0.2,2,0.277,0,CLT,1,1
4273,202408,66,3327.0,5.2,0.319,1,0.218,1,CLT,1,0
4274,202404,36,2119.0,0.4,0.33,0,0.207,1,CLT,1,0
4275,202401,22,4498.0,4.3,0.373,0,0.235,0,aposentado,1,0
4276,202311,58,4607.0,2.0,0.405,0,0.627,2,CLT,0,0
4277,202406,24,4026.0,1.1,0.261,0,0.495,0,CLT,1,1
4278,202309,58,3849.0,1.4,0.377,0,0.627,1,CLT,0,0
4279,202402,56,8431.0,2.3,0.527,0,0.737,1,CLT,0,1
4280,202301,62,2665.0,6.5,0.108,1,0.162,1,CLT,1,1
4281,202411,44,6910.0,4.3,0.65,0,0.21,2,CLT,1,0
4282,202311,64,2522.0,3.4,0.381,0,0.177,4,autonomo,0,0
4283,202306,29,6339.0,11.4,0.634,0,0.135,3,autonomo,0,0
4284,202305,42,6746.0,3.9,0.503,0,0.37,2,CLT,1,0
4285,202308,26,3145.0,23.2,0.519,0,0.506,2,servidor,0,1
4286,202305,58,8354.0,0.1,0.071,0,0.181,0,CLT,0,0
4287,202405,55,4603.0,0.4,0.549,0,0.227,1,CLT,0,0
4288,202405,60,2348.0,5.8,0.252,1,0.275,1,CLT,1,1
4289,202311,58,3020.0,1.5,0.482,0,0.229,2,aposentado,1,0
4290,202411,36,6415.0,3.2,0.145,0,0.197,2,servidor,0,0
4291,202402,24,5776.0,0.3,0.258,0,0.135,0,autonomo,0,0
4292,202309,66,2145.0,1.1,0.572,0,0.136,1,CLT,0,0
4293,202306,45,3396.0,6.5,0.248,0,0.124,3,servidor,1,0
4294,202304,25,4031.0,0.9,0.598,0,0.091,2,autonomo,1,1
4295,202302,66,2825.0,4.4,0.499,1,0.47,3,aposentado,0,1
4296,202305,69,11836.0,9.1,0.174,1,0.492,0,aposentado,0,0
4297,202401,42,4092.0,5.6,0.334,1,0.494,2,autonomo,0,0
4298,202411,58,3530.0,2.9,0.656,0,0.167,1,autonomo,0,0
4299,202310,22,6604.0,0.0,0.097,0,0.362,2,CLT,1,0
4300,202310,25,3033.0,7.9,0.582,2,0.599,1,autonomo,1,1
4301,202311,34,6025.0,0.4,0.508,1,0.561,1,CLT,1,1
4302,202310,53,1582.0,1.9,0.842,0,0.094,4,autonomo,0,1
4303,202309,27,2902.0,2.6,0.327,0,0.1,1,autonomo,0,0
4304,202404,22,6152.0,3.8,0.236,0,0.447,0,servidor,0,0
4305,202304,53,7983.0,1.2,0.711,0,0.512,0,autonomo,0,0
4306,202412,58,2473.0,16.8,0.352,2,0.41,0,CLT,1,0
4307,202310,57,2333.0,4.3,0.519,0,0.335,1,CLT,1,0
4308,202308,60,4835.0,7.3,0.165,0,0.348,0,CLT,1,0
4309,202402,60,2666.0,16.2,0.859,0,0.564,2,servidor,1,0
4310,202410,50,3183.0,1.3,0.231,0,0.027,0,servidor,0,0
4311,202309,46,5643.0,4.2,0.565,0,0.333,1,servidor,1,0
4312,202307,62,2774.0,1.9,0.371,0,0.271,1,aposentado,0,0
4313,202303,38,1363.0,4.8,0.337,0,0.554,1,CLT,1,0
4314,202401,25,1900.0,0.2,0.556,0,0.271,1,autonomo,0,1
4315,202406,57,3659.0,0.1,0.094,1,0.425,0,CLT,0,0
4316,202403,34,1434.0,3.0,0.731,0,0.249,1,autonomo,0,0
4317,202409,68,3138.0,1.1,0.139,0,0.116,2,servidor,0,0
4318,202308,41,1815.0,1.6,0.747,0,0.249,1,autonomo,0,0
4319,202410,62,8267.0,0.2,0.161,1,0.115,3,CLT,0,0
4320,202404,23,10749.0,6.6,0.513,0,0.655,1,autonomo,0,1
4321,202307,53,2145.0,13.2,0.637,0,0.302,1,servidor,0,1
4322,202409,42,4140.0,3.7,0.447,0,0.157,0,autonomo,1,0
4323,202312,43,2253.0,4.9,0.543,0,0.18,1,aposentado,0,1
4324,202401,33,3119.0,2.9,0.304,1,0.12,1,CLT,0,1
4325,202405,68,8971.0,2.8,0.384,0,0.16,1,servidor,1,0
4326,202407,40,2883.0,3.0,0.393,0,0.51,2,CLT,0,0
4327,202407,62,3156.0,1.2,0.514,0,0.123,2,CLT,1,0
4328,202312,41,2273.0,2.6,0.546,0,0.739,0,autonomo,0,0
4329,202405,23,6458.0,1.8,0.654,0,0.043,3,CLT,0,1
4330,202308,64,712.0,7.0,0.827,0,0.65,0,CLT,1,0
4331,202311,30,2918.0,5.0,0.605,0,0.167,3,servidor,1,0
4332,202410,34,3558.0,3.3,0.324,0,0.157,0,aposentado,0,0
4333,202407,63,2616.0,0.8,0.555,0,0.49,0,CLT,0,0
4334,202310,64,5607.0,3.7,0.208,1,0.153,3,autonomo,0,0
4335,202303,65,6641.0,0.1,0.653,0,0.23,1,CLT,1,0
4336,202412,41,1797.0,3.5,0.136,0,0.154,1,CLT,0,0
4337,202402,58,10371.0,1.4,0.149,0,0.439,0,CLT,1,0
4338,202311,37,1787.0,1.1,0.402,0,0.157,0,autonomo,0,0
4339,202411,57,6935.0,1.8,0.644,0,0.248,4,servidor,1,0
4340,202305,45,3924.0,1.1,0.015,0,0.062,2,aposentado,1,1
4341,202305,23,2830.0,1.6,0.447,0,0.168,0,CLT,0,1
4342,202403,41,2967.0,1.7,0.613,0,0.057,3,autonomo,0,0
4343,202311,43,3580.0,6.8,0.241,0,0.282,1,autonomo,1,0
4344,202304,33,4041.0,1.0,0.41,0,0.427,0,CLT,0,0
4345,202312,39,2298.0,4.5,0.173,0,0.195,1,CLT,1,0
4346,202307,45,3239.0,8.3,0.224,1,0.567,0,CLT,0,1
4347,202408,23,2477.0,5.6,0.688,1,0.265,1,servidor,0,0
4348,202305,28,1983.0,13.5,0.547,1,0.14,1,aposentado,1,0
4349,202309,58,2420.0,3.8,0.371,2,0.291,0,autonomo,0,0
4350,202405,38,2049.0,23.2,0.165,0,0.129,1,autonomo,0,0
4351,202308,50,2951.0,1.7,0.333,0,0.198,2,CLT,0,1
4352,202407,48,4520.0,3.1,0.408,0,0.26,2,CLT,1,0
4353,202401,48,3867.0,13.2,0.26,0,0.251,0,CLT,1,0
4354,202303,41,9771.0,0.2,0.38,2,0.081,2,CLT,1,0
4355,202410,44,1206.0,0.7,0.014,1,0.057,1,CLT,1,0
4356,202407,61,4604.0,0.1,0.339,1,0.44,2,CLT,1,0
4357,202311,68,3653.0,16.6,0.353,0,0.253,0,servidor,1,0
4358,202306,33,5474.0,4.5,0.614,0,0.267,1,autonomo,0,0
4359,202402,53,5209.0,0.1,0.251,0,0.017,0,CLT,1,0
4360,202303,68,3353.0,0.3,0.522,1,0.091,0,CLT,0,0
4361,202305,21,3969.0,2.5,0.554,0,0.391,1,CLT,1,1
4362,202311,59,2510.0,4.6,0.503,1,0.355,1,servidor,1,0
4363,202310,45,4949.0,1.9,0.465,0,0.272,3,servidor,0,0
4364,202303,68,1423.0,4.2,0.397,1,0.15,1,CLT,0,0
4365,202402,49,5369.0,4.4,0.513,0,0.122,0,autonomo,0,0
4366,202410,62,3599.0,8.5,0.319,1,0.19,1,autonomo,0,0
4367,202306,29,2854.0,3.0,0.43,0,0.071,2,autonomo,0,0
4368,202412,27,3241.0,0.3,0.307,0,0.051,1,autonomo,1,0
4369,202410,66,3362.0,0.7,0.643,0,0.088,2,CLT,1,0
4370,202305,46,6965.0,2.0,0.607,0,0.465,1,CLT,1,0
4371,202411,48,18338.0,3.8,0.2,2,0.758,3,CLT,1,0
4372,202405,29,6700.0,5.2,0.402,0,0.333,0,CLT,0,0
4373,202311,32,2744.0,10.6,0.522,1,0.424,0,aposentado,0,0
4374,202306,61,4989.0,7.7,0.656,2,0.335,1,autonomo,0,1
4375,202410,35,5098.0,1.4,0.573,0,0.4,1,autonomo,1,0
4376,202305,49,2293.0,11.3,0.416,0,0.079,2,CLT,1,0
4377,202408,36,1938.0,12.9,0.177,1,0.326,1,CLT,1,0
4378,202407,33,3528.0,0.5,0.436,0,0.151,1,CLT,1,0
4379,202311,29,5453.0,6.6,0.39,0,0.29,1,servidor,0,0
4380,202412,66,1626.0,0.9,0.383,0,0.121,1,servidor,1,0
4381,202408,67,2539.0,11.9,0.623,1,0.241,3,CLT,0,1
4382,202309,26,4848.0,2.7,0.538,1,0.089,2,autonomo,0,0
4383,202403,38,3718.0,2.2,0.582,0,0.3,1,CLT,1,0
4384,202407,48,7392.0,1.3,0.68,0,0.241,0,CLT,1,0
4385,202304,39,1798.0,3.7,0.426,0,0.142,1,CLT,1,0
4386,202306,56,11803.0,2.8,0.408,0,0.18,3,autonomo,1,0
4387,202301,33,1688.0,3.2,0.479,0,0.15,2,autonomo,0,1
4388,202305,23,1320.0,8.6,0.082,0,0.391,1,CLT,0,0
4389,202410,37,3535.0,0.7,0.443,0,0.332,1,CLT,0,0
4390,202412,50,2065.0,1.6,0.286,0,0.123,5,CLT,1,0
4391,202406,29,3571.0,3.0,0.531,0,0.173,1,CLT,0,1
4392,202306,60,3509.0,3.5,0.646,1,0.319,0,CLT,0,0
4393,202408,21,3301.0,1.3,0.443,0,0.267,1,servidor,0,0
4394,202401,24,2389.0,2.5,0.068,1,0.097,0,CLT,0,0
4395,202404,45,4520.0,6.8,0.875,0,0.108,0,autonomo,1,1
4396,202404,46,3107.0,43.5,0.379,0,0.48,2,aposentado,1,0
4397,202304,35,6322.0,0.1,0.607,0,0.355,1,CLT,0,0
4398,202410,33,3327.0,15.7,0.626,0,0.446,2,servidor,0,1
4399,202310,24,2248.0,1.6,0.845,1,0.349,1,autonomo,0,1
4400,202412,53,1566.0,3.2,0.491,0,0.236,0,servidor,1,0
4401,202301,39,3341.0,5.7,0.803,1,0.762,1,servidor,0,1
4402,202301,26,1930.0,7.3,0.396,1,0.409,0,CLT,0,0
4403,202302,40,1854.0,30.6,0.062,0,0.463,1,aposentado,0,0
4404,202308,66,4740.0,14.5,0.56,1,0.349,1,CLT,1,1
4405,202410,33,1497.0,0.8,0.855,0,0.316,2,autonomo,1,0
4406,202408,64,7377.0,0.9,0.053,1,0.311,0,CLT,0,0
4407,202310,33,3944.0,4.6,0.222,1,0.217,2,CLT,1,1
4408,202308,30,3562.0,1.0,0.783,1,0.32,2,CLT,0,0
4409,202306,33,2170.0,6.8,0.758,1,0.061,1,CLT,1,0
4410,202306,36,5336.0,15.8,0.178,0,0.272,1,CLT,1,0
4411,202309,26,3636.0,1.1,0.642,0,0.228,0,CLT,1,0
4412,202307,49,2584.0,0.7,0.525,1,0.328,1,CLT,1,0
4413,202407,37,4024.0,2.3,0.344,0,0.177,3,CLT,0,1
4414,202308,56,1570.0,5.6,0.461,0,0.303,1,CLT,0,0
4415,202410,45,1607.0,16.5,0.372,0,0.351,2,CLT,1,0
4416,202407,42,2080.0,1.2,0.419,0,0.74,4,autonomo,1,0
4417,202302,44,4336.0,3.6,0.255,0,0.415,1,servidor,1,0
4418,202307,28,3635.0,10.3,0.42,0,0.487,1,autonomo,1,1
4419,202403,55,6152.0,5.5,0.639,2,0.502,0,servidor,0,1
4420,202409,26,2298.0,8.9,0.143,0,0.22,4,servidor,0,0
4421,202304,56,4853.0,4.6,0.266,0,0.321,1,servidor,1,0
4422,202304,69,3439.0,0.6,0.15,0,0.194,2,aposentado,0,0
4423,202302,58,2272.0,5.4,0.374,0,0.436,2,autonomo,0,0
4424,202407,43,4415.0,1.0,0.175,1,0.135,0,CLT,1,0
4425,202302,36,3523.0,14.5,0.097,1,0.465,2,CLT,0,0
4426,202309,63,2658.0,4.1,0.174,0,0.371,1,autonomo,0,1
4427,202302,33,3718.0,1.0,0.602,0,0.16,1,CLT,0,0
4428,202308,44,3413.0,7.2,0.692,0,0.616,1,autonomo,1,0
4429,202309,58,3372.0,7.2,0.339,0,0.429,1,CLT,0,0
4430,202411,66,2962.0,7.3,0.581,0,0.205,0,CLT,0,0
4431,202402,66,1896.0,5.4,0.081,0,0.291,1,CLT,1,0
4432,202312,25,3780.0,7.6,0.225,0,0.413,1,CLT,1,0
4433,202406,65,2437.0,8.7,0.587,0,0.251,1,autonomo,0,0
4434,202409,26,2186.0,7.7,0.201,0,0.457,2,autonomo,1,0
4435,202406,49,3228.0,8.9,0.384,0,0.733,2,servidor,0,0
4436,202310,66,5255.0,0.4,0.309,0,0.234,0,autonomo,1,0
4437,202311,53,3995.0,0.5,0.435,1,0.022,0,CLT,0,0
4438,202309,67,2792.0,11.5,0.209,1,0.183,1,CLT,0,0
4439,202303,37,2736.0,7.1,0.184,0,0.278,2,aposentado,0,0
4440,202307,36,5004.0,7.2,0.438,0,0.147,1,autonomo,0,0
4441,202403,36,1098.0,2.9,0.512,0,0.349,3,aposentado,1,0
4442,202405,38,5425.0,0.7,0.682,0,0.356,1,CLT,0,1
4443,202305,54,1427.0,10.1,0.244,0,0.227,0,CLT,0,0
4444,202311,43,1794.0,6.5,0.306,1,0.387,1,CLT,1,0
4445,202301,57,2815.0,9.8,0.471,1,0.166,1,servidor,0,1
4446,202403,41,10776.0,11.2,0.75,0,0.155,0,CLT,1,0
4447,202406,36,8423.0,2.6,0.376,0,0.582,0,CLT,0,0
4448,202308,30,5184.0,17.6,0.46,1,0.512,4,CLT,0,0
4449,202302,48,4351.0,1.6,0.405,0,0.164,0,aposentado,0,0
4450,202302,65,1435.0,2.6,0.175,0,0.079,1,CLT,0,0
4451,202312,63,3938.0,7.5,0.282,1,0.169,1,autonomo,0,1
4452,202304,33,2767.0,5.3,0.58,0,0.371,2,autonomo,0,1
4453,202308,44,2420.0,0.9,0.494,0,0.39,1,autonomo,1,0
4454,202303,55,3934.0,0.8,0.591,0,0.185,2,servidor,0,0
4455,202305,51,2877.0,7.5,0.695,0,0.645,1,CLT,0,0
4456,202312,24,5623.0,2.9,0.418,0,0.398,0,CLT,0,1
4457,202306,49,1383.0,3.7,0.317,0,0.522,1,autonomo,1,0
4458,202407,22,3780.0,0.4,0.27,1,0.123,1,aposentado,0,0
4459,202411,26,2346.0,15.2,0.721,0,0.399,5,CLT,0,1
4460,202308,53,2967.0,0.4,0.255,0,0.386,1,autonomo,0,0
4461,202312,26,4240.0,0.9,0.282,1,0.22,4,servidor,0,0
4462,202308,37,2083.0,0.5,0.666,1,0.228,1,CLT,0,1
4463,202302,49,3953.0,0.9,0.421,0,0.219,2,servidor,1,0
4464,202404,53,3274.0,0.7,0.572,2,0.015,1,autonomo,0,1
4465,202301,42,2617.0,1.2,0.48,1,0.4,0,CLT,1,0
4466,202301,25,2878.0,5.1,0.133,0,0.134,3,aposentado,1,0
4467,202411,60,3370.0,1.8,0.336,1,0.299,2,CLT,0,0
4468,202305,67,2480.0,2.3,0.189,1,0.161,2,CLT,0,0
4469,202408,64,3654.0,0.2,0.247,1,0.35,3,servidor,1,0
4470,202407,57,3168.0,5.2,0.241,1,0.487,2,CLT,0,0
4471,202404,40,2682.0,12.1,0.165,0,0.276,1,servidor,0,0
4472,202311,63,8062.0,7.1,0.757,0,0.147,0,CLT,1,0
4473,202308,44,4481.0,1.6,0.379,0,0.349,1,autonomo,1,0
4474,202304,27,3007.0,4.5,0.72,0,0.443,2,servidor,1,0
4475,202407,62,3916.0,6.9,0.343,0,0.363,2,autonomo,1,0
4476,202409,36,2179.0,6.3,0.645,0,0.074,0,servidor,1,0
4477,202406,66,2927.0,8.3,0.076,1,0.268,0,CLT,0,0
4478,202307,39,3102.0,0.3,0.097,1,0.099,0,CLT,1,0
4479,202408,63,1952.0,8.2,0.358,1,0.173,4,aposentado,1,0
4480,202404,47,4419.0,3.2,0.442,0,0.547,1,CLT,1,0
4481,202406,43,2828.0,1.2,0.626,0,0.287,2,CLT,1,0
4482,202301,35,3048.0,7.4,0.413,0,0.099,1,autonomo,0,0
4483,202408,61,2740.0,4.8,0.359,0,0.178,0,autonomo,1,0
4484,202407,23,15987.0,23.5,0.362,1,0.273,1,CLT,1,0
4485,202403,43,2614.0,3.2,0.398,1,0.056,0,CLT,1,1
4486,202310,39,1294.0,16.8,0.106,1,0.411,2,CLT,0,0
4487,202412,47,1636.0,2.1,0.559,0,0.247,0,servidor,1,0
4488,202306,33,5322.0,0.3,0.701,0,0.441,1,CLT,1,0
4489,202401,53,7103.0,10.9,0.233,0,0.181,1,aposentado,1,0
4490,202406,39,2589.0,8.4,0.449,1,0.438,0,aposentado,0,0
4491,202304,30,6901.0,15.3,0.239,1,0.456,1,aposentado,1,1
4492,202306,30,5275.0,3.8,0.408,0,0.473,0,servidor,0,0
4493,202407,55,3312.0,6.0,0.508,3,0.268,0,CLT,0,1
4494,202306,33,3196.0,0.2,0.548,0,0.717,4,servidor,1,0
4495,202407,36,3986.0,19.2,0.736,0,0.132,0,CLT,0,0
4496,202309,51,5646.0,0.4,0.392,1,0.247,1,aposentado,1,0
4497,202402,37,4441.0,5.9,0.299,0,0.325,3,CLT,1,0
4498,202308,40,2596.0,0.6,0.402,1,0.646,1,CLT,0,1
4499,202410,32,3337.0,18.6,0.388,1,0.437,0,aposentado,0,1
4500,202304,37,9805.0,14.2,0.354,0,0.243,0,CLT,1,0
4501,202305,54,4128.0,0.6,0.386,0,0.305,0,autonomo,1,0
4502,202309,47,5623.0,0.7,0.092,0,0.247,0,CLT,1,0
4503,202309,69,4769.0,1.4,0.174,1,0.249,0,servidor,0,0
4504,202401,58,4174.0,13.4,0.327,1,0.045,1,aposentado,0,0
4505,202306,21,3844.0,1.4,0.248,0,0.023,2,CLT,1,0
4506,202302,39,5703.0,4.5,0.777,0,0.525,0,CLT,0,0
4507,202406,35,5215.0,4.8,0.472,0,0.599,1,CLT,0,1
4508,202411,49,4154.0,0.1,0.57,0,0.107,2,CLT,0,1
4509,202402,34,2574.0,0.9,0.318,0,0.095,2,autonomo,0,1
4510,202407,68,4415.0,4.1,0.428,0,0.201,1,CLT,0,0
4511,202408,35,3521.0,1.4,0.541,0,0.174,1,CLT,1,0
4512,202304,46,3121.0,1.2,0.499,3,0.485,1,aposentado,0,1
4513,202303,27,13896.0,0.2,0.015,0,0.616,0,CLT,1,1
4514,202305,65,1687.0,1.6,0.168,0,0.354,1,CLT,1,1
4515,202412,65,5880.0,2.2,0.582,0,0.234,1,CLT,1,0
4516,202306,59,2365.0,0.2,0.677,0,0.211,1,servidor,1,0
4517,202412,38,3888.0,4.2,0.252,0,0.625,1,CLT,0,0
4518,202301,23,13152.0,3.0,0.629,0,0.235,1,aposentado,0,0
4519,202311,55,2250.0,0.7,0.246,1,0.36,0,autonomo,0,1
4520,202410,42,2535.0,5.1,0.281,0,0.466,0,aposentado,0,1
4521,202407,69,3609.0,7.6,0.054,0,0.675,1,aposentado,1,1
4522,202309,55,2384.0,3.7,0.79,0,0.203,1,autonomo,1,0
4523,202403,47,5665.0,1.0,0.228,0,0.103,2,CLT,0,0
4524,202409,69,2787.0,5.1,0.162,0,0.127,3,CLT,0,0
4525,202311,60,5049.0,5.2,0.194,0,0.203,0,autonomo,0,0
4526,202306,43,1873.0,0.5,0.249,1,0.462,1,CLT,1,0
4527,202404,21,1475.0,0.9,0.253,1,0.054,2,autonomo,1,1
4528,202412,25,3247.0,0.1,0.679,1,0.086,0,autonomo,1,1
4529,202403,42,1662.0,0.7,0.369,1,0.306,0,CLT,1,0
4530,202405,48,7779.0,1.1,0.261,0,0.421,0,autonomo,0,0
4531,202312,22,1694.0,2.7,0.543,1,0.467,0,autonomo,1,0
4532,202304,27,2167.0,15.9,0.402,0,0.13,3,CLT,0,0
4533,202402,55,4477.0,1.2,0.584,1,0.323,1,servidor,0,0
4534,202404,57,2716.0,3.8,0.754,0,0.169,1,aposentado,0,0
4535,202406,22,1704.0,7.6,0.156,0,0.089,0,servidor,1,0
4536,202410,45,10097.0,0.0,0.117,0,0.296,2,aposentado,0,0
4537,202308,24,2207.0,9.6,0.255,0,0.068,2,servidor,1,0
4538,202402,56,3301.0,1.6,0.238,0,0.391,3,aposentado,0,0
4539,202412,61,3279.0,4.2,0.555,0,0.314,1,autonomo,1,0
4540,202411,63,5193.0,10.5,0.441,0,0.273,0,CLT,1,0
4541,202311,50,4588.0,1.0,0.425,0,0.086,2,CLT,1,0
4542,202301,51,2408.0,2.1,0.121,0,0.588,3,CLT,1,0
4543,202405,66,3094.0,0.3,0.112,1,0.087,0,CLT,1,0
4544,202404,51,3250.0,5.2,0.476,0,0.251,1,aposentado,1,0
4545,202304,42,5295.0,3.6,0.401,0,0.489,0,servidor,0,0
4546,202301,57,2030.0,3.7,0.183,0,0.253,2,CLT,0,0
4547,202308,49,9987.0,3.1,0.376,0,0.109,1,CLT,0,0
4548,202303,62,2491.0,0.7,0.194,0,0.114,2,servidor,0,0
4549,202403,46,3625.0,1.0,0.064,0,0.371,1,servidor,1,0
4550,202311,63,2039.0,8.2,0.237,2,0.365,0,aposentado,0,0
4551,202407,23,1902.0,3.8,0.321,1,0.301,2,autonomo,0,1
4552,202305,22,2351.0,9.1,0.396,0,0.409,1,CLT,1,1
4553,202301,25,2241.0,2.3,0.508,0,0.267,2,aposentado,0,0
4554,202308,48,2960.0,11.7,0.189,1,0.203,1,aposentado,1,0
4555,202305,55,2232.0,3.5,0.585,0,0.246,1,CLT,0,1
4556,202308,31,5155.0,2.4,0.453,1,0.259,2,CLT,0,1
4557,202406,28,2461.0,2.1,0.565,2,0.24,0,servidor,0,0
4558,202403,63,2329.0,5.3,0.602,1,0.132,1,autonomo,1,0
4559,202401,57,2991.0,0.1,0.096,0,0.566,2,CLT,1,0
4560,202403,52,5981.0,5.3,0.597,0,0.115,2,autonomo,1,0
4561,202401,44,4054.0,0.4,0.554,0,0.115,1,CLT,1,0
4562,202404,41,3464.0,6.3,0.349,1,0.06,1,CLT,0,0
4563,202310,22,1778.0,15.4,0.525,0,0.402,0,aposentado,0,0
4564,202312,30,2056.0,1.9,0.694,1,0.171,0,CLT,1,0
4565,202310,64,1921.0,3.3,0.369,0,0.489,0,CLT,1,1
4566,202303,37,6998.0,12.5,0.289,0,0.424,2,CLT,1,0
4567,202404,55,4747.0,0.8,0.37,0,0.322,1,aposentado,1,0
4568,202311,55,2367.0,19.2,0.487,1,0.235,2,servidor,1,0
4569,202408,36,2746.0,10.5,0.362,0,0.26,1,CLT,1,0
4570,202401,31,2410.0,1.9,0.354,0,0.274,2,CLT,1,0
4571,202402,54,2338.0,3.8,0.236,2,0.239,1,CLT,1,0
4572,202308,25,4583.0,3.5,0.341,0,0.187,0,aposentado,1,0
4573,202310,45,3153.0,9.3,0.116,0,0.377,1,CLT,0,0
4574,202411,64,10307.0,2.8,0.325,1,0.185,0,CLT,1,0
4575,202303,55,6803.0,4.7,0.39,0,0.283,0,CLT,0,0
4576,202308,58,7008.0,0.7,0.519,0,0.461,1,autonomo,1,0
4577,202411,25,5093.0,5.9,0.5,1,0.593,1,CLT,1,0
4578,202304,30,2947.0,1.6,0.383,1,0.237,1,autonomo,1,0
4579,202411,34,4909.0,3.3,0.033,0,0.262,0,autonomo,1,0
4580,202303,35,3058.0,4.0,0.262,1,0.258,2,servidor,0,0
4581,202405,30,8227.0,0.1,0.623,0,0.469,2,autonomo,0,1
4582,202303,68,4457.0,1.5,0.148,0,0.15,1,servidor,1,1
4583,202310,29,4151.0,11.0,0.524,1,0.155,1,CLT,0,0
4584,202303,55,3880.0,2.5,0.407,1,0.527,1,CLT,1,0
4585,202307,49,8692.0,4.1,0.074,1,0.332,1,autonomo,0,0
4586,202302,50,1778.0,0.4,0.058,0,0.374,0,CLT,0,1
4587,202405,31,9128.0,21.3,0.634,1,0.199,0,aposentado,1,0
4588,202309,36,3317.0,14.6,0.199,0,0.212,2,aposentado,0,0
4589,202402,50,1802.0,3.4,0.222,0,0.189,0,autonomo,1,0
4590,202307,35,2500.0,0.1,0.265,0,0.127,4,CLT,1,1
4591,202409,55,1595.0,8.8,0.352,1,0.168,1,servidor,0,1
4592,202311,22,5048.0,2.5,0.329,2,0.201,1,CLT,0,1
4593,202410,24,2166.0,1.5,0.443,0,0.554,3,CLT,0,1
4594,202309,56,3961.0,3.5,0.396,0,0.145,0,CLT,0,0
4595,202301,51,6420.0,14.8,0.732,0,0.346,1,CLT,0,0
4596,202309,23,2602.0,2.1,0.276,0,0.423,1,servidor,0,0
4597,202305,65,3184.0,1.0,0.394,0,0.318,1,CLT,1,0
4598,202402,21,1898.0,10.3,0.693,1,0.199,2,CLT,0,0
4599,202411,67,2998.0,3.4,0.536,0,0.258,3,CLT,1,0
4600,202403,56,13187.0,2.3,0.336,2,0.129,1,CLT,1,0
4601,202412,69,5372.0,3.4,0.269,0,0.091,1,CLT,0,0
4602,202409,67,3190.0,2.0,0.511,3,0.202,0,autonomo,0,1
4603,202309,36,2682.0,3.0,0.599,0,0.044,1,autonomo,0,0
4604,202303,58,3564.0,6.9,0.758,0,0.304,1,servidor,1,0
4605,202302,31,3886.0,1.0,0.122,0,0.326,1,CLT,1,0
4606,202401,44,2953.0,2.0,0.12,0,0.031,0,CLT,0,1
4607,202410,32,4746.0,7.0,0.471,1,0.508,1,CLT,0,0
4608,202305,44,2260.0,2.3,0.542,0,0.328,1,aposentado,1,0
4609,202311,63,2255.0,6.7,0.839,0,0.279,2,CLT,1,0
4610,202412,42,4381.0,0.6,0.662,0,0.43,0,servidor,0,0
4611,202303,25,2030.0,3.5,0.387,0,0.399,1,autonomo,1,0
4612,202407,36,5242.0,0.3,0.355,0,0.257,3,CLT,0,0
4613,202308,59,3615.0,3.7,0.233,1,0.26,0,CLT,1,0
4614,202412,46,1460.0,0.4,0.697,0,0.367,3,CLT,1,1
4615,202404,48,3846.0,2.5,0.389,1,0.028,1,autonomo,0,0
4616,202303,42,1568.0,5.4,0.307,1,0.185,1,CLT,0,0
4617,202412,35,5150.0,3.5,0.396,0,0.315,1,autonomo,0,0
4618,202405,50,3215.0,5.2,0.257,1,0.312,2,servidor,0,0
4619,202404,52,9187.0,2.8,0.202,0,0.285,1,servidor,1,0
4620,202409,65,6221.0,0.3,0.525,0,0.396,1,CLT,1,0
4621,202311,51,2142.0,13.5,0.451,0,0.461,0,servidor,0,0
4622,202303,69,1326.0,0.2,0.319,1,0.275,1,CLT,0,0
4623,202403,61,2496.0,3.4,0.48,2,0.274,2,aposentado,1,1
4624,202402,24,1977.0,8.1,0.203,0,0.449,2,CLT,0,1
4625,202301,40,9071.0,0.8,0.345,0,0.463,1,autonomo,0,0
4626,202311,39,3622.0,10.2,0.32,0,0.072,1,CLT,1,0
4627,202407,21,5806.0,1.5,0.244,0,0.091,0,CLT,1,0
4628,202402,29,3157.0,0.3,0.198,0,0.13,0,CLT,0,0
4629,202412,58,3328.0,0.0,0.401,1,0.105,3,autonomo,0,0
4630,202310,38,3582.0,0.7,0.429,0,0.181,2,CLT,0,0
4631,202407,28,6331.0,7.7,0.483,0,0.419,1,CLT,1,0
4632,202304,35,4255.0,3.0,0.58,0,0.234,1,servidor,0,0
4633,202312,34,2146.0,3.6,0.171,0,0.143,1,CLT,1,0
4634,202408,29,8195.0,2.9,0.592,1,0.383,1,CLT,1,1
4635,202305,25,3145.0,3.8,0.522,0,0.16,2,CLT,1,1
4636,202302,58,2899.0,0.7,0.199,0,0.035,0,CLT,0,0
4637,202403,61,885.0,1.0,0.591,0,0.119,0,servidor,1,1
4638,202302,45,5000.0,8.3,0.681,0,0.27,1,CLT,1,0
4639,202301,51,3830.0,1.3,0.267,0,0.616,0,autonomo,0,1
4640,202306,66,3827.0,0.9,0.492,1,0.637,2,CLT,1,1
4641,202301,62,2977.0,7.8,0.56,1,0.296,0,CLT,1,0
4642,202405,22,2731.0,6.1,0.572,0,0.425,3,CLT,1,0
4643,202307,67,3027.0,7.7,0.698,0,0.346,0,CLT,1,0
4644,202311,24,4590.0,0.4,0.655,0,0.492,1,aposentado,1,0
4645,202405,22,5012.0,0.6,0.454,0,0.044,2,aposentado,0,0
4646,202309,40,3244.0,4.4,0.784,0,0.351,0,autonomo,0,0
4647,202408,57,5852.0,3.2,0.722,1,0.158,0,autonomo,1,0
4648,202309,24,3500.0,2.2,0.699,0,0.106,1,CLT,1,1
4649,202304,35,2830.0,5.2,0.477,0,0.235,1,servidor,0,1
4650,202402,33,4021.0,10.4,0.797,0,0.157,4,CLT,1,0
4651,202407,40,1845.0,5.2,0.124,0,0.208,0,CLT,1,0
4652,202411,69,4090.0,13.7,0.22,1,0.352,1,CLT,0,0
4653,202312,37,1684.0,1.4,0.301,1,0.16,0,CLT,1,0
4654,202306,31,2178.0,1.1,0.137,0,0.421,3,aposentado,1,0
4655,202310,26,1327.0,0.8,0.272,0,0.726,0,aposentado,0,0
4656,202307,30,3336.0,7.4,0.482,0,0.647,2,autonomo,1,0
4657,202411,27,8142.0,11.2,0.025,2,0.311,0,CLT,1,0
4658,202303,49,3434.0,5.3,0.314,0,0.296,2,aposentado,1,1
4659,202301,41,5023.0,0.3,0.902,1,0.449,1,CLT,1,0
4660,202310,45,11804.0,1.2,0.312,0,0.418,1,CLT,0,0
4661,202312,61,4456.0,0.1,0.464,1,0.15,2,autonomo,0,0
4662,202406,49,2483.0,17.5,0.825,0,0.113,1,autonomo,1,0
4663,202301,28,2660.0,2.0,0.449,0,0.148,3,CLT,1,0
4664,202306,39,3642.0,0.5,0.181,1,0.331,1,CLT,1,0
4665,202404,36,2653.0,4.8,0.747,0,0.282,1,CLT,1,0
4666,202305,61,2754.0,1.3,0.427,0,0.318,3,servidor,0,0
4667,202309,36,5959.0,14.1,0.147,0,0.29,1,servidor,1,1
4668,202301,27,6082.0,4.8,0.423,0,0.036,0,aposentado,0,0
4669,202310,57,1598.0,5.4,0.098,0,0.556,1,autonomo,1,0
4670,202311,41,2419.0,3.8,0.066,0,0.216,1,autonomo,1,0
4671,202306,25,2887.0,0.8,0.498,0,0.463,0,servidor,1,0
4672,202302,54,4913.0,0.4,0.193,0,0.295,2,CLT,0,0
4673,202303,31,6448.0,2.5,0.732,0,0.496,1,servidor,1,0
4674,202411,63,14059.0,12.4,0.409,2,0.514,1,CLT,0,1
4675,202303,61,2885.0,0.1,0.28,1,0.316,2,autonomo,0,1
4676,202311,39,2958.0,18.8,0.675,0,0.162,0,autonomo,0,0
4677,202411,48,4887.0,4.4,0.208,0,0.56,2,CLT,1,0
4678,202305,48,2589.0,1.4,0.34,1,0.592,0,CLT,0,0
4679,202409,53,3393.0,5.7,0.544,0,0.332,2,CLT,1,0
4680,202310,24,2959.0,1.6,0.614,1,0.096,1,servidor,1,1
4681,202410,36,982.0,0.5,0.721,0,0.215,1,CLT,0,1
4682,202407,29,3872.0,2.4,0.668,1,0.202,0,CLT,0,0
4683,202405,55,3324.0,1.3,0.189,0,0.235,1,autonomo,1,0
4684,202312,24,6875.0,14.5,0.272,0,0.284,0,servidor,0,0
4685,202402,46,3651.0,1.5,0.288,0,0.23,1,CLT,1,0
4686,202410,56,1944.0,1.6,0.748,0,0.099,0,CLT,1,0
4687,202309,67,3200.0,1.9,0.627,0,0.46,2,autonomo,1,1
4688,202310,35,1280.0,4.8,0.458,0,0.016,2,autonomo,1,0
4689,202409,21,1987.0,4.2,0.088,0,0.137,1,aposentado,1,0
4690,202312,56,5003.0,10.9,0.267,1,0.331,4,CLT,0,0
4691,202401,21,3217.0,6.0,0.843,0,0.577,2,aposentado,0,1
4692,202306,24,5775.0,0.4,0.659,0,0.616,1,CLT,1,0
4693,202307,69,1362.0,12.7,0.253,0,0.195,0,autonomo,0,0
4694,202412,63,3225.0,0.4,0.064,2,0.23,2,CLT,0,0
4695,202303,55,2871.0,0.8,0.232,1,0.461,2,CLT,0,0
4696,202409,61,5872.0,0.7,0.131,0,0.426,3,autonomo,1,1
4697,202402,24,5097.0,9.3,0.37,0,0.041,1,autonomo,1,1
4698,202412,25,5020.0,8.3,0.385,1,0.297,1,CLT,1,0
4699,202409,35,7869.0,7.0,0.346,0,0.326,1,autonomo,1,0
4700,202412,22,3029.0,18.5,0.483,1,0.091,0,aposentado,0,0
4701,202402,64,7098.0,0.7,0.203,2,0.288,0,CLT,1,0
4702,202411,23,2160.0,0.1,0.529,2,0.34,2,CLT,1,1
4703,202404,47,2121.0,0.4,0.465,0,0.259,3,CLT,0,0
4704,202312,62,5305.0,1.2,0.325,0,0.198,4,CLT,0,0
4705,202302,57,1716.0,5.0,0.854,0,0.264,1,CLT,0,0
4706,202406,32,4848.0,5.5,0.181,1,0.174,4,autonomo,0,0
4707,202307,44,3830.0,0.1,0.663,0,0.578,1,CLT,0,1
4708,202303,47,6222.0,7.6,0.224,0,0.16,1,CLT,1,0
4709,202405,58,3534.0,6.4,0.252,1,0.465,0,servidor,1,0
4710,202311,41,3744.0,1.4,0.246,0,0.096,1,aposentado,1,0
4711,202407,34,4697.0,12.1,0.437,1,0.26,1,autonomo,0,0
4712,202410,59,2614.0,7.7,0.45,1,0.269,1,CLT,0,0
4713,202304,64,2558.0,1.6,0.555,0,0.28,3,CLT,0,0
4714,202311,44,4616.0,0.3,0.178,0,0.129,0,CLT,1,0
4715,202306,22,3588.0,2.6,0.449,0,0.255,0,CLT,0,1
4716,202307,45,2970.0,3.9,0.206,1,0.351,1,CLT,1,0
4717,202303,64,3493.0,0.6,0.018,1,0.433,1,CLT,1,0
4718,202404,69,8081.0,2.5,0.387,1,0.103,1,CLT,1,1
4719,202401,40,2918.0,8.7,0.552,0,0.328,1,autonomo,1,1
4720,202406,28,2876.0,3.5,0.445,1,0.287,1,CLT,1,0
4721,202301,49,1550.0,8.3,0.85,1,0.197,2,servidor,1,0
4722,202306,61,3565.0,1.8,0.51,0,0.32,3,CLT,1,1
4723,202309,67,5057.0,8.9,0.194,1,0.122,0,aposentado,0,0
4724,202309,23,5531.0,1.8,0.294,0,0.061,3,CLT,0,0
4725,202402,35,3843.0,8.5,0.186,0,0.514,0,autonomo,0,0
4726,202310,44,5872.0,4.2,0.263,0,0.622,0,servidor,0,0
4727,202406,25,5248.0,0.5,0.182,1,0.298,1,CLT,1,0
4728,202408,64,6352.0,2.1,0.22,1,0.565,1,CLT,1,0
4729,202303,26,5956.0,7.4,0.536,0,0.158,0,CLT,1,0
4730,202306,53,7982.0,1.2,0.257,3,0.214,0,CLT,1,0
4731,202409,66,3345.0,7.7,0.162,0,0.301,0,CLT,1,0
4732,202409,54,1875.0,0.5,0.6,0,0.174,1,servidor,0,1
4733,202303,58,5074.0,0.5,0.175,0,0.217,1,servidor,1,0
4734,202305,33,5379.0,2.8,0.819,0,0.384,3,CLT,1,1
4735,202302,61,7982.0,4.9,0.622,0,0.182,1,autonomo,1,0
4736,202406,41,6909.0,8.5,0.246,0,0.18,0,CLT,0,0
4737,202301,24,9631.0,6.3,0.567,0,0.542,3,CLT,1,0
4738,202309,38,4964.0,5.7,0.259,1,0.131,3,CLT,1,0
4739,202403,38,4082.0,5.3,0.273,1,0.329,3,autonomo,1,0
4740,202310,46,1822.0,1.5,0.31,0,0.469,1,autonomo,0,0
4741,202408,33,4247.0,8.4,0.41,0,0.065,1,servidor,1,0
4742,202410,43,2762.0,2.0,0.426,0,0.303,0,CLT,0,0
4743,202409,41,4047.0,3.1,0.248,0,0.226,0,aposentado,1,0
4744,202309,37,3742.0,7.8,0.472,0,0.494,2,autonomo,1,0
4745,202304,55,4609.0,1.0,0.07,2,0.582,4,CLT,1,0
4746,202404,35,3468.0,2.0,0.346,0,0.328,0,autonomo,1,0
4747,202404,58,5811.0,1.7,0.437,1,0.403,1,servidor,0,1
4748,202305,33,933.0,30.6,0.291,0,0.12,1,CLT,0,0
4749,202310,63,4004.0,6.1,0.587,1,0.147,2,CLT,1,0
4750,202410,38,6643.0,1.6,0.742,0,0.192,1,CLT,0,0
4751,202408,22,9275.0,1.0,0.766,1,0.344,1,servidor,1,1
4752,202411,28,5250.0,1.3,0.349,2,0.527,3,CLT,1,1
4753,202305,60,8454.0,7.5,0.641,1,0.351,1,aposentado,1,1
4754,202310,63,3962.0,2.2,0.458,2,0.406,0,autonomo,0,1
4755,202301,31,3646.0,1.1,0.314,0,0.248,1,servidor,0,0
4756,202312,50,4744.0,8.4,0.149,2,0.237,2,servidor,1,0
4757,202402,49,3635.0,3.3,0.254,1,0.357,1,CLT,1,0
4758,202305,27,2462.0,7.1,0.624,1,0.065,2,CLT,0,0
4759,202406,43,2814.0,7.8,0.376,0,0.457,0,CLT,0,0
4760,202408,54,2088.0,3.4,0.23,0,0.422,2,autonomo,0,1
4761,202404,68,4742.0,9.4,0.302,1,0.5,5,CLT,1,1
4762,202307,62,3662.0,1.5,0.453,1,0.173,2,servidor,1,0
4763,202406,25,3041.0,0.2,0.47,0,0.423,1,CLT,1,0
4764,202408,32,2743.0,2.2,0.309,1,0.147,1,CLT,0,0
4765,202403,42,4687.0,2.5,0.744,0,0.39,1,servidor,1,0
4766,202306,28,5379.0,5.0,0.312,2,0.082,0,aposentado,1,0
4767,202304,48,2069.0,3.6,0.355,0,0.136,0,autonomo,1,1
4768,202305,21,1912.0,10.6,0.669,1,0.225,1,servidor,1,0
4769,202312,26,5868.0,12.9,0.077,0,0.684,0,autonomo,0,0
4770,202412,23,1831.0,4.4,0.211,0,0.659,1,autonomo,0,1
4771,202309,35,4787.0,9.3,0.51,1,0.228,1,servidor,0,0
4772,202405,58,8172.0,14.0,0.495,0,0.387,1,autonomo,1,0
4773,202402,29,8181.0,4.5,0.155,0,0.205,2,autonomo,0,0
4774,202311,69,5266.0,2.4,0.32,0,0.491,1,servidor,0,0
4775,202305,34,5190.0,8.0,0.179,0,0.43,1,servidor,1,1
4776,202310,23,11226.0,9.5,0.801,0,0.659,1,CLT,1,1
4777,202409,37,1133.0,10.8,0.123,0,0.156,0,autonomo,0,0
4778,202401,57,2887.0,0.5,0.443,0,0.2,1,CLT,0,0
4779,202306,26,5565.0,3.4,0.634,1,0.12,4,CLT,1,0
4780,202406,24,3076.0,2.8,0.454,0,0.299,1,CLT,1,1
4781,202308,62,6768.0,7.2,0.758,0,0.344,2,autonomo,1,0
4782,202308,50,3570.0,3.4,0.458,0,0.264,0,autonomo,1,0
4783,202408,37,3889.0,14.3,0.707,2,0.286,2,aposentado,1,0
4784,202312,58,3174.0,10.9,0.488,0,0.242,0,servidor,1,0
4785,202407,62,2804.0,0.1,0.607,1,0.15,0,CLT,0,0
4786,202403,38,2770.0,5.3,0.41,3,0.216,1,servidor,1,0
4787,202312,48,4170.0,2.9,0.498,0,0.285,2,autonomo,1,0
4788,202402,21,2472.0,1.6,0.328,0,0.401,0,servidor,1,0
4789,202309,36,5864.0,7.2,0.691,0,0.169,1,autonomo,0,0
4790,202409,50,5047.0,2.5,0.279,0,0.492,3,CLT,0,0
4791,202302,30,6309.0,2.7,0.135,2,0.716,0,CLT,1,0
4792,202411,69,2070.0,3.0,0.709,1,0.284,2,autonomo,1,0
4793,202305,68,1557.0,7.2,0.472,0,0.04,4,CLT,0,0
4794,202403,33,3633.0,3.2,0.331,0,0.285,1,autonomo,0,1
4795,202412,40,15512.0,0.3,0.22,1,0.345,2,CLT,1,0
4796,202407,30,6858.0,7.4,0.336,0,0.02,2,CLT,0,0
4797,202406,45,2759.0,5.1,0.513,0,0.095,0,CLT,1,0
4798,202411,27,4502.0,0.7,0.59,0,0.082,0,CLT,1,1
4799,202312,40,5239.0,1.8,0.652,1,0.021,4,servidor,0,0
4800,202404,48,1837.0,3.4,0.205,0,0.453,1,CLT,0,0
4801,202409,50,7221.0,7.5,0.433,0,0.094,1,CLT,0,0
4802,202312,50,3349.0,1.3,0.108,1,0.039,2,CLT,1,0
4803,202308,31,3480.0,14.3,0.3,0,0.447,5,autonomo,0,1
4804,202303,59,3685.0,1.3,0.474,0,0.192,1,CLT,0,0
4805,202305,54,6453.0,1.1,0.269,1,0.211,2,autonomo,1,1
4806,202411,57,2496.0,13.5,0.942,0,0.253,0,CLT,0,0
4807,202310,43,1551.0,11.4,0.103,1,0.139,2,autonomo,0,1
4808,202411,64,4279.0,1.4,0.258,0,0.554,0,servidor,1,0
4809,202311,40,1311.0,4.5,0.502,0,0.359,1,autonomo,0,1
4810,202306,60,3132.0,7.4,0.512,0,0.289,2,CLT,0,0
4811,202401,30,6591.0,0.1,0.09,0,0.238,2,servidor,0,0
4812,202302,33,4864.0,3.2,0.394,0,0.212,2,CLT,1,0
4813,202408,46,6131.0,6.6,0.545,0,0.051,1,CLT,1,0
4814,202403,48,4965.0,16.4,0.529,1,0.108,1,servidor,0,0
4815,202409,57,12151.0,5.4,0.286,0,0.235,0,servidor,1,0
4816,202409,35,2713.0,0.9,0.602,1,0.18,0,autonomo,1,0
4817,202409,63,4443.0,0.0,0.863,1,0.252,2,CLT,0,0
4818,202401,37,2925.0,0.7,0.594,0,0.163,2,CLT,0,0
4819,202408,47,5875.0,7.6,0.314,0,0.083,0,autonomo,1,0
4820,202406,66,3531.0,4.2,0.946,1,0.172,1,CLT,1,1
4821,202407,47,8599.0,3.5,0.155,1,0.231,0,CLT,0,0
4822,202305,54,2792.0,9.0,0.623,0,0.198,2,CLT,0,0
4823,202303,65,7358.0,3.7,0.144,0,0.333,1,CLT,1,0
4824,202301,68,4898.0,0.4,0.153,1,0.301,1,CLT,0,0
4825,202309,45,3582.0,3.4,0.387,0,0.233,0,CLT,0,0
4826,202304,41,4775.0,11.8,0.337,0,0.471,3,CLT,1,0
4827,202402,30,4149.0,0.6,0.246,0,0.224,1,autonomo,1,0
4828,202411,47,4350.0,38.9,0.592,0,0.503,0,CLT,1,0
4829,202304,65,3283.0,9.3,0.296,0,0.057,4,aposentado,1,0
4830,202307,44,2564.0,0.9,0.666,0,0.592,2,aposentado,0,1
4831,202301,38,3079.0,0.7,0.545,1,0.101,0,CLT,1,0
4832,202307,26,1569.0,8.4,0.081,0,0.238,0,autonomo,0,0
4833,202411,40,5547.0,20.1,0.213,0,0.052,0,CLT,0,0
4834,202408,32,1963.0,0.0,0.441,1,0.053,0,CLT,1,0
4835,202401,68,3266.0,4.6,0.656,0,0.33,1,CLT,1,0
4836,202308,46,5034.0,3.2,0.542,0,0.581,3,CLT,0,1
4837,202310,27,5540.0,1.7,0.257,0,0.393,2,CLT,1,1
4838,202404,24,1499.0,1.3,0.329,0,0.068,1,CLT,1,0
4839,202412,62,3478.0,0.6,0.258,0,0.731,3,servidor,1,0
4840,202306,66,4582.0,2.1,0.773,0,0.094,1,servidor,1,0
4841,202301,58,3737.0,9.3,0.227,2,0.233,2,servidor,1,0
4842,202309,27,7130.0,0.5,0.343,0,0.383,3,autonomo,0,0
4843,202410,25,2414.0,12.4,0.292,0,0.048,1,CLT,0,0
4844,202311,30,1307.0,5.2,0.262,0,0.181,0,CLT,1,0
4845,202304,57,5460.0,0.3,0.37,0,0.196,2,autonomo,0,1
4846,202307,58,2783.0,6.6,0.326,1,0.206,2,CLT,0,0
4847,202411,62,1511.0,1.9,0.258,0,0.484,0,CLT,0,0
4848,202302,25,3364.0,2.4,0.164,0,0.289,2,CLT,1,0
4849,202309,28,6736.0,4.6,0.212,0,0.581,1,CLT,0,0
4850,202303,65,1936.0,4.2,0.536,0,0.233,2,servidor,0,0
4851,202302,66,11708.0,17.3,0.444,0,0.22,0,servidor,1,0
4852,202405,56,2395.0,7.0,0.169,2,0.296,2,servidor,1,1
4853,202403,26,3803.0,3.3,0.431,0,0.662,0,CLT,0,0
4854,202311,24,1979.0,2.6,0.442,1,0.031,3,autonomo,0,0
4855,202304,23,3717.0,1.8,0.262,0,0.329,1,autonomo,1,0
4856,202411,54,3405.0,0.1,0.297,0,0.379,1,servidor,1,0
4857,202307,62,1729.0,8.7,0.214,0,0.42,1,aposentado,0,0
4858,202411,51,14957.0,1.9,0.459,0,0.2,1,autonomo,1,0
4859,202312,33,2842.0,5.7,0.148,0,0.037,2,CLT,1,0
4860,202310,58,2843.0,3.3,0.659,0,0.084,2,CLT,1,0
4861,202309,23,5911.0,6.9,0.166,0,0.218,3,CLT,0,0
4862,202311,61,9019.0,2.3,0.248,0,0.308,2,aposentado,1,0
4863,202406,64,6395.0,10.0,0.381,0,0.197,1,autonomo,1,0
4864,202310,56,1997.0,3.0,0.262,0,0.3,1,servidor,1,0
4865,202309,64,4052.0,0.3,0.209,1,0.401,0,servidor,1,0
4866,202307,49,1421.0,1.8,0.576,0,0.186,1,CLT,0,1
4867,202312,43,5715.0,3.5,0.112,1,0.377,1,CLT,0,0
4868,202307,36,1607.0,10.2,0.37,0,0.322,0,CLT,1,0
4869,202302,66,2437.0,2.9,0.348,0,0.193,2,CLT,0,0
4870,202301,55,3635.0,0.2,0.4,0,0.123,2,aposentado,1,0
4871,202310,30,4548.0,3.2,0.43,0,0.288,0,CLT,0,1
4872,202309,67,3196.0,3.9,0.126,1,0.565,2,autonomo,1,0
4873,202405,23,7782.0,3.3,0.24,0,0.211,2,servidor,0,0
4874,202404,49,5227.0,26.5,0.329,0,0.256,2,autonomo,0,0
4875,202404,30,5026.0,2.5,0.34,0,0.597,1,CLT,1,1
4876,202406,53,1969.0,7.1,0.684,0,0.246,0,CLT,1,0
4877,202412,41,8516.0,6.1,0.479,0,0.48,3,CLT,0,0
4878,202302,42,2437.0,1.9,0.363,1,0.082,0,servidor,1,1
4879,202410,53,8680.0,0.3,0.494,0,0.156,4,aposentado,1,0
4880,202409,58,10008.0,5.6,0.814,0,0.423,1,CLT,0,0
4881,202403,39,4705.0,6.6,0.37,1,0.15,0,autonomo,0,0
4882,202401,69,6100.0,5.2,0.188,1,0.227,0,CLT,0,1
4883,202411,45,779.0,4.1,0.753,1,0.263,4,servidor,1,1
4884,202308,28,3303.0,9.2,0.254,0,0.214,1,autonomo,1,1
4885,202301,21,6318.0,2.5,0.04,0,0.113,1,autonomo,1,0
4886,202305,30,5781.0,1.3,0.621,0,0.142,0,servidor,0,0
4887,202401,54,1979.0,3.0,0.952,0,0.241,1,CLT,1,0
4888,202305,47,3144.0,11.4,0.333,0,0.465,0,CLT,1,0
4889,202402,37,1024.0,4.7,0.367,1,0.368,1,autonomo,1,0
4890,202404,44,4476.0,1.0,0.451,0,0.23,1,CLT,1,0
4891,202401,62,1420.0,1.0,0.551,0,0.362,1,autonomo,1,0
4892,202410,49,6408.0,4.0,0.515,0,0.485,1,autonomo,1,0
4893,202312,23,6577.0,2.7,0.239,0,0.429,0,aposentado,1,0
4894,202305,23,2872.0,0.6,0.734,1,0.366,1,CLT,1,0
4895,202411,44,4725.0,5.5,0.304,1,0.13,0,autonomo,1,0
4896,202310,40,3266.0,9.5,0.068,0,0.054,1,autonomo,0,0
4897,202310,62,4109.0,1.5,0.785,0,0.214,3,CLT,0,1
4898,202401,49,2052.0,3.9,0.242,0,0.069,0,autonomo,0,0
4899,202303,58,4970.0,0.2,0.436,0,0.433,0,autonomo,1,0
4900,202406,49,1603.0,1.5,0.801,0,0.095,2,CLT,0,0
4901,202406,37,1458.0,27.5,0.252,0,0.134,1,aposentado,1,0
4902,202311,53,3426.0,6.9,0.656,0,0.188,0,autonomo,1,0
4903,202406,51,3276.0,0.6,0.544,0,0.438,2,CLT,0,0
4904,202411,56,4172.0,7.7,0.499,1,0.195,3,autonomo,1,0
4905,202408,30,2631.0,5.5,0.219,1,0.345,0,servidor,0,0
4906,202405,52,9347.0,3.5,0.369,0,0.759,1,autonomo,1,1
4907,202307,34,3945.0,3.2,0.385,1,0.049,1,CLT,1,0
4908,202309,59,4091.0,2.5,0.333,1,0.484,2,servidor,0,1
4909,202401,60,4018.0,0.5,0.332,0,0.203,1,CLT,1,0
4910,202309,51,6012.0,8.7,0.444,0,0.15,0,CLT,0,0
4911,202410,67,4856.0,4.9,0.237,0,0.046,1,CLT,1,0
4912,202410,47,4541.0,1.5,0.272,2,0.037,1,autonomo,0,0
4913,202309,22,5261.0,0.2,0.508,1,0.187,1,CLT,1,0
4914,202402,50,1462.0,0.2,0.476,1,0.142,0,CLT,0,0
4915,202311,59,1490.0,0.3,0.687,1,0.09,2,CLT,1,0
4916,202308,25,3505.0,2.6,0.068,1,0.293,2,autonomo,0,0
4917,202301,26,3298.0,6.9,0.48,1,0.308,2,CLT,1,1
4918,202411,34,4865.0,1.7,0.399,1,0.114,0,autonomo,0,0
4919,202402,62,3678.0,6.2,0.513,0,0.141,1,servidor,1,0
4920,202311,46,4870.0,0.0,0.108,0,0.651,2,CLT,1,0
4921,202406,68,1953.0,2.0,0.757,0,0.391,0,CLT,0,0
4922,202311,63,3621.0,13.9,0.349,0,0.304,3,CLT,0,1
4923,202401,48,1862.0,3.5,0.443,0,0.402,1,autonomo,1,0
4924,202411,54,4418.0,2.8,0.122,1,0.57,1,CLT,1,0
4925,202406,37,1423.0,10.7,0.269,0,0.186,1,CLT,1,0
4926,202410,25,4334.0,1.3,0.233,0,0.218,1,CLT,0,0
4927,202409,40,1747.0,0.4,0.628,1,0.116,2,CLT,0,1
4928,202410,50,3006.0,4.9,0.656,1,0.271,1,CLT,0,0
4929,202312,29,5696.0,6.4,0.27,0,0.2,2,CLT,1,0
4930,202410,31,4079.0,4.0,0.35,1,0.552,1,CLT,0,1
4931,202303,21,1599.0,1.5,0.374,0,0.544,2,CLT,1,1
4932,202409,56,2601.0,4.3,0.353,0,0.175,2,CLT,1,0
4933,202404,65,1719.0,4.6,0.228,2,0.087,0,aposentado,0,0
4934,202307,61,1560.0,2.7,0.147,0,0.173,1,aposentado,0,0
4935,202306,39,3862.0,0.4,0.624,0,0.457,3,CLT,1,0
4936,202303,50,4818.0,10.4,0.252,1,0.506,0,CLT,1,0
4937,202412,68,4538.0,13.2,0.62,2,0.062,2,CLT,0,1
4938,202301,49,4921.0,12.0,0.194,0,0.293,3,CLT,0,0
4939,202409,35,3619.0,4.3,0.252,0,0.135,1,CLT,1,0
4940,202407,37,3176.0,1.1,0.506,0,0.152,1,aposentado,1,0
4941,202411,56,2129.0,3.8,0.366,0,0.18,1,autonomo,1,0
4942,202411,42,2922.0,1.3,0.295,2,0.206,3,servidor,1,1
4943,202309,62,1881.0,5.6,0.694,0,0.096,3,CLT,1,0
4944,202309,63,2386.0,1.4,0.143,2,0.048,2,CLT,1,0
4945,202408,22,3806.0,7.4,0.337,0,0.082,2,autonomo,1,1
4946,202304,56,3433.0,1.6,0.4,0,0.278,0,CLT,0,0
4947,202308,39,16854.0,1.2,0.551,0,0.231,0,CLT,0,0
4948,202301,46,1858.0,2.6,0.582,0,0.298,3,aposentado,1,1
4949,202308,33,3420.0,4.0,0.29,0,0.356,1,servidor,0,0
4950,202310,39,1787.0,11.3,0.354,0,0.329,1,CLT,1,0
4951,202411,37,2999.0,1.4,0.314,0,0.49,0,CLT,0,1
4952,202311,23,3061.0,11.0,0.633,0,0.294,2,CLT,0,1
4953,202402,59,5555.0,5.6,0.266,1,0.109,1,autonomo,0,0
4954,202409,28,2908.0,4.8,0.611,0,0.364,2,CLT,0,0
4955,202304,39,3309.0,7.8,0.183,0,0.018,1,CLT,1,0
4956,202309,30,2936.0,1.5,0.156,0,0.299,1,CLT,1,0
4957,202308,28,1807.0,2.1,0.219,0,0.623,3,autonomo,1,0
4958,202304,39,2628.0,0.1,0.555,0,0.115,2,servidor,1,0
4959,202404,66,3008.0,6.5,0.298,0,0.36,2,autonomo,0,0
4960,202304,67,3778.0,0.5,0.169,0,0.054,1,CLT,1,0
4961,202309,39,4815.0,9.5,0.277,0,0.271,2,CLT,0,0
4962,202304,45,3238.0,4.3,0.25,2,0.227,0,autonomo,0,1
4963,202308,69,3210.0,7.1,0.431,2,0.053,1,CLT,0,1
4964,202305,32,1540.0,2.8,0.378,1,0.243,0,autonomo,1,0
4965,202407,67,4769.0,5.1,0.525,0,0.474,2,CLT,0,0
4966,202304,26,2571.0,0.0,0.558,0,0.356,1,CLT,1,0
4967,202407,32,5290.0,0.2,0.253,0,0.806,1,autonomo,1,0
4968,202412,37,7032.0,5.3,0.031,0,0.622,1,servidor,0,0
4969,202306,22,3314.0,4.5,0.3,0,0.465,2,aposentado,1,1
4970,202402,60,2183.0,3.4,0.481,0,0.415,2,CLT,0,0
4971,202410,62,3611.0,11.3,0.331,0,0.238,0,autonomo,1,0
4972,202309,39,4334.0,0.8,0.237,0,0.132,0,CLT,0,0
4973,202408,61,3110.0,5.6,0.371,0,0.081,1,autonomo,0,0
4974,202309,58,2746.0,3.0,0.538,0,0.12,1,CLT,0,0
4975,202409,60,4826.0,6.6,0.587,1,0.12,0,CLT,1,1
4976,202411,60,4669.0,3.6,0.532,2,0.423,2,CLT,1,1
4977,202403,49,3062.0,6.1,0.39,0,0.457,0,CLT,0,0
4978,202405,26,1592.0,2.6,0.267,1,0.181,1,CLT,0,0
4979,202310,66,4574.0,3.6,0.55,0,0.211,1,autonomo,0,0
4980,202402,50,2481.0,5.7,0.467,1,0.038,0,autonomo,1,0
4981,202402,65,4053.0,1.3,0.63,0,0.527,0,aposentado,0,0
4982,202304,67,3927.0,3.3,0.606,0,0.339,1,CLT,0,0
4983,202412,30,1416.0,9.0,0.347,1,0.35,2,CLT,1,0
4984,202311,40,3792.0,3.9,0.558,1,0.427,0,autonomo,0,0
4985,202307,30,4709.0,0.4,0.117,1,0.456,0,CLT,1,0
4986,202412,23,5007.0,1.6,0.168,2,0.447,1,aposentado,1,0
4987,202309,68,3861.0,11.8,0.547,0,0.082,1,autonomo,1,0
4988,202409,66,1355.0,1.7,0.552,1,0.132,0,CLT,0,0
4989,202307,66,6895.0,4.1,0.216,0,0.133,2,CLT,1,0
4990,202310,64,4472.0,5.9,0.169,0,0.099,2,CLT,0,0
4991,202304,52,1995.0,5.6,0.09,0,0.034,1,CLT,1,0
4992,202307,46,2456.0,6.5,0.736,0,0.435,0,CLT,0,0
4993,202307,69,4087.0,4.9,0.495,0,0.258,0,servidor,0,0
4994,202412,48,5115.0,3.0,0.184,0,0.157,0,autonomo,0,0
4995,202412,52,2853.0,0.1,0.453,1,0.077,2,autonomo,1,0
4996,202404,31,5501.0,3.6,0.239,0,0.427,2,CLT,0,0
4997,202310,57,1486.0,2.8,0.106,0,0.333,1,autonomo,0,0
4998,202305,61,2162.0,2.5,0.362,0,0.3,3,servidor,1,0
4999,202407,54,1297.0,5.1,0.921,0,0.088,2,CLT,1,0
5000,202412,45,2325.0,1.3,0.583,0,0.246,2,CLT,1,1
5001,202406,30,7739.0,0.9,0.524,0,0.166,3,aposentado,1,0
5002,202307,22,10187.0,3.0,0.195,1,0.363,2,autonomo,0,1
5003,202301,51,4094.0,1.8,0.337,0,0.368,0,CLT,0,1
5004,202303,54,2646.0,3.9,0.733,0,0.196,0,autonomo,0,1
5005,202405,58,3259.0,3.7,0.452,0,0.315,3,autonomo,1,1
5006,202306,67,4613.0,3.9,0.195,0,0.117,1,servidor,0,0
5007,202403,45,1667.0,3.0,0.65,0,0.638,5,CLT,1,0
5008,202407,61,2735.0,0.8,0.575,0,0.578,0,servidor,1,0
5009,202407,56,7461.0,7.4,0.153,1,0.371,1,servidor,1,1
5010,202310,34,2158.0,0.3,0.315,0,0.306,1,servidor,0,0
5011,202401,62,2504.0,9.5,0.691,0,0.228,1,autonomo,0,0
5012,202401,23,3665.0,8.1,0.31,0,0.086,3,autonomo,1,0
5013,202303,50,4195.0,7.4,0.706,0,0.463,4,CLT,1,0
5014,202309,67,2664.0,6.4,0.686,0,0.451,3,autonomo,0,0
5015,202408,53,3784.0,10.4,0.407,0,0.475,0,CLT,0,0
5016,202412,66,4934.0,11.5,0.409,0,0.395,2,servidor,0,0
5017,202405,23,9708.0,2.5,0.095,0,0.226,1,servidor,1,0
5018,202407,47,3418.0,18.1,0.286,1,0.532,2,autonomo,1,0
5019,202409,59,3567.0,2.9,0.188,0,0.389,1,autonomo,0,0
5020,202311,52,7814.0,1.0,0.338,0,0.229,1,servidor,1,0
5021,202412,64,2767.0,12.6,0.495,0,0.157,1,servidor,1,0
5022,202303,43,1878.0,1.1,0.223,1,0.404,1,CLT,0,0
5023,202407,54,4126.0,0.5,0.15,0,0.246,0,CLT,0,0
5024,202408,41,6236.0,13.6,0.401,0,0.091,0,CLT,0,0
5025,202311,63,4361.0,0.3,0.361,0,0.278,2,aposentado,1,0
5026,202409,26,3469.0,7.7,0.327,0,0.495,1,servidor,1,0
5027,202312,33,1765.0,23.4,0.653,0,0.104,1,CLT,1,0
5028,202404,25,3536.0,5.8,0.247,0,0.377,0,CLT,0,0
5029,202402,55,6745.0,6.3,0.491,1,0.122,3,CLT,1,0
5030,202406,32,1964.0,4.5,0.4,1,0.38,2,servidor,0,1
5031,202309,36,3222.0,2.5,0.398,1,0.309,1,CLT,1,0
5032,202304,61,3000.0,1.4,0.702,0,0.202,3,servidor,1,0
5033,202305,38,2569.0,21.5,0.484,1,0.069,1,CLT,0,0
5034,202402,28,4121.0,10.1,0.306,1,0.156,1,aposentado,1,0
5035,202405,22,4544.0,4.3,0.354,2,0.078,0,CLT,0,1
5036,202401,32,4521.0,0.5,0.381,0,0.36,3,CLT,1,0
5037,202402,65,2234.0,0.2,0.195,1,0.31,1,CLT,1,0
5038,202304,47,1599.0,1.6,0.563,1,0.208,1,servidor,0,0
5039,202406,69,4151.0,1.2,0.539,0,0.43,1,autonomo,0,0
5040,202409,31,2827.0,19.6,0.293,0,0.198,1,CLT,1,0
5041,202410,38,9128.0,6.8,0.242,0,0.29,0,CLT,0,1
5042,202404,28,9342.0,0.6,0.421,0,0.035,1,CLT,1,0
5043,202308,40,9851.0,12.2,0.278,0,0.257,1,CLT,0,0
5044,202409,48,2275.0,5.1,0.472,1,0.106,1,autonomo,0,0
5045,202401,60,4840.0,2.6,0.184,0,0.287,0,autonomo,0,0
5046,202406,39,5628.0,1.3,0.579,0,0.428,1,aposentado,1,0
5047,202303,58,5320.0,9.0,0.329,2,0.505,2,CLT,0,0
5048,202301,51,3050.0,5.4,0.686,1,0.187,2,CLT,1,0
5049,202405,35,6902.0,0.9,0.291,0,0.491,2,CLT,0,0
5050,202309,65,3642.0,9.1,0.397,0,0.345,2,CLT,1,0
5051,202304,42,3882.0,19.4,0.157,0,0.462,1,CLT,1,0
5052,202310,28,1688.0,1.0,0.323,0,0.337,2,servidor,1,0
5053,202403,68,5026.0,3.0,0.408,0,0.332,3,CLT,1,1
5054,202405,65,3196.0,1.0,0.435,0,0.307,0,CLT,0,0
5055,202307,23,4593.0,11.5,0.607,1,0.436,0,autonomo,0,1
5056,202310,65,4095.0,0.9,0.126,1,0.434,0,servidor,1,0
5057,202410,67,3986.0,1.0,0.622,0,0.126,0,servidor,1,0
5058,202307,61,3559.0,11.6,0.501,1,0.074,0,autonomo,1,1
5059,202309,33,5395.0,2.4,0.121,0,0.63,0,servidor,0,0
5060,202306,51,3296.0,13.2,0.771,0,0.053,0,CLT,1,0
5061,202310,47,1759.0,0.3,0.4,0,0.254,0,CLT,1,0
5062,202309,51,4839.0,6.7,0.345,1,0.346,3,CLT,0,1
5063,202307,51,2430.0,6.1,0.656,0,0.577,1,servidor,1,0
5064,202305,52,1878.0,1.4,0.07,1,0.467,1,CLT,1,0
5065,202408,46,2184.0,0.3,0.557,0,0.184,0,CLT,1,0
5066,202311,54,4195.0,0.1,0.116,0,0.418,1,autonomo,1,0
5067,202403,46,3469.0,9.0,0.435,0,0.064,1,autonomo,1,0
5068,202409,21,1253.0,12.8,0.444,0,0.447,3,autonomo,1,0
5069,202407,22,3005.0,4.1,0.247,0,0.194,2,CLT,0,0
5070,202306,67,6533.0,2.2,0.156,0,0.363,1,autonomo,0,0
5071,202403,65,2905.0,0.3,0.257,0,0.474,0,servidor,1,0
5072,202408,49,3352.0,3.4,0.487,0,0.722,0,autonomo,0,1
5073,202302,29,6133.0,14.8,0.587,0,0.295,0,CLT,1,0
5074,202411,59,5419.0,9.8,0.17,1,0.133,0,autonomo,1,0
5075,202311,28,6069.0,4.0,0.172,0,0.18,0,autonomo,1,0
5076,202403,39,910.0,0.5,0.378,1,0.448,4,CLT,1,0
5077,202406,37,8663.0,4.6,0.204,0,0.331,1,CLT,0,0
5078,202411,21,5005.0,0.5,0.166,0,0.198,2,aposentado,1,1
5079,202411,60,12466.0,10.7,0.101,0,0.335,0,CLT,0,0
5080,202310,45,2462.0,8.9,0.515,0,0.137,1,CLT,1,1
5081,202403,36,1508.0,8.7,0.649,0,0.316,0,CLT,1,0
5082,202309,45,3654.0,0.0,0.299,1,0.551,1,CLT,1,0
5083,202402,21,3173.0,1.1,0.704,0,0.418,0,autonomo,1,0
5084,202305,42,5048.0,8.9,0.31,0,0.3,2,CLT,0,1
5085,202311,46,6232.0,3.8,0.523,0,0.173,0,servidor,1,0
5086,202407,37,3485.0,4.9,0.388,0,0.041,0,servidor,1,0
5087,202310,61,3228.0,2.0,0.308,0,0.103,0,autonomo,0,1
5088,202306,33,4728.0,7.3,0.229,1,0.509,6,CLT,1,1
5089,202304,27,3203.0,4.1,0.335,0,0.242,2,CLT,0,0
5090,202404,46,3072.0,5.4,0.164,1,0.355,2,servidor,0,1
5091,202311,64,6115.0,2.7,0.1,1,0.406,1,autonomo,0,0
5092,202308,39,6836.0,1.5,0.309,0,0.075,2,CLT,1,0
5093,202406,23,6260.0,0.1,0.484,0,0.162,0,CLT,0,0
5094,202402,68,3347.0,0.3,0.412,0,0.363,2,CLT,1,0
5095,202306,42,1249.0,0.8,0.278,0,0.589,2,aposentado,1,0
5096,202407,29,3381.0,0.2,0.529,0,0.057,0,aposentado,0,0
5097,202307,51,2492.0,7.6,0.679,0,0.032,1,servidor,0,0
5098,202408,36,3412.0,6.4,0.435,2,0.558,1,autonomo,0,1
5099,202303,66,2603.0,1.7,0.286,0,0.483,0,CLT,0,0
5100,202404,35,3603.0,4.3,0.487,0,0.106,2,aposentado,1,0
5101,202309,47,2165.0,3.9,0.188,0,0.34,0,CLT,0,0
5102,202402,47,1919.0,10.8,0.716,0,0.569,0,servidor,1,0
5103,202411,32,6710.0,0.6,0.202,0,0.225,0,CLT,0,0
5104,202305,45,2242.0,15.4,0.196,0,0.448,1,aposentado,0,0
5105,202302,26,3642.0,0.1,0.363,0,0.482,2,CLT,1,0
5106,202410,52,5868.0,6.5,0.379,1,0.121,0,CLT,0,0
5107,202411,58,5751.0,0.5,0.402,1,0.132,2,CLT,0,0
5108,202411,67,5418.0,7.5,0.397,0,0.466,0,autonomo,0,0
5109,202305,36,4236.0,1.1,0.546,0,0.178,1,CLT,0,0
5110,202409,34,5229.0,1.9,0.273,0,0.425,1,autonomo,1,0
5111,202301,47,7234.0,11.8,0.281,0,0.332,1,CLT,1,0
5112,202308,54,4503.0,6.7,0.208,3,0.182,0,CLT,0,0
5113,202408,69,1453.0,5.0,0.176,0,0.577,1,servidor,0,0
5114,202406,22,2795.0,5.9,0.463,1,0.086,1,servidor,1,0
5115,202403,32,5157.0,3.2,0.62,0,0.506,0,CLT,0,1
5116,202307,33,2661.0,1.3,0.732,0,0.586,3,autonomo,1,0
5117,202409,33,8185.0,13.7,0.658,0,0.42,2,CLT,1,0
5118,202411,43,3528.0,11.5,0.135,0,0.43,2,CLT,0,0
5119,202311,63,3799.0,9.1,0.374,0,0.301,2,CLT,0,0
5120,202404,22,6389.0,3.1,0.224,1,0.163,2,CLT,1,0
5121,202306,60,3323.0,5.7,0.184,0,0.442,2,autonomo,1,1
5122,202409,51,3976.0,0.6,0.33,0,0.142,0,autonomo,0,0
5123,202405,51,5708.0,2.1,0.222,0,0.311,1,CLT,0,1
5124,202412,54,1744.0,1.5,0.526,0,0.144,1,CLT,0,0
5125,202401,26,3157.0,4.9,0.357,1,0.282,1,autonomo,1,0
5126,202308,57,5511.0,0.3,0.333,0,0.166,3,aposentado,1,0
5127,202309,33,3762.0,2.4,0.919,0,0.472,1,CLT,1,0
5128,202402,46,7583.0,1.8,0.533,2,0.31,0,autonomo,0,0
5129,202408,54,1656.0,1.2,0.631,1,0.289,2,CLT,0,0
5130,202312,50,1564.0,5.3,0.432,0,0.122,0,autonomo,0,0
5131,202306,36,5350.0,1.7,0.408,2,0.267,2,servidor,0,0
5132,202306,40,5613.0,8.9,0.448,0,0.14,0,CLT,0,0
5133,202310,44,3306.0,0.8,0.187,0,0.438,1,autonomo,0,1
5134,202303,23,4448.0,0.2,0.264,0,0.504,2,autonomo,0,0
5135,202312,56,5285.0,1.7,0.588,0,0.231,1,CLT,0,0
5136,202301,25,2424.0,0.5,0.774,0,0.24,5,servidor,1,0
5137,202302,43,2557.0,1.0,0.072,2,0.144,1,CLT,0,1
5138,202403,53,4003.0,13.1,0.443,1,0.311,3,servidor,0,0
5139,202411,24,5722.0,0.7,0.306,0,0.085,2,autonomo,0,0
5140,202302,69,2032.0,0.4,0.105,0,0.41,1,CLT,0,0
5141,202302,39,3298.0,2.4,0.27,0,0.214,1,CLT,1,0
5142,202302,21,3222.0,1.1,0.054,0,0.515,2,CLT,0,0
5143,202305,53,4487.0,12.4,0.591,0,0.714,1,aposentado,1,0
5144,202406,48,3625.0,11.8,0.227,1,0.13,2,autonomo,1,0
5145,202311,52,2771.0,11.8,0.172,1,0.303,3,CLT,0,0
5146,202403,57,6797.0,8.5,0.394,0,0.087,1,servidor,1,0
5147,202410,44,2780.0,1.9,0.219,1,0.615,2,autonomo,1,0
5148,202312,61,3146.0,2.1,0.307,1,0.06,2,CLT,0,0
5149,202311,39,1643.0,5.0,0.407,0,0.196,1,autonomo,1,0
5150,202409,47,2548.0,0.9,0.11,0,0.529,1,CLT,1,0
5151,202309,28,4713.0,1.9,0.436,0,0.396,2,autonomo,0,0
5152,202303,51,4274.0,1.1,0.21,0,0.123,1,autonomo,1,1
5153,202303,33,4914.0,4.3,0.457,0,0.577,0,autonomo,0,1
5154,202405,55,4796.0,6.4,0.272,1,0.106,2,aposentado,0,1
5155,202405,60,10341.0,1.7,0.108,0,0.263,0,autonomo,0,0
5156,202306,63,2505.0,0.2,0.081,0,0.538,1,CLT,1,0
5157,202403,66,1620.0,2.2,0.41,1,0.182,3,CLT,0,1
5158,202410,26,2153.0,2.4,0.725,2,0.207,1,CLT,0,1
5159,202406,27,2561.0,26.8,0.206,1,0.184,0,servidor,0,0
5160,202306,66,2237.0,2.5,0.162,0,0.195,2,autonomo,0,0
5161,202310,39,3816.0,0.8,0.505,1,0.251,2,CLT,1,0
5162,202401,22,6811.0,1.4,0.647,0,0.149,1,CLT,1,0
5163,202302,35,7862.0,6.0,0.403,0,0.27,0,CLT,0,0
5164,202405,61,4685.0,4.9,0.185,0,0.113,0,servidor,0,0
5165,202302,38,10622.0,8.1,0.128,0,0.491,3,CLT,0,0
5166,202407,24,3047.0,2.3,0.737,0,0.061,4,aposentado,0,1
5167,202410,56,1610.0,8.5,0.699,0,0.305,0,servidor,1,0
5168,202307,30,6165.0,3.2,0.529,0,0.182,1,aposentado,0,0
5169,202309,38,1452.0,10.1,0.033,0,0.262,0,CLT,1,0
5170,202302,21,2496.0,12.7,0.585,0,0.427,4,CLT,1,1
5171,202312,50,4722.0,22.1,0.553,1,0.374,1,autonomo,1,0
5172,202309,42,3459.0,1.4,0.158,1,0.649,0,autonomo,1,0
5173,202303,63,3309.0,0.4,0.291,0,0.144,1,autonomo,1,0
5174,202306,37,2017.0,0.8,0.48,0,0.303,2,autonomo,0,0
5175,202312,31,3621.0,25.9,0.467,0,0.234,2,CLT,1,0
5176,202312,29,6014.0,2.0,0.378,1,0.161,1,autonomo,1,0
5177,202301,30,3677.0,0.5,0.56,1,0.271,2,CLT,0,0
5178,202311,43,2404.0,2.0,0.06,0,0.296,1,CLT,1,0
5179,202312,25,1951.0,2.8,0.122,0,0.047,0,CLT,0,0
5180,202312,40,2429.0,31.5,0.745,0,0.373,2,CLT,1,0
5181,202312,62,4430.0,3.2,0.339,0,0.453,1,CLT,0,0
5182,202308,58,4323.0,2.9,0.191,0,0.528,1,CLT,0,1
5183,202409,52,2440.0,4.4,0.148,0,0.335,1,CLT,0,0
5184,202409,64,1205.0,1.1,0.438,1,0.31,0,CLT,1,0
5185,202405,59,4492.0,2.0,0.586,0,0.125,0,CLT,0,0
5186,202305,52,2324.0,14.1,0.461,1,0.155,3,CLT,1,1
5187,202303,63,5139.0,5.8,0.236,1,0.113,2,autonomo,1,0
5188,202403,27,2495.0,2.2,0.212,1,0.45,2,CLT,1,0
5189,202412,61,2222.0,7.0,0.106,2,0.201,1,CLT,0,0
5190,202402,35,3931.0,0.5,0.436,0,0.281,0,aposentado,1,0
5191,202308,56,11835.0,8.4,0.171,1,0.262,1,autonomo,1,0
5192,202408,65,5295.0,4.7,0.515,0,0.272,2,autonomo,0,0
5193,202412,45,3898.0,13.1,0.822,1,0.42,1,servidor,1,0
5194,202302,25,4357.0,0.2,0.432,0,0.527,3,autonomo,0,0
5195,202304,39,1517.0,3.0,0.374,1,0.387,2,CLT,1,1
5196,202312,40,2077.0,3.1,0.69,0,0.221,0,CLT,1,0
5197,202311,66,1037.0,21.1,0.636,0,0.432,0,CLT,0,0
5198,202411,67,8647.0,12.7,0.114,0,0.249,3,CLT,1,0
5199,202407,48,7814.0,6.1,0.554,1,0.593,0,CLT,0,0
5200,202310,67,4431.0,3.1,0.327,0,0.193,3,servidor,1,0
5201,202401,42,3895.0,2.9,0.511,0,0.127,0,aposentado,1,0
5202,202406,41,1676.0,5.1,0.537,0,0.393,1,servidor,1,0
5203,202305,61,3263.0,1.6,0.164,0,0.303,0,CLT,0,1
5204,202410,53,8921.0,3.8,0.752,0,0.283,1,CLT,1,0
5205,202302,46,3888.0,6.5,0.476,0,0.295,1,autonomo,0,0
5206,202407,43,2745.0,4.1,0.439,0,0.365,1,aposentado,0,1
5207,202301,55,1512.0,4.1,0.216,0,0.15,2,autonomo,1,0
5208,202306,57,7260.0,2.3,0.358,0,0.33,1,autonomo,1,0
5209,202305,45,3516.0,1.6,0.683,1,0.368,2,CLT,1,0
5210,202302,22,1513.0,1.7,0.391,0,0.336,0,autonomo,0,0
5211,202312,25,2294.0,6.3,0.765,0,0.367,2,aposentado,0,1
5212,202406,28,1922.0,5.0,0.365,2,0.382,3,CLT,1,1
5213,202401,43,3409.0,1.4,0.138,0,0.486,0,autonomo,1,0
5214,202308,51,4039.0,5.5,0.5,1,0.123,1,CLT,0,1
5215,202312,60,2831.0,4.3,0.423,0,0.149,1,autonomo,0,0
5216,202301,32,5370.0,0.1,0.166,1,0.4,1,servidor,0,0
5217,202411,59,3787.0,1.9,0.099,0,0.523,2,CLT,1,0
5218,202310,53,6193.0,2.9,0.128,0,0.292,1,servidor,0,0
5219,202402,23,3045.0,2.2,0.367,1,0.597,1,CLT,1,1
5220,202411,38,16692.0,15.9,0.395,0,0.643,1,CLT,0,0
5221,202402,35,2746.0,2.1,0.46,0,0.464,3,CLT,1,0
5222,202301,64,2318.0,4.4,0.146,0,0.246,2,CLT,0,0
5223,202410,66,2179.0,6.1,0.459,1,0.437,1,autonomo,1,1
5224,202310,61,3276.0,10.5,0.091,1,0.2,2,CLT,0,0
5225,202304,46,1541.0,3.2,0.255,0,0.12,3,CLT,0,0
5226,202401,45,4219.0,0.3,0.457,1,0.448,1,aposentado,1,1
5227,202306,36,1404.0,3.1,0.54,1,0.149,1,CLT,1,0
5228,202401,58,3947.0,9.0,0.113,0,0.036,1,servidor,1,0
5229,202302,25,1853.0,0.3,0.399,1,0.567,1,CLT,0,0
5230,202412,34,3009.0,7.1,0.277,1,0.106,1,CLT,1,0
5231,202303,27,4926.0,3.4,0.226,0,0.073,2,aposentado,0,0
5232,202407,45,11522.0,4.3,0.201,0,0.533,2,CLT,1,0
5233,202412,35,2124.0,0.5,0.466,0,0.457,0,autonomo,1,0
5234,202405,30,3377.0,1.7,0.324,1,0.348,3,autonomo,0,1
5235,202311,39,2535.0,1.1,0.481,0,0.061,2,servidor,1,0
5236,202303,63,2357.0,1.2,0.46,1,0.031,4,servidor,1,0
5237,202404,48,2547.0,9.7,0.506,0,0.102,0,CLT,0,0
5238,202406,61,5497.0,2.2,0.352,0,0.317,2,CLT,1,0
5239,202402,65,2853.0,7.7,0.43,1,0.2,2,CLT,1,0
5240,202410,65,11211.0,15.1,0.489,1,0.393,3,CLT,1,0
5241,202409,38,4483.0,1.8,0.451,2,0.485,1,aposentado,1,0
5242,202402,63,2197.0,3.3,0.541,0,0.102,3,CLT,1,0
5243,202405,65,3031.0,13.2,0.327,0,0.11,0,CLT,0,0
5244,202301,68,2438.0,10.2,0.409,0,0.26,1,servidor,1,0
5245,202401,38,5432.0,2.7,0.026,0,0.301,1,servidor,0,0
5246,202412,32,1605.0,3.8,0.204,0,0.347,0,CLT,0,1
5247,202302,49,1862.0,10.3,0.19,1,0.368,0,servidor,0,0
5248,202305,66,2709.0,5.9,0.489,0,0.322,2,aposentado,1,0
5249,202403,65,5123.0,0.5,0.449,0,0.295,3,CLT,1,0
5250,202302,48,6745.0,19.8,0.61,0,0.4,3,CLT,0,0
5251,202408,28,7261.0,2.5,0.484,1,0.094,1,CLT,1,0
5252,202309,41,4745.0,1.3,0.405,0,0.205,3,aposentado,1,0
5253,202403,55,3493.0,8.9,0.433,0,0.324,1,CLT,1,0
5254,202406,48,5417.0,5.5,0.366,3,0.235,1,CLT,0,1
5255,202305,37,2054.0,5.8,0.228,0,0.073,3,CLT,1,0
5256,202407,37,1448.0,5.3,0.116,0,0.091,3,CLT,0,0
5257,202308,23,4529.0,0.7,0.376,2,0.199,1,autonomo,0,1
5258,202411,35,2202.0,1.2,0.671,0,0.043,0,CLT,0,0
5259,202411,53,3524.0,11.4,0.519,0,0.379,0,CLT,1,1
5260,202402,32,3865.0,17.3,0.438,0,0.02,1,servidor,0,0
5261,202303,69,4122.0,0.5,0.733,0,0.553,2,CLT,1,1
5262,202412,25,5819.0,6.0,0.448,0,0.272,1,aposentado,0,0
5263,202401,49,5519.0,4.4,0.335,1,0.214,0,autonomo,1,0
5264,202309,45,4014.0,0.5,0.594,0,0.086,0,CLT,1,0
5265,202406,61,2919.0,6.0,0.323,0,0.224,1,CLT,1,0
5266,202307,64,3843.0,4.2,0.218,0,0.037,1,aposentado,1,0
5267,202305,47,2702.0,2.2,0.318,0,0.28,1,servidor,0,0
5268,202301,51,3300.0,7.9,0.201,0,0.569,0,CLT,0,0
5269,202411,55,13482.0,14.2,0.501,0,0.465,2,servidor,0,0
5270,202405,46,3988.0,10.5,0.127,0,0.133,0,autonomo,1,0
5271,202401,30,4560.0,20.7,0.502,2,0.417,1,autonomo,0,1
5272,202305,42,2559.0,1.4,0.535,0,0.238,1,CLT,1,1
5273,202406,32,6063.0,5.2,0.479,1,0.216,2,CLT,1,0
5274,202309,43,5325.0,3.3,0.603,1,0.13,1,CLT,1,1
5275,202303,51,5344.0,3.8,0.495,0,0.325,2,CLT,1,1
5276,202411,31,4054.0,0.3,0.143,0,0.157,0,servidor,0,0
5277,202305,33,6106.0,2.7,0.66,1,0.503,2,CLT,0,0
5278,202302,61,6876.0,3.4,0.307,0,0.121,1,CLT,0,0
5279,202311,39,4195.0,3.1,0.646,0,0.171,0,CLT,0,1
5280,202311,30,3438.0,2.7,0.416,2,0.532,1,servidor,1,0
5281,202406,55,5695.0,2.3,0.771,0,0.55,1,autonomo,1,0
5282,202409,56,2317.0,2.1,0.473,0,0.132,1,aposentado,0,0
5283,202302,61,2543.0,1.9,0.363,0,0.201,2,CLT,0,0
5284,202410,58,3545.0,11.8,0.166,0,0.292,2,servidor,1,0
5285,202408,69,1524.0,8.3,0.141,0,0.251,1,CLT,1,0
5286,202402,49,5507.0,4.1,0.703,0,0.14,1,CLT,0,0
5287,202310,35,2250.0,2.9,0.466,1,0.533,1,CLT,0,0
5288,202401,63,2876.0,5.5,0.307,0,0.222,0,autonomo,0,0
5289,202404,33,3273.0,7.4,0.262,1,0.065,2,CLT,0,0
5290,202410,35,3713.0,0.4,0.742,0,0.278,0,autonomo,1,0
5291,202305,61,3066.0,1.5,0.562,1,0.105,3,CLT,1,0
5292,202311,64,3520.0,8.8,0.595,1,0.452,1,CLT,0,1
5293,202410,37,3534.0,4.6,0.15,1,0.437,2,CLT,0,1
5294,202301,56,2912.0,2.2,0.17,0,0.524,2,CLT,1,1
5295,202407,66,2474.0,10.4,0.084,1,0.465,3,autonomo,0,0
5296,202307,60,6253.0,1.9,0.584,0,0.344,0,CLT,0,0
5297,202409,21,1271.0,0.0,0.638,0,0.359,0,aposentado,1,0
5298,202312,53,3285.0,1.4,0.481,0,0.534,1,autonomo,1,1
5299,202403,29,2880.0,11.1,0.266,0,0.075,2,CLT,1,0
5300,202407,62,4489.0,1.8,0.628,0,0.606,1,aposentado,0,0
5301,202407,24,1760.0,3.7,0.177,0,0.567,0,aposentado,0,0
5302,202412,69,2836.0,2.0,0.341,0,0.137,1,CLT,1,0
5303,202410,29,3459.0,5.9,0.583,0,0.237,0,CLT,1,0
5304,202401,41,6217.0,4.7,0.56,0,0.121,1,autonomo,0,0
5305,202409,32,4299.0,0.8,0.278,0,0.375,1,autonomo,0,1
5306,202402,60,2015.0,0.5,0.122,0,0.551,2,aposentado,1,0
5307,202406,40,2853.0,4.4,0.454,1,0.269,1,CLT,0,0
5308,202301,57,5670.0,0.3,0.423,2,0.275,2,autonomo,1,0
5309,202405,24,1997.0,11.4,0.327,0,0.119,3,servidor,0,0
5310,202403,43,3501.0,5.0,0.177,0,0.08,1,autonomo,0,0
5311,202412,65,3624.0,26.7,0.303,0,0.029,3,CLT,1,0
5312,202307,66,3002.0,10.8,0.365,1,0.343,2,servidor,0,0
5313,202401,31,14015.0,5.6,0.407,1,0.151,1,aposentado,0,0
5314,202409,40,2962.0,4.5,0.722,0,0.339,1,CLT,0,0
5315,202309,41,4559.0,15.5,0.47,0,0.134,1,autonomo,1,0
5316,202404,48,2482.0,4.0,0.082,0,0.117,0,autonomo,0,0
5317,202309,47,4740.0,8.2,0.505,0,0.303,0,CLT,1,0
5318,202310,26,5627.0,2.9,0.455,0,0.405,1,CLT,1,0
5319,202308,58,2714.0,4.8,0.115,0,0.253,2,CLT,1,0
5320,202308,32,3543.0,7.3,0.359,0,0.318,0,autonomo,0,0
5321,202312,36,2327.0,7.0,0.202,0,0.586,2,CLT,1,0
5322,202403,62,2055.0,6.8,0.478,1,0.167,3,CLT,0,0
5323,202302,54,6114.0,2.6,0.528,1,0.366,0,autonomo,0,0
5324,202412,40,2760.0,4.5,0.184,0,0.214,0,autonomo,0,1
5325,202411,65,1089.0,4.3,0.705,2,0.101,0,autonomo,0,1
5326,202402,40,8802.0,1.4,0.372,0,0.354,3,servidor,1,0
5327,202308,48,2438.0,16.1,0.33,0,0.219,2,CLT,0,0
5328,202302,33,3219.0,0.6,0.14,1,0.571,1,autonomo,1,1
5329,202308,29,8271.0,3.9,0.217,0,0.224,0,CLT,1,0
5330,202403,45,3392.0,8.7,0.25,1,0.369,1,CLT,1,0
5331,202411,48,3355.0,0.3,0.008,1,0.236,1,autonomo,0,1
5332,202311,60,1970.0,0.9,0.514,0,0.212,0,CLT,0,0
5333,202401,40,1608.0,8.8,0.117,2,0.248,1,aposentado,0,1
5334,202404,64,3350.0,3.4,0.192,0,0.138,1,CLT,0,0
5335,202303,50,4365.0,4.2,0.614,0,0.316,0,CLT,1,0
5336,202402,24,4242.0,5.7,0.564,0,0.328,3,aposentado,1,0
5337,202402,57,2862.0,0.5,0.044,0,0.154,2,CLT,0,0
5338,202304,49,3678.0,8.2,0.547,0,0.254,1,CLT,1,0
5339,202407,40,1453.0,1.3,0.17,0,0.057,5,CLT,1,0
5340,202404,43,4583.0,6.2,0.501,1,0.166,1,CLT,1,0
5341,202304,35,3947.0,7.1,0.201,0,0.178,2,aposentado,1,0
5342,202305,51,9768.0,12.0,0.227,0,0.504,3,CLT,1,0
5343,202310,48,3655.0,0.7,0.355,1,0.102,1,servidor,1,0
5344,202405,42,2273.0,0.8,0.349,0,0.402,2,CLT,1,0
5345,202404,34,3550.0,7.8,0.233,1,0.26,1,CLT,0,0
5346,202410,40,3091.0,4.1,0.468,0,0.63,1,CLT,1,0
5347,202311,45,4525.0,0.6,0.369,0,0.264,0,CLT,0,0
5348,202405,44,3690.0,2.1,0.614,1,0.153,0,CLT,0,0
5349,202306,36,1939.0,14.5,0.567,1,0.192,0,CLT,1,0
5350,202407,49,1607.0,3.8,0.057,0,0.154,2,CLT,1,0
5351,202304,32,4152.0,11.8,0.581,0,0.554,0,CLT,0,0
5352,202402,45,7270.0,6.7,0.026,0,0.517,0,autonomo,1,1
5353,202402,26,3788.0,8.6,0.435,1,0.1,1,CLT,1,0
5354,202406,44,5468.0,1.6,0.729,0,0.13,2,CLT,0,0
5355,202309,59,6041.0,3.9,0.986,0,0.202,1,CLT,0,0
5356,202310,61,4161.0,4.0,0.327,1,0.329,0,CLT,0,0
5357,202406,55,2423.0,7.1,0.281,1,0.359,2,CLT,0,0
5358,202312,57,4014.0,3.8,0.713,1,0.081,1,CLT,1,0
5359,202304,24,6658.0,6.2,0.081,1,0.108,1,CLT,0,0
5360,202406,37,4745.0,10.9,0.423,0,0.225,2,autonomo,1,0
5361,202407,53,5293.0,2.3,0.522,0,0.207,1,CLT,0,0
5362,202310,60,2889.0,2.2,0.661,1,0.449,1,aposentado,1,0
5363,202409,49,3291.0,1.9,0.539,0,0.335,0,autonomo,1,1
5364,202306,62,3431.0,1.8,0.403,1,0.339,0,aposentado,1,0
5365,202403,34,3549.0,2.3,0.446,2,0.352,1,CLT,1,0
5366,202402,28,6529.0,0.8,0.408,0,0.159,0,autonomo,1,0
5367,202402,25,1126.0,1.5,0.475,0,0.108,1,aposentado,1,0
5368,202410,49,3697.0,0.8,0.502,0,0.379,2,servidor,0,0
5369,202309,53,3499.0,6.0,0.233,1,0.693,0,CLT,0,0
5370,202410,34,1834.0,11.4,0.157,0,0.049,3,CLT,0,0
5371,202405,59,5094.0,4.3,0.564,0,0.248,1,CLT,0,1
5372,202306,57,2534.0,12.0,0.4,0,0.396,1,servidor,0,0
5373,202412,38,3046.0,3.8,0.523,0,0.309,3,CLT,1,0
5374,202302,32,9176.0,0.3,0.413,1,0.34,1,servidor,0,0
5375,202412,57,6033.0,1.9,0.41,0,0.289,1,autonomo,1,0
5376,202305,53,4852.0,2.7,0.237,0,0.343,1,CLT,0,0
5377,202312,29,4405.0,2.9,0.244,0,0.259,1,CLT,1,0
5378,202401,33,3353.0,6.6,0.749,0,0.254,1,aposentado,0,1
5379,202404,44,9894.0,3.3,0.545,0,0.379,4,autonomo,0,0
5380,202312,46,5438.0,5.8,0.702,1,0.155,1,autonomo,1,0
5381,202402,29,2503.0,2.6,0.232,2,0.588,2,CLT,0,1
5382,202310,67,1808.0,2.2,0.218,0,0.263,0,autonomo,0,0
5383,202410,40,4834.0,12.2,0.351,0,0.184,1,autonomo,1,0
5384,202303,39,3541.0,15.0,0.274,0,0.149,0,CLT,1,0
5385,202306,23,1782.0,3.5,0.377,1,0.551,1,CLT,0,1
5386,202307,63,4511.0,8.7,0.706,0,0.208,0,autonomo,1,0
5387,202308,32,3183.0,5.0,0.272,0,0.612,1,servidor,1,0
5388,202401,69,4747.0,6.8,0.349,0,0.347,1,CLT,0,1
5389,202303,45,4541.0,0.1,0.549,0,0.476,0,autonomo,0,0
5390,202311,63,2686.0,0.8,0.528,0,0.295,1,CLT,0,0
5391,202303,29,4996.0,0.4,0.729,0,0.618,1,autonomo,0,1
5392,202409,29,2839.0,0.9,0.512,1,0.204,2,aposentado,1,1
5393,202308,60,2932.0,3.2,0.274,0,0.262,0,servidor,0,0
5394,202408,61,2790.0,7.6,0.383,0,0.545,2,aposentado,1,1
5395,202302,47,6409.0,0.3,0.252,0,0.207,2,CLT,0,0
5396,202301,22,3164.0,1.3,0.405,0,0.291,2,autonomo,1,0
5397,202310,67,7232.0,1.8,0.386,2,0.278,3,CLT,0,1
5398,202304,40,8882.0,6.3,0.224,0,0.384,0,CLT,0,0
5399,202401,66,2517.0,0.4,0.308,1,0.144,2,CLT,0,0
5400,202303,63,845.0,0.1,0.18,0,0.455,3,CLT,1,0
5401,202312,62,6138.0,3.4,0.386,0,0.246,1,CLT,0,0
5402,202410,54,3069.0,6.9,0.695,0,0.492,0,autonomo,0,1
5403,202407,53,2361.0,1.5,0.403,0,0.078,2,servidor,1,0
5404,202406,47,2713.0,3.5,0.613,0,0.252,1,CLT,1,0
5405,202406,22,2959.0,2.3,0.643,1,0.198,4,CLT,1,1
5406,202305,40,6965.0,7.5,0.355,1,0.302,1,CLT,0,1
5407,202405,56,3944.0,3.4,0.363,0,0.303,5,aposentado,1,1
5408,202406,60,6917.0,15.5,0.351,2,0.272,2,CLT,1,0
5409,202411,48,4662.0,8.0,0.122,2,0.424,1,servidor,0,0
5410,202312,55,3119.0,9.7,0.227,0,0.419,0,servidor,1,0
5411,202301,22,2995.0,0.6,0.507,0,0.3,0,CLT,0,0
5412,202404,43,4821.0,2.7,0.215,0,0.268,0,autonomo,0,0
5413,202310,45,5487.0,5.1,0.379,0,0.069,1,autonomo,0,0
5414,202302,64,5993.0,16.1,0.46,0,0.563,1,servidor,0,0
5415,202306,36,3195.0,0.2,0.506,1,0.226,0,CLT,1,1
5416,202312,32,3974.0,2.2,0.563,2,0.244,2,CLT,0,1
5417,202309,38,4876.0,3.3,0.374,1,0.324,2,CLT,1,0
5418,202407,29,3005.0,1.3,0.53,0,0.356,1,autonomo,0,1
5419,202403,48,2064.0,1.4,0.179,1,0.403,1,autonomo,0,0
5420,202402,52,2433.0,1.6,0.158,0,0.057,0,CLT,0,0
5421,202410,60,3228.0,10.2,0.278,0,0.607,2,CLT,0,0
5422,202408,68,5070.0,1.0,0.508,0,0.059,2,servidor,1,0
5423,202306,24,6833.0,0.6,0.494,0,0.243,0,CLT,0,0
5424,202311,33,1848.0,0.1,0.289,2,0.25,0,autonomo,1,1
5425,202301,35,2701.0,13.4,0.486,1,0.458,0,servidor,0,0
5426,202407,33,3044.0,1.1,0.477,1,0.829,1,CLT,0,1
5427,202301,61,5417.0,3.5,0.564,0,0.248,0,CLT,1,0
5428,202412,27,2796.0,6.9,0.179,0,0.405,2,CLT,1,0
5429,202410,22,2937.0,4.4,0.167,1,0.458,1,CLT,0,0
5430,202411,63,1797.0,1.9,0.206,1,0.346,3,autonomo,0,0
5431,202304,68,4636.0,0.1,0.166,0,0.263,2,autonomo,0,0
5432,202303,32,3359.0,1.6,0.292,0,0.184,0,autonomo,1,0
5433,202401,37,2625.0,14.2,0.147,0,0.392,0,servidor,1,0
5434,202305,45,3198.0,0.2,0.615,0,0.167,2,CLT,1,1
5435,202407,46,6396.0,5.0,0.352,0,0.239,2,CLT,1,0
5436,202407,69,2203.0,3.3,0.659,0,0.478,0,CLT,1,0
5437,202403,40,2390.0,0.3,0.27,2,0.233,1,CLT,0,1
5438,202305,21,6810.0,3.4,0.701,1,0.248,1,autonomo,1,1
5439,202306,41,3782.0,3.0,0.609,0,0.35,1,CLT,0,1
5440,202406,48,5089.0,1.0,0.14,3,0.141,1,CLT,0,0
5441,202408,46,4451.0,0.7,0.552,1,0.584,2,CLT,0,0
5442,202401,46,3577.0,0.0,0.689,0,0.075,0,autonomo,1,0
5443,202404,66,3059.0,14.1,0.847,0,0.141,3,CLT,1,1
5444,202311,60,5518.0,2.1,0.172,0,0.656,1,CLT,1,0
5445,202303,33,6510.0,11.7,0.166,0,0.149,3,aposentado,0,0
5446,202305,38,6261.0,4.4,0.42,0,0.448,0,autonomo,1,0
5447,202412,53,2013.0,6.6,0.541,0,0.258,3,CLT,0,1
5448,202412,41,6992.0,9.7,0.565,1,0.111,0,servidor,0,0
5449,202309,41,3044.0,0.7,0.113,0,0.206,0,autonomo,1,0
5450,202403,29,2496.0,2.6,0.134,3,0.382,2,servidor,0,0
5451,202304,33,3345.0,1.4,0.181,0,0.282,0,autonomo,0,0
5452,202307,57,5517.0,4.4,0.076,0,0.369,4,CLT,0,0
5453,202404,62,4771.0,0.1,0.078,1,0.446,2,aposentado,1,0
5454,202409,59,3204.0,3.3,0.263,0,0.425,3,CLT,0,0
5455,202404,36,5535.0,2.1,0.441,0,0.268,3,servidor,0,1
5456,202409,27,3905.0,1.4,0.357,1,0.42,1,aposentado,1,1
5457,202306,28,2734.0,3.3,0.266,0,0.357,2,autonomo,1,1
5458,202305,40,2555.0,3.3,0.074,2,0.11,1,autonomo,1,0
5459,202311,46,4470.0,2.4,0.624,2,0.335,2,aposentado,1,1
5460,202411,64,3494.0,3.7,0.64,0,0.294,0,autonomo,1,0
5461,202409,65,1830.0,0.6,0.209,0,0.291,3,CLT,0,0
5462,202407,21,5561.0,7.2,0.62,1,0.418,2,CLT,0,0
5463,202310,55,2864.0,7.7,0.715,1,0.346,1,CLT,0,1
5464,202305,35,8071.0,11.0,0.554,0,0.516,0,CLT,1,0
5465,202312,30,1805.0,4.6,0.417,1,0.411,2,CLT,1,0
5466,202312,48,3326.0,1.6,0.493,0,0.404,2,autonomo,1,0
5467,202402,22,2566.0,14.4,0.17,1,0.153,1,CLT,1,0
5468,202302,37,2236.0,3.5,0.234,0,0.131,0,CLT,0,0
5469,202307,48,2854.0,2.8,0.223,2,0.379,1,autonomo,0,0
5470,202303,34,8824.0,1.1,0.772,0,0.332,1,autonomo,1,0
5471,202304,50,3912.0,4.2,0.211,0,0.272,0,CLT,1,0
5472,202404,43,2451.0,14.4,0.839,0,0.241,2,CLT,1,0
5473,202407,60,1459.0,3.4,0.714,0,0.192,3,autonomo,0,0
5474,202401,29,1540.0,12.3,0.621,0,0.297,2,autonomo,1,0
5475,202312,23,2784.0,8.9,0.7,1,0.16,2,aposentado,1,0
5476,202401,46,2652.0,16.8,0.503,1,0.579,2,CLT,1,0
5477,202403,33,3255.0,8.5,0.222,0,0.307,2,CLT,1,0
5478,202308,55,1169.0,2.0,0.1,0,0.197,1,CLT,1,0
5479,202304,25,3478.0,9.1,0.266,0,0.435,0,autonomo,1,0
5480,202311,49,6087.0,1.1,0.148,0,0.415,0,CLT,1,0
5481,202302,69,8196.0,0.3,0.702,0,0.112,1,CLT,1,0
5482,202306,25,1412.0,3.9,0.313,0,0.72,1,servidor,0,0
5483,202405,35,2439.0,6.5,0.264,1,0.368,1,autonomo,1,0
5484,202411,62,2375.0,12.6,0.277,0,0.319,1,autonomo,0,0
5485,202309,47,3916.0,0.3,0.681,0,0.517,1,autonomo,0,0
5486,202411,29,1979.0,2.7,0.049,1,0.305,4,autonomo,1,0
5487,202310,31,8443.0,5.1,0.467,0,0.14,0,CLT,0,0
5488,202301,58,3721.0,1.6,0.512,3,0.247,0,CLT,0,0
5489,202309,63,3424.0,7.3,0.132,1,0.104,1,autonomo,1,0
5490,202309,38,8074.0,0.8,0.34,1,0.057,1,CLT,0,0
5491,202311,44,3612.0,10.8,0.173,0,0.226,3,CLT,1,0
5492,202305,59,4448.0,8.2,0.33,0,0.021,1,autonomo,0,0
5493,202305,29,2501.0,2.1,0.631,0,0.266,2,CLT,0,1
5494,202412,31,1835.0,3.4,0.314,0,0.12,1,servidor,1,0
5495,202403,58,2683.0,0.8,0.391,0,0.084,1,CLT,0,0
5496,202410,30,10867.0,12.3,0.052,2,0.091,1,autonomo,1,0
5497,202310,58,4997.0,3.2,0.13,0,0.245,2,servidor,0,0
5498,202410,45,4177.0,2.3,0.289,1,0.428,0,servidor,1,0
5499,202309,69,2235.0,9.8,0.097,0,0.181,1,autonomo,1,0
5500,202412,22,5742.0,2.6,0.359,0,0.161,4,CLT,1,0
5501,202402,67,1847.0,0.4,0.307,0,0.182,0,CLT,0,0
5502,202404,32,1663.0,4.8,0.822,0,0.538,0,servidor,1,1
5503,202305,22,2753.0,1.4,0.152,1,0.299,2,CLT,0,0
5504,202407,56,9674.0,4.7,0.34,1,0.436,1,CLT,1,0
5505,202302,47,9405.0,3.4,0.016,1,0.143,0,CLT,0,0
5506,202309,62,2906.0,0.4,0.243,0,0.482,1,autonomo,0,0
5507,202412,26,2599.0,10.5,0.639,0,0.137,1,aposentado,0,0
5508,202410,24,1603.0,4.4,0.293,2,0.441,2,servidor,0,1
5509,202402,48,3786.0,7.0,0.471,0,0.149,0,servidor,1,0
5510,202401,64,3948.0,22.4,0.392,0,0.401,0,CLT,0,0
5511,202410,40,5403.0,3.9,0.195,1,0.155,0,autonomo,1,0
5512,202312,60,5741.0,0.6,0.286,0,0.475,1,CLT,0,1
5513,202304,65,3299.0,11.4,0.202,0,0.379,0,CLT,1,0
5514,202401,63,4808.0,11.9,0.19,0,0.093,1,CLT,1,0
5515,202301,45,2565.0,1.3,0.123,0,0.183,5,servidor,0,0
5516,202312,55,4762.0,2.5,0.518,0,0.365,3,CLT,0,0
5517,202310,46,2825.0,1.7,0.71,0,0.238,0,CLT,1,0
5518,202405,54,4581.0,1.3,0.679,0,0.303,4,CLT,1,0
5519,202305,48,4400.0,10.3,0.156,1,0.245,1,CLT,1,1
5520,202307,46,3768.0,1.0,0.524,0,0.261,0,autonomo,0,0
5521,202401,42,5417.0,3.9,0.515,0,0.208,0,CLT,1,0
5522,202408,52,1660.0,1.7,0.506,1,0.012,1,CLT,1,0
5523,202411,57,2138.0,3.3,0.495,1,0.161,1,CLT,1,0
5524,202409,66,3181.0,15.9,0.394,0,0.555,1,CLT,0,0
5525,202405,51,1769.0,4.8,0.4,1,0.281,0,aposentado,1,0
5526,202309,25,2971.0,2.9,0.412,0,0.024,0,aposentado,0,0
5527,202412,49,3019.0,1.7,0.215,0,0.361,2,servidor,0,0
5528,202411,36,7008.0,5.8,0.192,0,0.696,1,CLT,0,1
5529,202311,22,3910.0,6.1,0.704,1,0.271,1,CLT,0,0
5530,202405,24,6092.0,6.9,0.359,0,0.624,2,servidor,1,1
5531,202304,49,4234.0,2.1,0.625,0,0.185,1,CLT,0,0
5532,202412,67,2785.0,1.4,0.22,2,0.575,1,aposentado,1,1
5533,202401,45,3893.0,1.7,0.706,0,0.327,2,autonomo,1,0
5534,202303,42,5243.0,4.5,0.67,0,0.295,1,servidor,1,0
5535,202303,25,6612.0,6.0,0.481,2,0.321,0,servidor,1,0
5536,202412,54,3408.0,5.7,0.337,1,0.474,2,autonomo,1,0
5537,202405,23,1598.0,3.7,0.735,0,0.199,1,CLT,0,0
5538,202405,62,1542.0,17.0,0.562,0,0.327,1,servidor,0,0
5539,202306,61,3093.0,2.2,0.129,1,0.523,1,servidor,0,0
5540,202303,69,1131.0,13.0,0.319,0,0.588,1,CLT,1,0
5541,202408,34,8933.0,2.8,0.272,1,0.152,1,servidor,0,0
5542,202402,28,4907.0,3.6,0.317,0,0.432,0,CLT,1,0
5543,202312,35,2650.0,32.8,0.299,1,0.508,1,CLT,1,0
5544,202411,60,2091.0,5.0,0.284,0,0.594,0,CLT,1,0
5545,202407,31,6088.0,11.2,0.333,0,0.321,3,autonomo,1,0
5546,202402,64,2086.0,8.1,0.186,1,0.369,0,autonomo,1,0
5547,202301,28,2188.0,4.0,0.383,0,0.438,0,CLT,0,0
5548,202403,23,2483.0,3.0,0.288,1,0.16,0,CLT,1,0
5549,202310,31,3855.0,5.8,0.696,0,0.422,0,CLT,1,0
5550,202301,57,4966.0,5.7,0.513,0,0.456,2,CLT,0,0
5551,202411,50,6610.0,9.8,0.476,0,0.202,1,CLT,1,0
5552,202309,38,6139.0,6.8,0.721,0,0.574,1,CLT,0,1
5553,202407,53,3642.0,3.3,0.299,0,0.413,2,aposentado,0,0
5554,202312,52,6065.0,6.8,0.571,0,0.209,1,autonomo,1,0
5555,202307,48,2603.0,2.7,0.218,0,0.419,2,CLT,0,1
5556,202403,46,1465.0,0.8,0.086,0,0.187,1,CLT,1,1
5557,202304,25,2603.0,5.4,0.264,1,0.497,1,servidor,1,0
5558,202411,33,2433.0,0.9,0.46,0,0.251,3,CLT,0,0
5559,202311,46,2654.0,0.5,0.198,0,0.462,0,CLT,1,0
5560,202412,27,2254.0,4.6,0.196,0,0.23,3,CLT,1,1
5561,202309,44,2891.0,5.4,0.684,0,0.318,1,aposentado,0,0
5562,202409,26,4964.0,1.0,0.138,0,0.313,2,autonomo,1,1
5563,202410,59,8584.0,5.4,0.35,0,0.545,0,aposentado,1,0
5564,202304,26,1537.0,5.8,0.67,0,0.163,3,autonomo,0,0
5565,202404,25,1912.0,2.3,0.353,0,0.065,0,autonomo,1,0
5566,202303,52,2451.0,8.1,0.413,0,0.315,1,autonomo,1,0
5567,202310,31,5339.0,0.4,0.491,1,0.016,2,CLT,0,1
5568,202404,38,3286.0,5.6,0.143,0,0.131,1,CLT,1,0
5569,202307,36,2535.0,0.4,0.161,0,0.334,2,CLT,0,0
5570,202308,31,5210.0,0.7,0.163,0,0.238,1,CLT,1,0
5571,202310,58,5873.0,1.5,0.48,0,0.421,1,autonomo,0,0
5572,202408,54,3607.0,9.1,0.283,0,0.157,3,autonomo,0,0
5573,202411,32,2421.0,0.5,0.348,0,0.1,0,autonomo,0,0
5574,202312,54,4168.0,5.9,0.628,0,0.167,1,CLT,1,0
5575,202409,55,3240.0,4.1,0.71,0,0.262,0,CLT,1,0
5576,202306,47,3228.0,0.2,0.389,1,0.538,0,CLT,1,0
5577,202406,49,2818.0,1.5,0.354,0,0.126,1,CLT,0,1
5578,202401,66,5782.0,8.7,0.407,0,0.478,1,autonomo,0,1
5579,202311,43,4125.0,2.2,0.489,0,0.012,0,aposentado,0,0
5580,202312,39,6111.0,8.1,0.327,1,0.191,1,aposentado,1,0
5581,202406,47,7102.0,1.1,0.616,1,0.311,3,autonomo,1,1
5582,202412,61,4580.0,6.2,0.149,2,0.134,2,CLT,1,0
5583,202411,55,2826.0,1.6,0.141,1,0.462,3,autonomo,0,0
5584,202312,24,6125.0,1.0,0.19,1,0.551,0,autonomo,1,1
5585,202302,43,4595.0,2.5,0.229,0,0.175,0,aposentado,1,0
5586,202402,57,13382.0,4.4,0.482,0,0.109,1,CLT,1,0
5587,202405,31,4252.0,0.4,0.604,1,0.238,0,autonomo,0,1
5588,202302,69,5161.0,1.8,0.493,1,0.062,4,CLT,1,0
5589,202411,60,4210.0,1.7,0.193,0,0.295,0,CLT,1,0
5590,202406,62,3465.0,1.3,0.653,0,0.627,0,servidor,1,1
5591,202408,25,3199.0,2.7,0.374,1,0.291,0,servidor,0,0
5592,202403,49,4218.0,0.3,0.677,1,0.139,0,aposentado,0,1
5593,202308,46,4725.0,10.8,0.265,0,0.253,1,aposentado,1,0
5594,202307,51,6485.0,5.8,0.249,0,0.377,1,CLT,1,0
5595,202304,62,4249.0,0.3,0.519,0,0.283,2,CLT,1,1
5596,202412,38,2889.0,0.8,0.136,0,0.67,0,CLT,1,0
5597,202307,47,3092.0,1.6,0.444,2,0.035,1,aposentado,1,0
5598,202404,54,1879.0,2.1,0.47,0,0.309,0,CLT,0,0
5599,202404,57,8355.0,24.6,0.426,0,0.389,1,CLT,0,0
5600,202309,58,2778.0,5.7,0.365,0,0.501,0,autonomo,1,0
5601,202308,37,5906.0,0.7,0.233,0,0.427,1,CLT,1,0
5602,202309,69,4181.0,2.2,0.256,0,0.228,2,autonomo,0,0
5603,202309,21,4238.0,2.3,0.536,1,0.093,2,autonomo,1,0
5604,202403,45,3433.0,7.9,0.225,0,0.242,1,CLT,0,0
5605,202306,50,2456.0,2.4,0.607,1,0.092,1,CLT,0,0
5606,202302,24,2243.0,3.4,0.499,0,0.34,0,CLT,1,0
5607,202302,43,8641.0,10.5,0.242,1,0.134,0,autonomo,0,0
5608,202412,50,3854.0,1.7,0.244,0,0.779,1,aposentado,0,0
5609,202411,50,6391.0,9.1,0.301,1,0.135,1,CLT,1,0
5610,202401,26,7277.0,2.8,0.154,1,0.408,0,servidor,0,0
5611,202306,34,2965.0,1.5,0.348,0,0.209,2,CLT,0,0
5612,202311,32,4500.0,3.0,0.684,1,0.141,1,servidor,0,0
5613,202401,52,3724.0,4.5,0.668,1,0.64,1,CLT,1,1
5614,202307,37,2041.0,4.3,0.04,0,0.06,0,CLT,0,0
5615,202309,49,3318.0,3.3,0.101,0,0.333,0,autonomo,1,0
5616,202308,56,4884.0,0.8,0.485,1,0.287,2,autonomo,0,0
5617,202408,60,2837.0,12.1,0.59,0,0.399,1,autonomo,1,0
5618,202308,30,3095.0,1.9,0.337,3,0.22,1,CLT,1,0
5619,202303,65,3339.0,4.9,0.365,0,0.198,1,CLT,1,0
5620,202411,29,10465.0,4.2,0.109,0,0.245,2,CLT,0,0
5621,202409,22,1455.0,1.9,0.687,0,0.26,1,servidor,1,0
5622,202308,23,4679.0,11.1,0.531,0,0.409,3,CLT,0,0
5623,202409,30,3208.0,0.5,0.875,0,0.172,5,aposentado,0,0
5624,202406,63,2643.0,2.8,0.444,0,0.159,0,CLT,1,0
5625,202407,31,3169.0,10.8,0.262,0,0.55,0,servidor,0,0
5626,202401,54,5083.0,0.2,0.251,1,0.339,3,autonomo,1,1
5627,202401,41,5230.0,10.4,0.182,2,0.564,2,servidor,1,0
5628,202304,22,3996.0,2.5,0.689,0,0.271,1,autonomo,0,0
5629,202306,42,6288.0,3.2,0.355,0,0.374,1,CLT,0,0
5630,202312,22,6867.0,3.7,0.206,0,0.66,1,CLT,1,1
5631,202406,44,5476.0,0.3,0.506,1,0.541,3,autonomo,0,1
5632,202302,48,2771.0,2.1,0.314,1,0.196,0,servidor,0,0
5633,202401,46,4662.0,1.1,0.402,0,0.114,1,aposentado,1,0
5634,202402,34,4673.0,11.3,0.345,2,0.591,1,servidor,1,1
5635,202310,58,2422.0,5.4,0.175,0,0.53,0,autonomo,0,0
5636,202405,50,1661.0,1.9,0.143,0,0.215,0,CLT,1,0
5637,202312,33,1324.0,2.0,0.151,1,0.156,1,CLT,1,1
5638,202309,42,3770.0,0.5,0.142,0,0.418,1,autonomo,1,0
5639,202409,26,4226.0,0.8,0.208,0,0.202,0,servidor,0,0
5640,202309,66,2016.0,8.9,0.755,0,0.413,2,CLT,1,0
5641,202408,57,6143.0,0.1,0.509,0,0.058,3,CLT,1,0
5642,202302,35,3929.0,2.0,0.41,0,0.222,1,autonomo,1,0
5643,202308,54,7149.0,10.7,0.583,0,0.11,0,autonomo,0,0
5644,202308,54,4382.0,8.7,0.211,1,0.541,3,CLT,0,0
5645,202405,50,2136.0,3.2,0.223,2,0.238,1,autonomo,0,0
5646,202308,23,4579.0,13.5,0.274,0,0.166,2,CLT,0,1
5647,202403,64,5090.0,12.4,0.224,0,0.376,4,aposentado,1,0
5648,202307,67,2769.0,10.2,0.223,1,0.276,0,servidor,0,0
5649,202303,68,1770.0,3.1,0.669,2,0.202,1,CLT,0,0
5650,202403,69,3828.0,0.1,0.441,1,0.17,1,autonomo,1,0
5651,202308,66,2207.0,9.2,0.395,1,0.231,1,CLT,0,0
5652,202305,57,6377.0,0.9,0.458,1,0.367,3,servidor,1,0
5653,202302,23,2970.0,1.2,0.249,2,0.266,0,servidor,0,0
5654,202409,43,8624.0,5.0,0.37,0,0.205,1,CLT,0,0
5655,202304,33,1259.0,4.4,0.122,0,0.041,1,CLT,0,0
5656,202306,31,3895.0,11.5,0.34,0,0.248,0,CLT,0,0
5657,202301,61,7441.0,2.0,0.51,0,0.403,1,servidor,1,0
5658,202312,60,2333.0,15.9,0.585,0,0.15,2,autonomo,1,1
5659,202305,46,3362.0,0.9,0.389,0,0.288,0,aposentado,0,0
5660,202411,57,2976.0,2.4,0.38,0,0.03,3,CLT,0,0
5661,202311,27,2587.0,1.1,0.546,0,0.256,2,aposentado,0,0
5662,202408,31,4115.0,10.6,0.445,0,0.204,1,CLT,0,0
5663,202410,63,1905.0,3.4,0.235,2,0.677,0,CLT,0,1
5664,202401,43,3444.0,2.4,0.142,0,0.299,0,CLT,1,0
5665,202301,47,4713.0,11.9,0.29,1,0.048,2,servidor,1,0
5666,202312,43,3270.0,1.0,0.346,0,0.334,1,CLT,0,0
5667,202404,30,2208.0,1.1,0.278,1,0.179,0,autonomo,0,0
5668,202302,61,6094.0,2.2,0.592,1,0.698,2,autonomo,0,1
5669,202310,58,5246.0,5.4,0.266,1,0.181,2,aposentado,0,0
5670,202411,54,2163.0,0.1,0.264,0,0.256,1,CLT,0,0
5671,202304,38,1906.0,0.9,0.628,0,0.617,1,CLT,0,0
5672,202303,52,2262.0,8.3,0.445,0,0.11,0,aposentado,1,0
5673,202308,67,4782.0,4.3,0.138,0,0.248,0,CLT,1,0
5674,202405,52,4179.0,1.1,0.167,1,0.487,0,CLT,1,0
5675,202306,45,5405.0,6.3,0.624,1,0.284,0,CLT,0,0
5676,202406,34,3093.0,0.6,0.193,0,0.199,2,aposentado,0,0
5677,202411,46,2293.0,5.8,0.486,0,0.343,2,CLT,0,0
5678,202410,39,5764.0,2.2,0.55,2,0.113,2,CLT,0,1
5679,202403,50,2761.0,12.3,0.797,1,0.139,1,CLT,0,0
5680,202302,23,3997.0,1.4,0.291,0,0.13,2,aposentado,0,0
5681,202309,30,1677.0,2.3,0.896,1,0.446,1,autonomo,1,1
5682,202412,59,2738.0,2.5,0.596,0,0.206,1,aposentado,0,0
5683,202308,39,6031.0,0.6,0.262,1,0.197,0,servidor,0,0
5684,202306,42,2545.0,1.1,0.161,0,0.458,3,aposentado,0,1
5685,202307,47,5471.0,2.6,0.366,0,0.223,0,CLT,0,1
5686,202303,42,1135.0,1.2,0.634,1,0.162,2,servidor,0,0
5687,202407,58,2753.0,2.0,0.403,0,0.328,1,servidor,0,0
5688,202302,33,3342.0,12.7,0.736,1,0.422,1,autonomo,0,1
5689,202402,58,8702.0,3.4,0.087,1,0.307,2,CLT,1,1
5690,202306,31,2029.0,2.4,0.2,0,0.099,2,servidor,0,0
5691,202406,39,5092.0,2.7,0.494,0,0.241,1,CLT,1,0
5692,202305,49,6176.0,0.2,0.297,1,0.143,2,CLT,0,0
5693,202311,64,2538.0,5.3,0.371,1,0.228,1,servidor,1,0
5694,202312,32,3021.0,1.1,0.464,1,0.223,2,CLT,1,0
5695,202309,49,3908.0,20.1,0.234,0,0.362,2,aposentado,1,0
5696,202312,24,1736.0,0.1,0.74,1,0.305,0,autonomo,0,1
5697,202304,24,2900.0,7.7,0.077,0,0.635,1,CLT,0,0
5698,202305,58,6892.0,12.9,0.504,0,0.612,0,autonomo,1,0
5699,202409,56,4728.0,0.3,0.334,1,0.52,2,autonomo,0,1
5700,202303,39,3366.0,14.0,0.837,1,0.193,1,autonomo,1,0
5701,202304,51,3853.0,1.1,0.221,0,0.159,1,servidor,1,0
5702,202404,39,4868.0,1.8,0.252,0,0.597,1,CLT,1,0
5703,202311,34,5357.0,10.2,0.112,0,0.695,2,CLT,1,0
5704,202310,42,2757.0,1.4,0.29,0,0.235,0,servidor,1,0
5705,202402,36,7843.0,10.3,0.356,0,0.275,0,CLT,0,0
5706,202303,60,7032.0,0.9,0.511,0,0.11,1,CLT,0,0
5707,202304,41,5108.0,5.5,0.536,1,0.33,2,autonomo,0,0
5708,202412,36,2389.0,3.7,0.32,0,0.08,2,CLT,1,0
5709,202408,47,2186.0,11.7,0.511,1,0.393,3,CLT,1,1
5710,202406,58,3092.0,3.9,0.522,0,0.392,0,autonomo,0,1
5711,202306,34,3753.0,9.1,0.432,0,0.148,0,CLT,1,0
5712,202305,67,1504.0,1.0,0.013,1,0.184,1,CLT,0,0
5713,202407,43,4663.0,1.1,0.523,0,0.308,0,CLT,1,0
5714,202304,53,6931.0,4.0,0.335,0,0.244,0,CLT,0,0
5715,202306,67,4857.0,31.1,0.254,0,0.585,1,autonomo,0,0
5716,202303,42,2597.0,2.0,0.413,0,0.53,0,autonomo,0,0
5717,202303,30,2447.0,5.6,0.494,1,0.213,2,aposentado,1,0
5718,202404,57,4230.0,0.3,0.248,0,0.505,0,CLT,1,0
5719,202304,21,3372.0,0.0,0.239,0,0.16,3,aposentado,1,0
5720,202402,43,4544.0,14.2,0.581,0,0.353,2,CLT,1,0
5721,202407,69,4919.0,0.7,0.561,0,0.396,2,CLT,1,0
5722,202409,41,6285.0,11.9,0.544,0,0.474,3,CLT,1,1
5723,202403,54,2067.0,7.3,0.541,0,0.32,3,aposentado,0,0
5724,202311,46,4068.0,2.6,0.695,1,0.647,1,CLT,0,0
5725,202302,31,3036.0,12.9,0.245,2,0.214,2,CLT,1,0
5726,202310,36,3466.0,9.3,0.584,0,0.239,2,CLT,0,0
5727,202409,46,5609.0,0.2,0.554,1,0.243,0,servidor,0,0
5728,202307,26,5923.0,2.3,0.451,1,0.122,1,CLT,0,1
5729,202303,41,7326.0,1.9,0.449,1,0.303,0,CLT,0,0
5730,202312,41,4504.0,1.0,0.362,0,0.199,2,CLT,0,0
5731,202310,61,3446.0,0.3,0.143,1,0.127,0,CLT,0,0
5732,202405,27,3209.0,7.1,0.072,2,0.226,0,servidor,1,0
5733,202312,62,1529.0,9.5,0.085,2,0.465,1,autonomo,0,0
5734,202404,41,7114.0,1.0,0.551,1,0.194,2,CLT,1,0
5735,202403,52,3100.0,2.6,0.25,0,0.06,1,autonomo,1,0
5736,202404,48,4689.0,13.5,0.443,0,0.392,4,CLT,0,0
5737,202404,35,5113.0,4.5,0.463,1,0.149,0,aposentado,1,0
5738,202401,66,1953.0,0.8,0.326,0,0.194,3,CLT,1,0
5739,202405,31,2295.0,5.4,0.21,1,0.375,4,servidor,0,1
5740,202307,22,7891.0,0.6,0.291,0,0.095,1,CLT,1,1
5741,202303,57,4210.0,5.0,0.691,1,0.147,3,autonomo,1,0
5742,202311,51,2724.0,1.3,0.073,1,0.119,0,CLT,1,0
5743,202401,64,3418.0,0.5,0.18,0,0.094,1,CLT,0,0
5744,202411,43,6267.0,3.3,0.281,0,0.155,1,servidor,1,0
5745,202401,21,5809.0,4.4,0.432,1,0.061,1,servidor,0,0
5746,202404,21,1749.0,0.5,0.172,2,0.081,0,servidor,1,1
5747,202307,42,8243.0,3.4,0.64,2,0.254,1,autonomo,0,0
5748,202404,33,5902.0,2.7,0.405,0,0.462,1,autonomo,1,0
5749,202407,66,3374.0,2.1,0.266,0,0.244,2,CLT,1,1
5750,202312,26,2006.0,8.3,0.313,0,0.339,2,CLT,0,0
5751,202402,64,6167.0,3.3,0.729,0,0.597,0,CLT,1,1
5752,202405,31,4620.0,2.2,0.68,0,0.452,1,CLT,1,0
5753,202401,26,1757.0,0.5,0.48,2,0.089,2,CLT,1,0
5754,202311,34,3242.0,0.2,0.125,1,0.318,1,CLT,0,1
5755,202407,28,17380.0,6.5,0.372,1,0.456,2,CLT,1,1
5756,202407,40,3671.0,2.0,0.327,0,0.098,2,CLT,1,0
5757,202409,37,2512.0,8.3,0.34,1,0.258,0,aposentado,1,1
5758,202303,46,2199.0,0.1,0.305,0,0.262,3,CLT,1,0
5759,202407,47,8831.0,13.9,0.34,0,0.169,1,autonomo,0,0
5760,202411,21,5563.0,2.9,0.561,0,0.222,2,autonomo,0,1
5761,202303,27,7359.0,2.4,0.365,0,0.468,0,servidor,0,0
5762,202403,28,4122.0,5.2,0.167,1,0.151,0,CLT,0,0
5763,202304,30,6816.0,3.0,0.728,1,0.164,0,autonomo,0,1
5764,202301,25,2382.0,41.9,0.195,0,0.23,0,aposentado,0,0
5765,202411,36,3949.0,3.4,0.266,0,0.114,2,autonomo,1,0
5766,202302,47,4203.0,6.8,0.359,1,0.138,1,CLT,1,0
5767,202309,36,7268.0,2.1,0.292,0,0.224,1,CLT,1,0
5768,202405,37,4270.0,6.5,0.358,0,0.182,2,servidor,0,0
5769,202307,44,2663.0,6.2,0.187,0,0.232,1,CLT,0,0
5770,202303,47,3759.0,7.1,0.151,0,0.122,0,CLT,1,0
5771,202301,37,1575.0,3.6,0.079,0,0.207,1,CLT,1,0
5772,202308,31,1141.0,1.8,0.129,0,0.125,0,autonomo,1,0
5773,202406,41,5517.0,0.5,0.192,1,0.102,2,CLT,0,0
5774,202302,22,3019.0,12.9,0.298,0,0.445,1,CLT,1,0
5775,202406,45,3195.0,2.1,0.101,0,0.244,1,autonomo,0,0
5776,202406,67,5516.0,1.1,0.602,1,0.519,3,aposentado,0,0
5777,202410,40,7321.0,0.7,0.485,0,0.325,0,CLT,0,0
5778,202407,26,4756.0,2.1,0.124,1,0.509,1,CLT,1,0
5779,202408,55,9548.0,0.6,0.365,1,0.22,2,aposentado,1,0
5780,202303,27,4681.0,0.8,0.381,1,0.416,1,servidor,0,0
5781,202312,30,4235.0,5.0,0.374,1,0.351,2,CLT,1,0
5782,202401,28,4106.0,1.4,0.225,0,0.046,1,CLT,1,0
5783,202410,64,1915.0,20.7,0.697,0,0.365,3,CLT,0,0
5784,202312,69,5872.0,4.9,0.436,1,0.115,2,autonomo,0,0
5785,202306,48,1072.0,5.5,0.108,0,0.379,1,CLT,0,0
5786,202406,51,2716.0,1.8,0.271,1,0.568,4,autonomo,1,1
5787,202403,52,3683.0,1.2,0.847,0,0.414,1,CLT,0,0
5788,202309,50,2453.0,4.7,0.587,0,0.102,1,servidor,1,0
5789,202303,47,2905.0,9.8,0.503,0,0.165,1,aposentado,0,0
5790,202410,69,9133.0,7.0,0.016,0,0.325,2,CLT,0,0
5791,202304,56,6323.0,2.6,0.643,0,0.284,0,CLT,1,0
5792,202405,25,2584.0,2.9,0.121,0,0.179,1,servidor,0,0
5793,202304,40,2879.0,0.5,0.26,0,0.097,2,autonomo,1,0
5794,202401,68,1923.0,6.7,0.695,0,0.451,0,CLT,0,0
5795,202410,40,5180.0,3.6,0.576,0,0.571,1,CLT,0,0
5796,202308,30,3214.0,9.6,0.246,0,0.281,2,autonomo,1,0
5797,202411,63,1362.0,1.4,0.248,0,0.351,0,CLT,0,0
5798,202410,51,3829.0,5.2,0.245,0,0.299,1,CLT,0,0
5799,202406,48,4535.0,14.9,0.518,0,0.173,1,servidor,0,0
5800,202309,41,5893.0,0.1,0.474,2,0.18,1,CLT,0,0
5801,202403,27,3510.0,3.2,0.089,0,0.456,0,autonomo,0,0
5802,202403,39,3022.0,0.7,0.581,0,0.472,2,CLT,1,0
5803,202410,42,9829.0,7.8,0.448,0,0.345,0,autonomo,1,0
5804,202405,66,3653.0,1.0,0.779,1,0.528,1,servidor,0,1
5805,202401,36,5218.0,6.1,0.297,2,0.376,0,CLT,0,0
5806,202311,28,2780.0,6.1,0.487,0,0.31,2,autonomo,1,0
5807,202410,41,5141.0,8.0,0.682,2,0.164,4,CLT,0,0
5808,202406,69,1758.0,3.7,0.302,0,0.274,1,autonomo,1,0
5809,202407,44,2890.0,0.1,0.616,0,0.106,1,CLT,0,0
5810,202304,39,1990.0,0.1,0.549,0,0.135,2,CLT,1,0
5811,202403,53,2691.0,10.7,0.431,0,0.036,1,CLT,1,0
5812,202412,52,6804.0,11.5,0.488,0,0.45,0,aposentado,0,0
5813,202412,35,2681.0,9.7,0.425,0,0.071,1,CLT,0,0
5814,202311,68,5214.0,4.4,0.22,0,0.172,1,autonomo,1,1
5815,202408,50,7775.0,8.5,0.263,0,0.686,1,aposentado,1,0
5816,202405,23,3591.0,1.0,0.52,0,0.292,1,CLT,0,1
5817,202408,40,5984.0,1.3,0.345,0,0.17,1,autonomo,0,1
5818,202405,66,4748.0,2.1,0.096,0,0.296,2,CLT,1,0
5819,202302,40,3859.0,6.7,0.265,0,0.535,0,servidor,0,0
5820,202312,48,5298.0,3.6,0.148,0,0.084,2,CLT,0,1
5821,202406,51,9136.0,7.5,0.533,0,0.212,2,autonomo,1,0
5822,202308,55,2647.0,2.4,0.051,0,0.146,1,aposentado,0,0
5823,202403,63,2254.0,7.4,0.262,1,0.358,4,CLT,0,0
5824,202306,28,2189.0,6.0,0.521,1,0.298,0,CLT,1,0
5825,202405,46,5986.0,11.1,0.381,0,0.197,3,autonomo,1,0
5826,202310,47,6404.0,2.3,0.665,0,0.535,2,CLT,1,1
5827,202301,28,2784.0,5.6,0.343,1,0.115,3,servidor,1,0
5828,202305,54,1251.0,11.5,0.351,0,0.234,0,aposentado,0,0
5829,202311,26,2598.0,9.3,0.223,0,0.146,1,autonomo,1,0
5830,202305,43,4788.0,0.4,0.026,2,0.404,1,CLT,1,0
5831,202401,37,3521.0,8.8,0.129,0,0.66,0,aposentado,1,0
5832,202407,28,3985.0,11.1,0.206,2,0.094,1,CLT,0,0
5833,202309,61,2803.0,2.0,0.232,0,0.124,1,servidor,1,0
5834,202409,32,6045.0,3.8,0.375,2,0.178,3,CLT,0,1
5835,202302,33,4323.0,2.3,0.773,0,0.175,1,servidor,1,1
5836,202309,62,4882.0,6.6,0.102,0,0.416,2,autonomo,1,1
5837,202405,63,3942.0,13.2,0.387,2,0.183,1,autonomo,0,0
5838,202310,22,4732.0,2.7,0.428,0,0.129,2,autonomo,0,0
5839,202305,34,4579.0,3.9,0.701,0,0.172,0,servidor,1,0
5840,202402,55,2289.0,0.8,0.23,0,0.55,2,CLT,0,0
5841,202401,59,4388.0,3.2,0.714,1,0.595,2,aposentado,0,0
5842,202401,69,5409.0,1.8,0.151,1,0.134,2,autonomo,1,0
5843,202412,48,6487.0,3.0,0.262,0,0.12,1,aposentado,1,0
5844,202403,21,4483.0,6.6,0.437,2,0.611,0,autonomo,0,1
5845,202310,63,2247.0,8.0,0.653,0,0.347,1,CLT,0,0
5846,202312,28,2427.0,0.6,0.168,0,0.44,2,servidor,0,0
5847,202312,26,2929.0,10.0,0.641,1,0.357,1,CLT,1,1
5848,202308,54,4003.0,0.6,0.578,0,0.182,0,CLT,1,0
5849,202303,50,3425.0,4.9,0.29,0,0.17,2,CLT,1,1
5850,202402,23,2076.0,8.3,0.51,0,0.25,2,CLT,1,0
5851,202309,29,2070.0,4.2,0.552,0,0.482,1,servidor,1,0
5852,202310,49,1275.0,9.5,0.654,0,0.369,2,CLT,1,1
5853,202303,33,765.0,1.7,0.183,0,0.149,2,CLT,1,0
5854,202408,54,3409.0,9.3,0.376,2,0.623,1,CLT,0,1
5855,202309,41,11616.0,3.1,0.321,0,0.286,0,servidor,1,0
5856,202306,49,8941.0,4.7,0.112,0,0.071,3,aposentado,1,0
5857,202409,44,2233.0,9.2,0.486,0,0.195,2,CLT,1,0
5858,202401,38,3924.0,1.8,0.381,0,0.367,2,CLT,1,0
5859,202412,37,1751.0,6.5,0.211,0,0.448,1,CLT,1,0
5860,202408,55,1889.0,1.5,0.276,0,0.543,2,autonomo,1,0
5861,202407,46,2001.0,4.2,0.415,0,0.196,1,CLT,1,0
5862,202302,50,3253.0,2.4,0.355,0,0.233,1,autonomo,0,1
5863,202307,49,3323.0,1.8,0.342,0,0.109,1,autonomo,1,1
5864,202410,31,4131.0,13.1,0.566,0,0.261,1,servidor,0,0
5865,202410,65,5073.0,2.5,0.481,0,0.57,0,autonomo,1,0
5866,202306,48,3077.0,1.7,0.297,0,0.612,2,CLT,1,0
5867,202404,56,3707.0,0.6,0.265,0,0.634,1,aposentado,1,1
5868,202412,64,2107.0,10.5,0.465,0,0.192,0,CLT,1,0
5869,202410,66,1859.0,5.4,0.257,1,0.337,0,autonomo,0,0
5870,202302,53,1721.0,5.3,0.571,0,0.453,2,CLT,1,0
5871,202302,59,5037.0,0.2,0.547,0,0.473,2,CLT,0,0
5872,202311,44,3075.0,0.6,0.772,2,0.244,1,CLT,0,1
5873,202407,57,1429.0,9.6,0.265,0,0.291,0,autonomo,0,0
5874,202401,36,3528.0,1.5,0.175,0,0.265,2,autonomo,1,0
5875,202406,55,1950.0,0.8,0.526,2,0.142,1,aposentado,0,1
5876,202307,25,8351.0,0.6,0.094,0,0.182,1,CLT,1,0
5877,202309,65,2726.0,3.4,0.221,0,0.315,1,aposentado,0,0
5878,202409,32,5119.0,1.4,0.683,0,0.208,0,CLT,0,0
5879,202306,53,6276.0,5.0,0.534,1,0.482,2,CLT,0,0
5880,202304,21,2259.0,8.1,0.055,0,0.08,0,servidor,1,0
5881,202311,28,3782.0,12.1,0.246,0,0.197,3,CLT,1,0
5882,202305,69,4802.0,3.0,0.344,0,0.154,1,autonomo,1,0
5883,202310,61,3857.0,1.6,0.491,1,0.488,0,CLT,1,1
5884,202302,31,4361.0,3.9,0.483,0,0.384,2,CLT,0,0
5885,202410,27,1873.0,3.6,0.592,1,0.485,3,CLT,1,0
5886,202305,60,4803.0,13.4,0.25,0,0.176,1,servidor,0,0
5887,202310,69,2855.0,8.0,0.325,1,0.064,1,autonomo,0,0
5888,202404,29,4336.0,1.1,0.258,1,0.384,1,CLT,0,0
5889,202302,53,5768.0,9.3,0.317,1,0.184,2,servidor,1,0
5890,202306,34,5087.0,1.4,0.597,1,0.131,0,CLT,1,0
5891,202412,57,4334.0,6.2,0.458,0,0.198,0,autonomo,1,0
5892,202304,41,5019.0,4.8,0.167,0,0.56,1,CLT,0,0
5893,202405,27,5137.0,5.0,0.35,0,0.134,2,CLT,1,0
5894,202302,36,7691.0,0.9,0.336,0,0.121,1,CLT,0,0
5895,202402,47,3579.0,2.7,0.742,0,0.335,1,CLT,1,0
5896,202307,60,3952.0,3.8,0.337,0,0.24,2,CLT,1,0
5897,202404,22,5802.0,6.6,0.677,0,0.027,2,servidor,0,1
5898,202308,67,2849.0,10.4,0.248,1,0.263,1,CLT,1,0
5899,202309,52,1868.0,0.2,0.603,0,0.414,0,servidor,1,0
5900,202409,63,4659.0,0.9,0.479,1,0.697,0,aposentado,1,0
5901,202305,66,3285.0,2.5,0.103,0,0.113,0,autonomo,0,0
5902,202303,28,1991.0,0.9,0.426,1,0.493,1,CLT,0,0
5903,202409,25,4676.0,7.9,0.372,1,0.094,1,CLT,1,0
5904,202408,59,7447.0,10.9,0.447,0,0.214,1,autonomo,0,0
5905,202402,30,1612.0,8.9,0.414,2,0.159,0,CLT,1,0
5906,202311,28,6070.0,1.0,0.143,0,0.084,2,CLT,0,0
5907,202405,43,1024.0,4.2,0.229,0,0.31,3,autonomo,1,1
5908,202309,65,2981.0,4.9,0.642,0,0.56,1,CLT,1,1
5909,202312,59,9139.0,2.9,0.191,0,0.349,1,CLT,0,0
5910,202402,46,3090.0,1.5,0.877,0,0.081,2,CLT,0,0
5911,202406,30,3808.0,4.9,0.523,0,0.465,1,CLT,0,1
5912,202410,37,5332.0,1.8,0.598,2,0.349,0,servidor,0,0
5913,202407,54,1543.0,0.5,0.46,1,0.2,0,CLT,0,0
5914,202411,28,3775.0,3.5,0.584,2,0.229,1,CLT,1,0
5915,202406,46,3760.0,9.2,0.457,1,0.186,2,CLT,1,0
5916,202410,21,9239.0,0.2,0.337,1,0.324,2,CLT,1,0
5917,202309,36,1963.0,8.1,0.212,0,0.132,0,servidor,0,0
5918,202406,33,3009.0,3.5,0.673,0,0.393,1,aposentado,1,0
5919,202310,54,2289.0,3.6,0.224,0,0.32,1,aposentado,1,0
5920,202402,65,2171.0,9.0,0.223,0,0.18,1,CLT,1,0
5921,202406,28,6398.0,0.1,0.714,1,0.22,3,CLT,1,1
5922,202406,60,3690.0,0.3,0.684,0,0.428,1,servidor,1,0
5923,202307,53,2758.0,1.4,0.181,0,0.527,1,CLT,0,1
5924,202304,68,2810.0,6.7,0.182,0,0.497,2,CLT,0,1
5925,202412,65,2747.0,2.7,0.473,0,0.126,1,aposentado,1,1
5926,202302,25,2873.0,9.5,0.118,0,0.228,1,CLT,1,0
5927,202306,57,1935.0,4.8,0.605,1,0.102,1,servidor,0,0
5928,202310,50,3199.0,6.8,0.106,0,0.455,0,autonomo,0,0
5929,202312,26,3042.0,24.9,0.663,2,0.23,0,CLT,0,0
5930,202309,33,2493.0,2.6,0.45,2,0.143,0,CLT,1,0
5931,202302,66,3934.0,6.3,0.397,0,0.398,2,CLT,0,0
5932,202405,47,4105.0,5.6,0.469,0,0.492,1,aposentado,0,0
5933,202407,37,2756.0,8.0,0.222,1,0.258,1,CLT,1,0
5934,202404,36,3388.0,13.2,0.177,0,0.334,1,servidor,0,0
5935,202302,62,10714.0,3.3,0.5,0,0.103,0,CLT,1,0
5936,202301,34,10511.0,5.1,0.243,0,0.261,0,autonomo,1,1
5937,202304,28,2149.0,14.2,0.392,1,0.202,2,aposentado,1,0
5938,202408,49,2305.0,5.5,0.209,0,0.464,0,CLT,1,0
5939,202305,69,2144.0,1.3,0.411,1,0.28,0,autonomo,1,0
5940,202311,29,6177.0,7.2,0.536,0,0.084,0,aposentado,1,0
5941,202410,33,2983.0,2.0,0.412,1,0.602,0,CLT,0,1
5942,202402,43,4104.0,3.6,0.185,1,0.248,3,CLT,1,0
5943,202407,30,9882.0,2.0,0.224,0,0.393,3,CLT,1,0
5944,202409,52,3622.0,16.7,0.421,1,0.34,1,servidor,0,0
5945,202308,33,5183.0,12.3,0.409,0,0.183,0,CLT,0,0
5946,202411,27,4723.0,0.5,0.453,0,0.277,0,CLT,0,0
5947,202311,33,2713.0,9.0,0.283,1,0.285,2,aposentado,1,0
5948,202404,66,6183.0,6.7,0.343,1,0.513,1,autonomo,1,0
5949,202411,66,2381.0,0.8,0.331,0,0.388,0,CLT,1,0
5950,202307,45,7115.0,1.0,0.677,0,0.241,1,CLT,1,0
5951,202410,40,2714.0,2.3,0.241,0,0.495,1,CLT,1,0
5952,202405,61,2867.0,6.2,0.758,0,0.36,1,autonomo,1,0
5953,202401,30,2113.0,6.0,0.367,1,0.332,0,CLT,0,1
5954,202408,53,2294.0,0.4,0.113,0,0.11,0,CLT,1,0
5955,202406,54,2941.0,3.4,0.065,0,0.169,2,servidor,0,0
5956,202308,55,1080.0,2.1,0.818,0,0.134,1,autonomo,0,0
5957,202405,31,3240.0,0.3,0.889,0,0.091,2,CLT,1,0
5958,202301,56,2824.0,7.5,0.08,0,0.325,1,servidor,1,0
5959,202408,50,5405.0,0.3,0.123,0,0.089,0,CLT,1,0
5960,202311,63,4498.0,9.0,0.499,1,0.418,2,servidor,1,0
5961,202302,29,2556.0,6.7,0.28,0,0.012,2,aposentado,1,0
5962,202309,51,2895.0,5.4,0.574,1,0.175,4,CLT,0,1
5963,202411,61,3238.0,3.2,0.854,1,0.124,2,aposentado,1,0
5964,202407,34,7654.0,13.7,0.718,0,0.272,2,aposentado,0,0
5965,202401,57,2414.0,2.6,0.577,0,0.555,1,CLT,1,1
5966,202402,25,2541.0,1.0,0.184,0,0.44,1,aposentado,0,1
5967,202408,56,2071.0,1.5,0.13,1,0.303,1,aposentado,0,0
5968,202304,50,1735.0,0.1,0.335,0,0.236,1,servidor,0,1
5969,202403,30,4245.0,10.6,0.671,0,0.186,1,CLT,0,0
5970,202305,24,4030.0,3.8,0.351,0,0.251,2,aposentado,1,0
5971,202306,57,6915.0,18.7,0.315,0,0.519,1,CLT,1,0
5972,202403,32,6128.0,5.2,0.239,0,0.031,1,CLT,1,0
5973,202405,45,12071.0,7.8,0.593,0,0.077,0,CLT,1,0
5974,202406,23,3509.0,4.9,0.425,0,0.52,1,servidor,0,1
5975,202402,68,3196.0,10.0,0.686,2,0.206,0,autonomo,0,1
5976,202403,47,1901.0,1.4,0.14,0,0.178,2,servidor,0,0
5977,202307,66,5158.0,0.8,0.718,0,0.276,2,servidor,0,0
5978,202310,28,3863.0,0.4,0.294,0,0.553,2,CLT,1,0
5979,202408,31,5042.0,7.0,0.531,0,0.309,2,autonomo,1,0
5980,202405,50,2060.0,0.3,0.163,1,0.612,1,autonomo,0,0
5981,202302,50,4341.0,6.1,0.536,0,0.364,3,autonomo,1,0
5982,202411,59,4034.0,13.5,0.135,0,0.369,2,CLT,1,0
5983,202411,66,3903.0,32.6,0.38,1,0.029,1,servidor,1,0
5984,202406,61,2587.0,6.3,0.411,0,0.283,3,aposentado,1,0
5985,202407,27,6599.0,0.1,0.329,0,0.345,0,autonomo,0,0
5986,202409,36,10149.0,0.2,0.077,3,0.043,1,aposentado,1,0
5987,202306,65,2090.0,8.3,0.673,0,0.107,1,CLT,0,0
5988,202412,47,5220.0,27.0,0.22,0,0.03,0,aposentado,0,0
5989,202407,63,864.0,3.1,0.451,0,0.29,0,CLT,1,0
5990,202405,48,5086.0,5.2,0.461,0,0.674,5,autonomo,0,1
5991,202402,23,1429.0,1.8,0.512,0,0.313,2,servidor,1,1
5992,202407,44,2800.0,5.5,0.449,2,0.235,0,servidor,0,1
5993,202407,61,1888.0,0.2,0.349,0,0.356,0,servidor,1,0
5994,202303,53,3269.0,3.6,0.226,2,0.259,2,servidor,1,0
5995,202308,27,5538.0,14.9,0.702,1,0.832,0,autonomo,0,1
5996,202409,31,1438.0,2.5,0.212,1,0.317,4,servidor,1,0
5997,202403,62,3042.0,1.3,0.329,1,0.335,1,aposentado,0,0
5998,202310,68,2817.0,11.4,0.351,0,0.061,0,autonomo,1,0
5999,202306,57,8027.0,3.3,0.322,0,0.634,1,servidor,1,0
6000,202401,25,4518.0,10.1,0.27,0,0.279,2,servidor,1,0
6001,202307,51,2021.0,5.5,0.414,0,0.297,2,CLT,1,0
6002,202308,61,2877.0,1.7,0.109,0,0.52,2,servidor,1,0
6003,202305,52,7927.0,21.9,0.561,0,0.118,2,CLT,0,0
6004,202305,50,5204.0,1.0,0.274,0,0.36,0,CLT,1,0
6005,202301,43,2301.0,7.8,0.382,0,0.195,4,CLT,0,0
6006,202410,32,3186.0,7.2,0.148,0,0.254,0,CLT,0,0
6007,202405,34,3237.0,10.8,0.186,0,0.187,2,CLT,1,0
6008,202412,57,2782.0,1.7,0.353,0,0.614,1,servidor,1,0
6009,202305,24,1548.0,1.3,0.055,0,0.417,0,aposentado,0,0
6010,202405,25,2595.0,7.7,0.638,0,0.592,1,autonomo,0,1
6011,202308,40,7292.0,0.9,0.657,1,0.047,2,servidor,1,0
6012,202303,58,3009.0,4.0,0.429,1,0.461,0,CLT,0,1
6013,202410,53,3458.0,0.7,0.553,0,0.403,3,CLT,0,1
6014,202310,49,3906.0,6.6,0.215,1,0.084,1,CLT,0,0
6015,202412,47,11038.0,2.2,0.188,1,0.336,0,CLT,0,1
6016,202307,26,3657.0,14.1,0.135,0,0.081,0,autonomo,1,0
6017,202311,37,6292.0,5.2,0.106,0,0.275,1,CLT,1,0
6018,202409,24,2700.0,4.4,0.342,1,0.107,1,CLT,0,0
6019,202405,58,3198.0,1.3,0.25,3,0.419,0,autonomo,0,0
6020,202402,57,3664.0,6.2,0.33,0,0.268,0,servidor,1,0
6021,202309,33,2472.0,3.5,0.312,0,0.293,1,CLT,0,0
6022,202306,35,3288.0,2.1,0.143,0,0.197,1,autonomo,1,0
6023,202412,36,5676.0,5.9,0.485,0,0.308,2,autonomo,1,0
6024,202403,64,2440.0,19.4,0.288,1,0.376,2,autonomo,1,0
6025,202305,44,3641.0,1.9,0.201,1,0.718,2,CLT,0,1
6026,202404,58,5189.0,8.9,0.286,1,0.545,2,autonomo,0,0
6027,202306,42,2411.0,2.1,0.471,0,0.212,1,autonomo,1,0
6028,202403,55,6296.0,4.1,0.686,0,0.195,0,CLT,1,0
6029,202303,46,3776.0,1.0,0.449,0,0.044,1,CLT,1,0
6030,202403,34,3352.0,4.1,0.499,0,0.161,3,CLT,1,0
6031,202408,63,1334.0,4.7,0.122,0,0.387,0,CLT,0,0
6032,202306,55,3021.0,2.9,0.736,1,0.324,1,CLT,1,0
6033,202409,58,4384.0,3.8,0.521,1,0.379,2,CLT,1,0
6034,202304,67,8714.0,6.3,0.536,0,0.202,0,CLT,0,0
6035,202302,33,4836.0,2.7,0.245,2,0.49,3,autonomo,1,0
6036,202308,25,6394.0,1.7,0.214,3,0.217,2,servidor,0,0
6037,202411,49,1989.0,12.5,0.328,0,0.099,1,CLT,1,0
6038,202302,36,3417.0,1.9,0.17,0,0.195,1,CLT,1,0
6039,202304,42,6703.0,3.0,0.295,0,0.228,1,servidor,0,1
6040,202305,32,2336.0,5.6,0.481,0,0.248,1,aposentado,0,0
6041,202306,40,5899.0,1.1,0.057,1,0.507,2,autonomo,1,0
6042,202412,40,5254.0,15.8,0.305,0,0.263,0,CLT,0,0
6043,202412,38,4177.0,14.5,0.131,0,0.362,1,servidor,0,0
6044,202301,57,3089.0,16.4,0.349,0,0.171,0,autonomo,0,0
6045,202401,50,2224.0,4.2,0.164,2,0.284,2,CLT,1,1
6046,202404,44,8846.0,2.7,0.786,0,0.134,1,CLT,1,0
6047,202402,26,4994.0,19.9,0.02,0,0.214,5,autonomo,1,1
6048,202310,48,4317.0,6.5,0.481,0,0.118,2,autonomo,1,0
6049,202305,29,2962.0,1.8,0.479,0,0.355,0,aposentado,1,0
6050,202305,36,3711.0,7.6,0.311,0,0.496,1,servidor,1,0
6051,202405,41,3954.0,1.0,0.318,0,0.535,1,CLT,1,0
6052,202403,27,4447.0,0.5,0.552,1,0.42,0,aposentado,1,1
6053,202401,40,5256.0,18.8,0.482,0,0.456,3,aposentado,0,0
6054,202311,34,2462.0,0.1,0.085,0,0.339,0,servidor,1,0
6055,202304,62,1749.0,0.7,0.341,0,0.27,4,CLT,1,0
6056,202409,63,3798.0,0.8,0.634,1,0.626,3,CLT,0,1
6057,202311,21,1520.0,0.6,0.494,1,0.079,0,CLT,0,0
6058,202401,50,3097.0,16.7,0.242,0,0.359,1,CLT,1,0
6059,202301,52,2823.0,5.1,0.453,1,0.376,1,CLT,1,0
6060,202304,39,4656.0,11.6,0.356,1,0.151,1,CLT,0,1
6061,202309,43,9811.0,8.5,0.087,1,0.274,0,CLT,0,0
6062,202406,59,1377.0,3.2,0.391,0,0.308,1,CLT,0,0
6063,202404,39,11351.0,13.4,0.218,0,0.039,1,autonomo,0,0
6064,202412,24,3240.0,1.2,0.7,1,0.561,1,servidor,0,1
6065,202402,39,4333.0,13.0,0.592,0,0.194,1,CLT,1,0
6066,202408,33,1795.0,2.3,0.253,0,0.113,0,CLT,0,0
6067,202311,39,5994.0,0.9,0.086,0,0.196,1,CLT,0,0
6068,202306,32,3717.0,6.8,0.322,0,0.109,2,autonomo,0,0
6069,202311,28,3531.0,26.9,0.296,1,0.263,1,autonomo,1,0
6070,202307,69,1382.0,3.4,0.069,0,0.665,6,servidor,0,0
6071,202410,27,3778.0,0.7,0.387,0,0.192,0,autonomo,0,0
6072,202301,55,5558.0,0.6,0.596,0,0.381,2,autonomo,1,0
6073,202307,56,3235.0,3.0,0.387,0,0.29,2,aposentado,1,1
6074,202311,51,6549.0,12.0,0.708,0,0.52,1,autonomo,1,0
6075,202309,65,6415.0,6.6,0.605,1,0.432,0,CLT,1,0
6076,202309,21,2642.0,7.5,0.601,1,0.548,1,aposentado,0,1
6077,202411,35,8083.0,12.4,0.368,0,0.28,1,servidor,0,0
6078,202407,30,3724.0,4.6,0.695,0,0.111,2,CLT,1,0
6079,202407,49,3733.0,8.1,0.434,0,0.143,0,autonomo,1,0
6080,202302,52,3826.0,2.5,0.217,1,0.339,0,CLT,1,0
6081,202408,64,3769.0,1.2,0.23,1,0.131,0,autonomo,1,0
6082,202307,39,977.0,13.7,0.049,0,0.292,2,servidor,1,0
6083,202403,32,3318.0,2.4,0.536,0,0.262,0,CLT,0,0
6084,202303,66,1841.0,21.5,0.556,0,0.092,0,CLT,0,0
6085,202312,53,8210.0,2.6,0.639,0,0.209,1,CLT,1,1
6086,202309,58,8047.0,2.6,0.431,0,0.153,3,CLT,0,0
6087,202308,42,5575.0,7.0,0.263,0,0.115,1,autonomo,0,0
6088,202310,42,3232.0,5.9,0.449,0,0.139,1,CLT,1,0
6089,202406,40,2200.0,0.3,0.466,0,0.593,0,CLT,0,1
6090,202310,57,2621.0,2.8,0.176,1,0.2,1,aposentado,0,0
6091,202305,31,9617.0,10.3,0.32,0,0.169,1,autonomo,0,0
6092,202410,68,2576.0,0.9,0.447,2,0.159,1,CLT,1,0
6093,202308,29,1121.0,5.0,0.843,0,0.369,1,CLT,1,0
6094,202312,43,6094.0,3.9,0.43,0,0.135,4,CLT,1,0
6095,202405,36,7710.0,0.6,0.319,0,0.321,0,aposentado,1,0
6096,202404,52,8347.0,7.2,0.656,0,0.409,2,CLT,1,1
6097,202301,54,6119.0,7.7,0.902,2,0.315,0,CLT,0,0
6098,202306,66,6639.0,1.8,0.603,1,0.438,1,servidor,1,0
6099,202305,59,3739.0,4.9,0.413,0,0.098,0,CLT,0,0
6100,202306,33,1289.0,0.1,0.673,1,0.162,0,CLT,0,0
6101,202406,31,3692.0,5.8,0.545,0,0.359,3,CLT,0,0
6102,202408,64,4968.0,5.6,0.189,0,0.124,0,CLT,1,0
6103,202312,44,3403.0,0.5,0.262,0,0.232,1,CLT,1,0
6104,202302,25,3326.0,3.9,0.415,1,0.248,0,autonomo,1,0
6105,202406,61,2248.0,1.3,0.145,0,0.319,3,servidor,1,0
6106,202411,52,2206.0,8.3,0.332,1,0.262,3,CLT,0,1
6107,202412,22,9128.0,4.6,0.449,1,0.274,0,CLT,1,0
6108,202412,59,9294.0,5.5,0.478,0,0.046,2,autonomo,0,0
6109,202311,50,3636.0,0.3,0.287,2,0.501,1,servidor,1,0
6110,202301,51,4191.0,1.5,0.142,1,0.222,0,CLT,1,0
6111,202404,63,2230.0,9.8,0.634,0,0.397,0,CLT,1,0
6112,202306,45,5021.0,2.2,0.463,0,0.212,0,CLT,0,0
6113,202412,43,8776.0,15.5,0.239,0,0.186,1,autonomo,0,0
6114,202301,51,1695.0,6.7,0.43,0,0.193,0,autonomo,0,1
6115,202308,30,4591.0,9.6,0.32,1,0.162,1,CLT,0,0
6116,202310,28,4767.0,4.2,0.168,0,0.347,3,CLT,0,1
6117,202306,62,4740.0,3.9,0.365,1,0.281,0,CLT,1,0
6118,202408,31,8278.0,0.1,0.764,0,0.386,0,CLT,1,0
6119,202311,45,10077.0,0.2,0.314,0,0.34,1,CLT,0,0
6120,202306,34,3240.0,15.3,0.377,0,0.406,2,CLT,1,0
6121,202403,32,5098.0,2.3,0.103,0,0.244,0,CLT,1,0
6122,202311,50,3798.0,3.7,0.271,2,0.227,1,autonomo,1,1
6123,202408,60,2654.0,5.9,0.511,2,0.147,0,autonomo,0,0
6124,202304,42,4169.0,0.2,0.134,1,0.147,1,autonomo,1,0
6125,202403,27,5094.0,6.7,0.496,1,0.514,1,CLT,1,1
6126,202304,32,4058.0,1.2,0.059,0,0.143,1,CLT,1,0
6127,202306,29,2344.0,4.0,0.508,0,0.191,1,autonomo,1,0
6128,202307,64,2888.0,4.0,0.203,0,0.24,0,CLT,0,1
6129,202409,36,2899.0,0.6,0.89,0,0.248,1,aposentado,1,0
6130,202310,39,2389.0,1.9,0.137,1,0.259,4,autonomo,0,0
6131,202310,24,4259.0,4.4,0.194,0,0.449,2,autonomo,0,0
6132,202303,42,4488.0,5.3,0.497,0,0.248,0,CLT,1,0
6133,202305,65,5942.0,3.9,0.534,0,0.497,1,autonomo,0,0
6134,202303,41,2371.0,2.4,0.395,0,0.411,2,servidor,1,0
6135,202302,52,2728.0,16.3,0.094,0,0.414,1,servidor,0,0
6136,202304,29,7921.0,0.3,0.48,1,0.368,0,CLT,0,0
6137,202411,28,3353.0,2.5,0.181,0,0.31,1,autonomo,0,0
6138,202405,56,3696.0,2.3,0.361,1,0.264,0,autonomo,1,0
6139,202301,24,3336.0,1.1,0.51,1,0.167,0,CLT,0,0
6140,202402,42,6416.0,6.9,0.313,1,0.221,3,autonomo,0,1
6141,202309,36,6541.0,7.5,0.271,2,0.127,0,CLT,0,0
6142,202409,21,6353.0,9.7,0.457,0,0.133,0,servidor,1,0
6143,202305,47,3690.0,3.3,0.503,0,0.23,4,CLT,0,1
6144,202404,68,2354.0,0.6,0.857,1,0.313,3,autonomo,0,1
6145,202306,24,9534.0,14.0,0.677,1,0.268,1,CLT,1,0
6146,202410,60,5587.0,5.0,0.434,0,0.256,1,aposentado,1,1
6147,202407,47,2898.0,2.7,0.645,0,0.362,0,aposentado,0,0
6148,202404,56,7420.0,9.0,0.327,0,0.089,0,CLT,0,0
6149,202302,25,2786.0,0.3,0.097,0,0.159,2,servidor,1,0
6150,202408,63,7371.0,15.2,0.776,0,0.203,1,CLT,0,0
6151,202407,21,7625.0,3.1,0.288,0,0.496,1,servidor,0,0
6152,202311,65,2297.0,0.9,0.526,0,0.3,2,CLT,0,1
6153,202402,53,4870.0,7.6,0.248,0,0.202,0,autonomo,0,1
6154,202405,37,5384.0,12.1,0.359,1,0.434,0,servidor,0,0
6155,202305,21,13460.0,0.9,0.349,0,0.185,2,CLT,0,1
6156,202411,50,2512.0,6.1,0.435,0,0.233,2,servidor,0,0
6157,202301,25,7452.0,16.7,0.662,0,0.276,0,CLT,1,0
6158,202301,50,3673.0,15.3,0.392,1,0.172,0,CLT,0,0
6159,202408,58,1957.0,1.4,0.158,0,0.094,1,aposentado,0,0
6160,202301,34,3429.0,1.9,0.877,0,0.201,2,CLT,1,1
6161,202310,32,3645.0,0.8,0.69,0,0.308,2,CLT,0,0
6162,202309,31,2144.0,1.5,0.584,1,0.37,3,servidor,1,0
6163,202301,32,4256.0,2.6,0.782,0,0.341,1,aposentado,0,0
6164,202405,26,5878.0,0.8,0.611,0,0.128,2,autonomo,0,1
6165,202404,33,4101.0,0.2,0.311,4,0.078,1,servidor,1,1
6166,202305,53,2777.0,1.9,0.307,0,0.43,1,CLT,1,0
6167,202312,35,3380.0,10.3,0.192,0,0.405,1,CLT,0,0
6168,202401,59,3633.0,1.4,0.314,0,0.186,1,aposentado,0,0
6169,202308,61,4059.0,5.5,0.342,0,0.235,3,aposentado,0,1
6170,202401,58,6342.0,4.0,0.216,0,0.107,2,CLT,0,0
6171,202409,47,4171.0,7.8,0.889,1,0.223,2,CLT,1,0
6172,202310,36,1806.0,0.9,0.331,3,0.125,0,CLT,0,0
6173,202403,66,2749.0,0.1,0.314,1,0.192,2,servidor,1,0
6174,202312,31,3956.0,8.4,0.404,0,0.607,3,autonomo,0,1
6175,202408,43,6387.0,6.7,0.2,1,0.408,1,autonomo,0,1
6176,202401,43,6967.0,2.4,0.524,2,0.209,1,CLT,0,1
6177,202311,57,8843.0,9.4,0.374,0,0.516,1,CLT,1,0
6178,202411,47,3887.0,1.1,0.243,1,0.214,0,servidor,0,0
6179,202404,60,5333.0,0.9,0.416,0,0.057,1,CLT,1,0
6180,202407,66,1759.0,1.8,0.09,0,0.497,1,CLT,0,0
6181,202409,40,4514.0,2.0,0.58,0,0.302,3,CLT,1,1
6182,202402,63,2127.0,1.8,0.715,2,0.308,1,CLT,0,0
6183,202408,29,3529.0,4.4,0.555,0,0.132,3,servidor,0,0
6184,202407,65,16563.0,4.6,0.274,0,0.101,0,autonomo,0,1
6185,202410,29,4238.0,0.5,0.41,0,0.424,0,CLT,1,0
6186,202412,62,2364.0,1.6,0.321,0,0.23,0,autonomo,0,0
6187,202406,40,4464.0,7.8,0.159,2,0.297,1,CLT,1,1
6188,202309,68,2811.0,1.5,0.804,1,0.384,0,CLT,0,0
6189,202302,27,2252.0,13.9,0.775,0,0.242,2,CLT,0,0
6190,202411,43,10421.0,1.8,0.617,0,0.212,1,CLT,0,0
6191,202305,65,6207.0,3.7,0.459,0,0.192,2,servidor,0,0
6192,202411,23,4328.0,0.3,0.644,1,0.398,1,autonomo,1,0
6193,202406,33,2993.0,19.8,0.142,0,0.405,1,CLT,0,0
6194,202306,25,3117.0,9.8,0.375,1,0.437,1,CLT,0,0
6195,202407,36,7873.0,0.8,0.319,0,0.221,1,autonomo,1,0
6196,202412,40,4244.0,0.8,0.656,0,0.313,0,CLT,1,0
6197,202410,51,779.0,9.7,0.389,0,0.587,0,servidor,1,0
6198,202407,33,12216.0,12.1,0.214,0,0.597,1,CLT,1,0
6199,202404,28,3990.0,4.3,0.319,0,0.656,2,CLT,1,0
6200,202403,29,4323.0,12.7,0.736,0,0.185,1,CLT,1,0
6201,202401,66,6269.0,1.5,0.192,0,0.46,2,CLT,1,0
6202,202309,67,4595.0,2.0,0.146,0,0.076,2,servidor,0,0
6203,202402,31,5289.0,1.2,0.087,0,0.176,4,servidor,1,0
6204,202410,30,2946.0,4.0,0.722,0,0.333,1,servidor,1,0
6205,202406,23,1969.0,2.5,0.114,2,0.082,0,CLT,0,1
6206,202403,68,4189.0,2.6,0.447,0,0.301,3,CLT,0,0
6207,202303,55,7449.0,13.7,0.536,3,0.401,2,autonomo,1,0
6208,202405,58,2634.0,3.1,0.31,0,0.431,1,servidor,0,1
6209,202410,35,2530.0,3.4,0.248,1,0.334,1,CLT,1,0
6210,202402,52,6704.0,2.8,0.188,0,0.514,0,CLT,0,0
6211,202409,23,2897.0,1.5,0.416,0,0.201,2,CLT,0,0
6212,202412,54,2965.0,9.0,0.362,0,0.274,2,CLT,1,0
6213,202307,49,3021.0,2.5,0.471,0,0.269,3,servidor,0,0
6214,202312,37,3525.0,0.6,0.37,0,0.336,1,servidor,1,0
6215,202305,55,1658.0,5.5,0.017,0,0.376,0,servidor,0,0
6216,202308,52,2780.0,16.1,0.432,0,0.106,2,CLT,0,0
6217,202409,42,4085.0,6.2,0.71,1,0.626,0,autonomo,0,0
6218,202304,30,4071.0,3.1,0.08,0,0.142,0,CLT,0,0
6219,202302,22,6496.0,2.6,0.483,0,0.057,2,servidor,0,0
6220,202401,66,9133.0,4.9,0.173,0,0.031,0,autonomo,0,0
6221,202303,34,7756.0,6.6,0.499,0,0.226,3,autonomo,1,0
6222,202307,35,5752.0,9.6,0.115,1,0.164,1,CLT,1,0
6223,202408,54,3380.0,2.5,0.119,0,0.235,3,aposentado,0,0
6224,202304,33,2666.0,0.8,0.654,1,0.262,2,servidor,1,0
6225,202412,39,3674.0,4.5,0.775,0,0.465,0,CLT,1,1
6226,202407,55,4879.0,3.8,0.324,0,0.528,1,CLT,1,1
6227,202304,50,5492.0,2.3,0.7,0,0.509,2,CLT,0,0
6228,202410,53,4972.0,0.7,0.374,0,0.077,3,servidor,0,0
6229,202412,21,3427.0,5.1,0.725,0,0.467,3,CLT,1,1
6230,202410,43,5396.0,1.0,0.502,0,0.236,1,CLT,0,0
6231,202311,44,6839.0,0.1,0.303,0,0.381,1,autonomo,1,0
6232,202402,51,5654.0,3.1,0.082,0,0.113,3,CLT,1,0
6233,202302,28,3583.0,4.5,0.303,2,0.298,2,autonomo,1,0
6234,202305,28,2400.0,14.5,0.217,0,0.194,1,servidor,0,0
6235,202301,58,2371.0,0.8,0.746,0,0.115,2,CLT,0,0
6236,202307,53,2590.0,6.6,0.594,0,0.344,1,servidor,0,0
6237,202401,60,4140.0,1.6,0.502,1,0.304,2,CLT,1,1
6238,202401,34,4722.0,14.0,0.502,0,0.154,1,aposentado,0,0
6239,202411,69,1795.0,8.8,0.768,1,0.101,3,CLT,1,0
6240,202302,34,2830.0,0.3,0.213,0,0.042,1,CLT,1,0
6241,202311,52,4112.0,1.1,0.298,0,0.169,3,servidor,0,1
6242,202309,28,2322.0,0.2,0.29,0,0.254,1,aposentado,1,0
6243,202408,66,4523.0,3.0,0.13,0,0.494,1,aposentado,1,0
6244,202405,37,3122.0,3.2,0.226,0,0.149,0,CLT,0,0
6245,202309,60,2536.0,4.9,0.35,0,0.377,3,CLT,1,0
6246,202412,37,3739.0,0.0,0.281,0,0.352,1,aposentado,1,0
6247,202406,59,4430.0,11.8,0.013,1,0.147,1,aposentado,0,0
6248,202301,43,2382.0,5.8,0.497,1,0.432,0,CLT,1,0
6249,202303,24,3225.0,6.4,0.282,0,0.59,0,servidor,1,0
6250,202309,30,4600.0,2.8,0.513,1,0.7,2,autonomo,1,0
6251,202409,54,2487.0,7.9,0.417,0,0.261,0,aposentado,0,0
6252,202408,30,1589.0,4.1,0.029,1,0.463,0,aposentado,1,0
6253,202412,34,1689.0,7.9,0.6,1,0.255,2,aposentado,1,1
6254,202412,47,2954.0,12.1,0.423,0,0.512,1,servidor,0,0
6255,202405,33,1883.0,9.5,0.289,1,0.35,0,autonomo,0,1
6256,202301,27,3060.0,2.7,0.409,0,0.127,1,CLT,1,0
6257,202405,51,8371.0,0.1,0.329,0,0.063,2,CLT,0,0
6258,202306,54,1827.0,0.5,0.508,0,0.17,1,aposentado,1,0
6259,202404,56,3161.0,4.2,0.183,1,0.153,0,CLT,1,0
6260,202303,67,10574.0,18.4,0.496,1,0.151,1,autonomo,0,0
6261,202310,27,4465.0,2.8,0.587,0,0.21,2,servidor,0,0
6262,202410,41,3029.0,0.2,0.588,1,0.27,1,servidor,0,0
6263,202402,32,3366.0,5.3,0.514,0,0.111,0,CLT,0,0
6264,202405,65,4513.0,2.5,0.147,1,0.292,2,servidor,1,0
6265,202301,47,8501.0,6.8,0.798,0,0.366,2,servidor,1,0
6266,202408,25,2792.0,0.3,0.036,1,0.135,1,servidor,1,1
6267,202403,54,2493.0,0.6,0.254,0,0.643,0,CLT,1,0
6268,202307,23,1827.0,13.8,0.225,3,0.098,1,aposentado,0,1
6269,202307,34,3834.0,0.8,0.628,0,0.231,1,autonomo,0,0
6270,202410,56,1803.0,1.1,0.462,2,0.337,2,CLT,0,1
6271,202411,45,2887.0,2.2,0.448,0,0.193,0,CLT,0,0
6272,202406,58,2312.0,6.1,0.107,1,0.336,1,CLT,1,0
6273,202403,48,6230.0,1.9,0.338,0,0.068,2,CLT,1,0
6274,202403,62,2824.0,7.2,0.192,0,0.119,1,autonomo,0,0
6275,202401,48,4440.0,4.4,0.148,1,0.394,0,autonomo,0,0
6276,202306,23,1633.0,4.6,0.15,1,0.424,0,autonomo,1,1
6277,202407,24,3888.0,1.1,0.296,0,0.226,4,autonomo,1,0
6278,202310,59,1995.0,8.9,0.103,1,0.347,0,servidor,0,0
6279,202408,22,2943.0,0.6,0.311,0,0.313,0,CLT,0,0
6280,202311,39,10999.0,0.0,0.164,1,0.527,1,autonomo,0,1
6281,202308,21,5803.0,2.6,0.359,0,0.011,3,servidor,0,0
6282,202312,35,3415.0,2.4,0.368,0,0.145,0,servidor,0,0
6283,202412,50,18024.0,5.2,0.385,1,0.312,1,autonomo,0,1
6284,202309,29,2304.0,0.3,0.201,0,0.249,2,servidor,1,0
6285,202301,43,6520.0,0.4,0.699,0,0.528,0,CLT,1,0
6286,202409,69,1692.0,5.7,0.136,0,0.742,2,autonomo,1,1
6287,202406,24,3223.0,1.4,0.715,0,0.441,0,servidor,0,0
6288,202304,24,1856.0,11.9,0.133,1,0.298,0,aposentado,0,0
6289,202405,34,4141.0,3.6,0.334,0,0.21,0,CLT,0,0
6290,202302,61,3744.0,0.6,0.419,0,0.173,2,CLT,1,0
6291,202401,40,3122.0,4.9,0.188,0,0.243,0,autonomo,0,0
6292,202412,52,6286.0,2.6,0.11,0,0.567,0,CLT,1,0
6293,202401,22,2742.0,13.0,0.452,0,0.269,2,CLT,1,0
6294,202408,57,4287.0,2.1,0.64,0,0.487,1,CLT,1,0
6295,202301,24,5488.0,2.2,0.383,0,0.497,3,CLT,1,1
6296,202409,55,1734.0,3.3,0.435,0,0.393,1,autonomo,1,0
6297,202307,28,2504.0,3.4,0.355,1,0.148,2,autonomo,1,0
6298,202401,63,3740.0,0.5,0.296,2,0.077,2,CLT,0,0
6299,202409,35,4989.0,6.9,0.672,0,0.082,0,servidor,0,0
6300,202408,30,7410.0,8.0,0.648,1,0.151,1,CLT,0,0
6301,202303,37,3268.0,0.9,0.467,0,0.206,0,CLT,0,0
6302,202412,21,3108.0,9.9,0.53,0,0.166,1,CLT,1,0
6303,202305,29,2354.0,1.3,0.513,0,0.034,0,CLT,1,0
6304,202407,50,4294.0,10.7,0.422,2,0.543,2,CLT,1,0
6305,202301,35,3138.0,2.4,0.716,1,0.336,2,CLT,0,0
6306,202410,38,3175.0,6.0,0.367,1,0.004,2,CLT,0,0
6307,202307,60,3474.0,8.3,0.531,2,0.293,0,autonomo,0,1
6308,202401,27,4797.0,0.6,0.461,0,0.169,2,CLT,1,0
6309,202305,40,2747.0,0.3,0.388,0,0.188,1,autonomo,1,0
6310,202305,30,2475.0,1.1,0.182,0,0.311,2,CLT,1,0
6311,202409,44,4518.0,5.8,0.408,2,0.088,0,CLT,1,0
6312,202304,37,802.0,4.0,0.547,0,0.121,1,servidor,0,1
6313,202410,23,2692.0,2.1,0.439,0,0.318,2,aposentado,1,1
6314,202307,24,2047.0,0.6,0.393,1,0.114,1,autonomo,1,1
6315,202412,62,6645.0,13.0,0.328,1,0.312,2,CLT,0,0
6316,202410,23,2921.0,10.3,0.426,1,0.315,2,CLT,0,0
6317,202307,59,2751.0,1.0,0.435,0,0.33,1,CLT,1,0
6318,202411,65,3554.0,7.7,0.066,0,0.737,2,aposentado,0,0
6319,202408,43,2704.0,0.4,0.596,0,0.249,1,servidor,0,1
6320,202410,36,2977.0,5.7,0.092,1,0.127,1,autonomo,0,0
6321,202402,59,3822.0,4.6,0.232,0,0.231,1,CLT,0,0
6322,202403,69,2948.0,34.4,0.276,1,0.568,2,CLT,1,0
6323,202311,26,2938.0,4.5,0.271,0,0.211,1,CLT,0,0
6324,202308,68,2197.0,0.2,0.215,0,0.409,0,autonomo,0,0
6325,202311,67,2045.0,8.4,0.153,0,0.524,0,servidor,1,0
6326,202408,27,3753.0,3.0,0.376,0,0.442,1,autonomo,1,0
6327,202311,23,4244.0,2.9,0.807,0,0.169,0,autonomo,1,0
6328,202411,56,1783.0,0.8,0.362,0,0.164,0,servidor,0,0
6329,202304,24,5324.0,0.1,0.528,0,0.237,1,CLT,1,0
6330,202310,50,5335.0,12.2,0.128,0,0.322,1,aposentado,0,0
6331,202407,24,5927.0,0.6,0.55,1,0.036,2,CLT,0,1
6332,202411,54,4230.0,0.9,0.114,0,0.471,3,servidor,1,1
6333,202303,32,5007.0,17.3,0.437,0,0.267,0,CLT,0,0
6334,202311,25,10856.0,11.5,0.526,0,0.622,3,CLT,1,0
6335,202411,24,3131.0,0.6,0.204,0,0.089,2,CLT,0,0
6336,202406,30,2158.0,12.4,0.319,0,0.645,1,CLT,0,1
6337,202404,47,1691.0,6.9,0.276,1,0.352,0,aposentado,0,0
6338,202411,24,8759.0,1.5,0.466,0,0.25,2,autonomo,1,0
6339,202308,60,8817.0,1.5,0.316,0,0.188,2,autonomo,1,0
6340,202310,50,2293.0,9.9,0.174,0,0.11,0,autonomo,1,0
6341,202301,35,2531.0,2.7,0.05,0,0.192,2,aposentado,0,1
6342,202409,69,3096.0,8.3,0.132,0,0.088,1,CLT,0,0
6343,202410,53,6715.0,9.1,0.319,1,0.069,3,CLT,1,0
6344,202310,53,1913.0,2.1,0.519,0,0.362,0,CLT,0,0
6345,202412,29,1362.0,9.3,0.362,0,0.257,2,servidor,1,0
6346,202402,55,10762.0,32.8,0.43,0,0.16,1,servidor,0,0
6347,202406,48,4256.0,0.4,0.049,1,0.262,0,CLT,1,1
6348,202408,69,4570.0,0.8,0.478,2,0.387,2,autonomo,0,0
6349,202410,44,3286.0,6.7,0.06,2,0.323,0,autonomo,0,0
6350,202410,54,4596.0,2.0,0.294,1,0.107,1,CLT,1,1
6351,202305,37,1708.0,15.8,0.319,0,0.073,2,servidor,0,0
6352,202410,22,2391.0,8.3,0.511,0,0.533,3,CLT,1,0
6353,202403,27,3838.0,2.1,0.635,1,0.242,2,servidor,1,0
6354,202412,63,1170.0,3.8,0.478,0,0.259,0,autonomo,0,0
6355,202409,57,3130.0,3.5,0.282,0,0.43,0,autonomo,1,0
6356,202408,38,3035.0,14.5,0.871,1,0.174,3,CLT,1,1
6357,202403,55,3130.0,18.2,0.584,0,0.233,0,autonomo,0,0
6358,202412,21,2764.0,0.8,0.154,1,0.35,2,aposentado,1,0
6359,202301,22,2213.0,5.7,0.112,1,0.276,0,CLT,1,0
6360,202408,45,1464.0,1.6,0.348,0,0.607,3,servidor,0,0
6361,202308,51,3914.0,2.9,0.637,0,0.08,1,CLT,1,0
6362,202404,66,3134.0,1.8,0.188,0,0.661,1,servidor,0,0
6363,202301,58,1831.0,6.0,0.392,0,0.232,0,servidor,1,0
6364,202406,33,3757.0,0.6,0.59,0,0.129,2,servidor,0,0
6365,202407,60,3142.0,3.9,0.603,1,0.084,1,autonomo,1,0
6366,202406,45,2891.0,9.0,0.598,0,0.36,0,CLT,1,0
6367,202403,61,1238.0,2.3,0.347,1,0.042,0,servidor,1,0
6368,202301,29,5122.0,7.8,0.961,0,0.437,2,CLT,1,0
6369,202407,22,1965.0,4.0,0.483,0,0.157,1,servidor,0,0
6370,202302,23,3758.0,11.3,0.166,0,0.382,2,CLT,1,0
6371,202406,69,2431.0,1.6,0.284,0,0.375,0,aposentado,1,0
6372,202306,24,2998.0,4.6,0.303,1,0.207,2,CLT,1,0
6373,202408,67,6478.0,1.0,0.704,0,0.296,3,autonomo,0,1
6374,202312,56,4750.0,17.3,0.378,0,0.676,1,aposentado,0,0
6375,202309,28,6406.0,1.0,0.259,2,0.186,0,CLT,0,0
6376,202407,63,4295.0,0.6,0.458,1,0.392,1,aposentado,1,0
6377,202407,28,4439.0,1.0,0.322,0,0.33,1,servidor,0,0
6378,202405,28,1494.0,3.8,0.626,0,0.143,0,CLT,1,0
6379,202309,49,3106.0,9.0,0.737,1,0.402,2,CLT,1,0
6380,202306,35,3254.0,8.5,0.25,0,0.182,0,servidor,0,0
6381,202411,35,6713.0,7.5,0.227,0,0.178,1,autonomo,0,0
6382,202408,30,2827.0,7.7,0.388,0,0.144,1,CLT,0,0
6383,202310,50,4157.0,4.2,0.209,1,0.188,0,CLT,1,0
6384,202409,22,4076.0,0.9,0.276,1,0.304,1,CLT,0,1
6385,202408,33,6495.0,14.6,0.474,0,0.499,0,servidor,1,0
6386,202411,48,3405.0,12.5,0.337,0,0.312,2,CLT,0,0
6387,202302,44,5508.0,1.4,0.185,1,0.507,0,autonomo,0,0
6388,202311,55,1552.0,6.2,0.433,0,0.274,2,CLT,0,0
6389,202411,31,1625.0,2.6,0.1,0,0.175,0,autonomo,1,0
6390,202402,52,1162.0,5.0,0.622,0,0.583,1,CLT,1,0
6391,202305,58,5394.0,8.1,0.211,1,0.339,3,CLT,0,0
6392,202409,40,5099.0,0.5,0.436,1,0.213,1,servidor,0,0
6393,202308,33,5701.0,21.1,0.242,0,0.157,0,CLT,0,0
6394,202412,48,2595.0,4.5,0.448,0,0.299,2,CLT,0,1
6395,202405,49,2747.0,0.6,0.478,0,0.198,1,CLT,1,0
6396,202311,25,3427.0,6.3,0.677,0,0.152,2,CLT,1,0
6397,202408,48,7494.0,9.1,0.715,0,0.208,1,autonomo,1,1
6398,202412,28,8492.0,21.3,0.055,0,0.255,0,autonomo,1,0
6399,202312,48,5415.0,1.1,0.206,0,0.239,0,autonomo,0,1
6400,202410,66,4296.0,0.8,0.197,0,0.682,3,autonomo,0,0
6401,202401,47,7099.0,6.3,0.41,1,0.205,0,CLT,0,1
6402,202302,58,3204.0,2.7,0.376,1,0.308,2,aposentado,1,0
6403,202309,36,2994.0,1.9,0.219,1,0.521,1,CLT,1,1
6404,202305,66,3413.0,4.8,0.357,0,0.18,1,CLT,1,0
6405,202311,60,2232.0,1.9,0.595,0,0.486,1,CLT,0,0
6406,202306,65,3336.0,3.9,0.392,2,0.324,0,CLT,0,1
6407,202406,57,2082.0,2.4,0.348,0,0.552,0,autonomo,0,1
6408,202301,52,6078.0,0.3,0.327,1,0.384,2,CLT,0,1
6409,202401,46,4778.0,3.5,0.383,0,0.379,2,servidor,0,0
6410,202312,66,7441.0,13.4,0.337,0,0.612,1,CLT,1,0
6411,202411,62,1612.0,1.2,0.507,0,0.128,3,servidor,1,0
6412,202302,41,9422.0,4.4,0.418,0,0.125,1,CLT,1,0
6413,202301,25,1659.0,1.6,0.206,1,0.241,1,autonomo,0,1
6414,202306,21,2000.0,1.3,0.376,0,0.102,0,autonomo,0,1
6415,202309,32,2669.0,3.8,0.158,0,0.605,1,CLT,1,1
6416,202307,24,7001.0,0.8,0.237,0,0.135,1,CLT,1,0
6417,202303,31,4076.0,1.6,0.435,1,0.047,0,CLT,0,0
6418,202403,26,3223.0,11.3,0.299,0,0.342,0,CLT,1,0
6419,202305,69,2450.0,1.0,0.205,0,0.506,1,CLT,1,0
6420,202411,25,1830.0,0.9,0.169,0,0.145,0,aposentado,1,0
6421,202312,51,6414.0,16.8,0.838,1,0.079,1,CLT,0,1
6422,202302,38,5428.0,24.6,0.495,0,0.057,1,CLT,0,0
6423,202309,29,7160.0,4.9,0.734,0,0.092,0,autonomo,1,0
6424,202402,55,4440.0,0.4,0.711,1,0.17,1,aposentado,1,0
6425,202404,68,972.0,2.3,0.173,1,0.261,2,CLT,1,0
6426,202411,59,1954.0,4.4,0.123,1,0.419,4,aposentado,1,0
6427,202307,68,4594.0,6.0,0.56,0,0.47,1,CLT,1,0
6428,202412,49,3026.0,4.1,0.327,1,0.359,0,autonomo,1,0
6429,202404,54,2753.0,2.2,0.274,1,0.209,2,autonomo,1,0
6430,202307,28,2097.0,3.6,0.212,0,0.634,2,autonomo,1,1
6431,202406,62,5848.0,6.3,0.472,1,0.071,0,autonomo,1,0
6432,202307,57,4574.0,0.4,0.11,2,0.379,0,CLT,1,0
6433,202408,33,4678.0,2.7,0.453,0,0.521,1,aposentado,0,1
6434,202306,38,2652.0,3.9,0.269,1,0.025,0,CLT,1,0
6435,202407,50,3976.0,0.1,0.512,1,0.615,0,servidor,0,0
6436,202305,21,1865.0,0.5,0.52,1,0.338,1,aposentado,1,0
6437,202304,61,3412.0,0.1,0.27,0,0.288,1,aposentado,0,0
6438,202401,34,1029.0,11.0,0.502,1,0.142,1,CLT,0,0
6439,202305,24,1662.0,2.5,0.431,0,0.052,2,CLT,0,1
6440,202307,37,3099.0,0.9,0.462,0,0.067,0,CLT,1,0
6441,202401,61,11939.0,3.7,0.661,0,0.168,2,CLT,0,0
6442,202312,34,1480.0,3.7,0.46,0,0.067,1,CLT,0,0
6443,202405,47,1955.0,1.1,0.275,0,0.389,5,CLT,0,1
6444,202304,60,4058.0,2.9,0.724,1,0.602,0,aposentado,0,1
6445,202406,22,8819.0,7.7,0.516,0,0.332,1,aposentado,1,0
6446,202409,58,4028.0,4.3,0.385,0,0.078,1,CLT,1,0
6447,202308,35,5172.0,8.4,0.431,0,0.471,1,aposentado,0,1
6448,202307,55,3075.0,4.0,0.545,0,0.563,0,CLT,1,0
6449,202405,30,2821.0,1.4,0.452,0,0.079,3,servidor,1,0
6450,202407,27,3794.0,5.1,0.472,1,0.333,1,CLT,0,0
6451,202408,59,2620.0,9.2,0.295,1,0.086,0,CLT,0,0
6452,202303,60,5230.0,0.8,0.704,0,0.159,0,CLT,0,0
6453,202406,69,1631.0,2.1,0.387,0,0.397,0,CLT,0,0
6454,202312,54,5682.0,5.1,0.342,1,0.209,1,servidor,1,0
6455,202302,43,3713.0,5.4,0.489,1,0.286,1,aposentado,0,0
6456,202409,30,3270.0,4.9,0.119,0,0.27,1,CLT,1,0
6457,202308,35,1601.0,1.4,0.424,0,0.18,0,CLT,1,0
6458,202302,52,2231.0,25.0,0.471,0,0.313,0,CLT,1,0
6459,202410,37,6630.0,4.4,0.135,0,0.291,1,CLT,0,0
6460,202311,44,3280.0,15.3,0.575,0,0.214,3,CLT,1,0
6461,202309,29,4185.0,4.1,0.428,1,0.474,0,CLT,0,0
6462,202404,42,2345.0,0.2,0.162,0,0.145,2,aposentado,0,0
6463,202402,32,3588.0,7.3,0.16,0,0.472,0,servidor,1,0
6464,202407,26,1833.0,2.2,0.188,1,0.334,0,autonomo,0,1
6465,202410,27,3827.0,10.8,0.616,0,0.44,1,autonomo,1,0
6466,202404,46,4382.0,2.5,0.154,0,0.262,0,aposentado,1,0
6467,202302,38,4274.0,1.9,0.479,1,0.368,2,CLT,0,1
6468,202309,25,2317.0,0.6,0.449,0,0.166,1,autonomo,0,0
6469,202310,46,3069.0,2.2,0.202,0,0.329,0,CLT,0,1
6470,202308,29,4763.0,3.4,0.549,1,0.558,2,aposentado,0,1
6471,202311,21,3276.0,1.2,0.358,1,0.247,5,CLT,0,1
6472,202407,27,3154.0,1.4,0.714,1,0.293,2,autonomo,1,1
6473,202407,42,9431.0,8.8,0.437,0,0.101,0,autonomo,0,0
6474,202304,67,2263.0,8.2,0.488,0,0.672,1,CLT,0,0
6475,202312,32,6249.0,0.7,0.355,0,0.422,3,autonomo,0,0
6476,202303,34,2044.0,0.4,0.633,0,0.072,0,autonomo,1,0
6477,202312,32,5051.0,0.1,0.082,0,0.099,1,CLT,0,0
6478,202307,38,5188.0,6.2,0.389,0,0.118,1,autonomo,0,0
6479,202404,56,2821.0,2.5,0.68,0,0.574,1,CLT,0,0
6480,202405,36,1981.0,2.4,0.228,0,0.153,2,servidor,1,1
6481,202404,53,1359.0,4.0,0.539,1,0.104,2,CLT,1,0
6482,202405,65,2677.0,8.8,0.684,1,0.683,1,CLT,1,1
6483,202307,67,4737.0,0.9,0.802,1,0.134,2,CLT,0,1
6484,202402,48,2124.0,2.7,0.033,0,0.567,1,CLT,0,0
6485,202311,55,3822.0,0.3,0.267,0,0.08,0,CLT,1,0
6486,202306,66,1740.0,1.5,0.126,0,0.365,1,aposentado,0,0
6487,202401,59,3239.0,3.5,0.18,2,0.468,2,CLT,0,0
6488,202307,35,2052.0,2.4,0.327,0,0.656,2,CLT,1,0
6489,202411,27,3502.0,1.1,0.193,0,0.151,0,CLT,0,0
6490,202403,26,2834.0,1.0,0.517,0,0.193,0,servidor,1,0
6491,202305,64,2008.0,18.4,0.64,0,0.456,2,autonomo,0,0
6492,202302,48,2619.0,0.2,0.528,0,0.157,0,CLT,1,0
6493,202406,35,2282.0,5.2,0.348,1,0.389,0,aposentado,1,0
6494,202411,37,1888.0,5.5,0.394,0,0.338,0,CLT,1,0
6495,202406,34,6256.0,2.1,0.592,0,0.266,1,CLT,0,0
6496,202411,60,3041.0,5.0,0.423,0,0.264,1,servidor,1,0
6497,202304,51,1211.0,9.8,0.319,0,0.34,0,servidor,0,0
6498,202302,64,2666.0,3.1,0.295,0,0.26,2,CLT,0,1
6499,202302,35,5752.0,5.4,0.47,0,0.539,1,CLT,1,1
6500,202411,44,2488.0,4.5,0.382,0,0.282,1,aposentado,1,0
6501,202301,26,7699.0,0.8,0.217,0,0.192,1,autonomo,0,0
6502,202310,68,2372.0,0.2,0.316,0,0.419,2,autonomo,1,0
6503,202310,46,4683.0,11.5,0.799,0,0.227,1,autonomo,0,0
6504,202312,48,6114.0,0.8,0.389,0,0.252,1,CLT,0,0
6505,202302,41,4560.0,5.5,0.48,0,0.192,0,servidor,0,0
6506,202401,34,1831.0,11.5,0.194,0,0.202,2,autonomo,1,0
6507,202408,67,2273.0,2.9,0.201,1,0.471,3,autonomo,0,0
6508,202405,44,6536.0,6.3,0.465,2,0.129,2,CLT,1,0
6509,202410,54,2435.0,3.1,0.249,0,0.184,2,aposentado,0,0
6510,202412,22,5930.0,5.5,0.33,1,0.024,2,CLT,0,0
6511,202303,34,2936.0,5.1,0.009,0,0.216,1,autonomo,0,0
6512,202402,60,3908.0,3.6,0.607,0,0.276,1,CLT,1,0
6513,202410,25,1821.0,0.2,0.28,0,0.346,1,autonomo,0,1
6514,202401,25,2686.0,8.7,0.547,0,0.222,4,CLT,1,0
6515,202306,60,2350.0,0.4,0.092,0,0.765,0,aposentado,0,1
6516,202411,36,4076.0,0.5,0.277,1,0.345,3,autonomo,1,1
6517,202309,34,3815.0,0.8,0.221,0,0.195,0,CLT,0,0
6518,202404,48,4589.0,2.2,0.289,2,0.36,2,servidor,0,0
6519,202311,30,2849.0,0.1,0.396,1,0.109,1,servidor,0,1
6520,202304,23,2287.0,0.2,0.234,0,0.583,3,CLT,0,0
6521,202404,21,3989.0,3.2,0.122,0,0.103,0,aposentado,1,0
6522,202411,24,2176.0,14.3,0.682,2,0.29,1,aposentado,1,0
6523,202310,28,6243.0,16.2,0.234,1,0.107,1,autonomo,0,0
6524,202303,55,3438.0,2.6,0.511,0,0.107,0,autonomo,0,0
6525,202311,35,3093.0,6.4,0.329,0,0.207,3,CLT,0,1
6526,202412,24,4587.0,5.1,0.415,0,0.274,2,autonomo,1,0
6527,202308,21,3505.0,4.5,0.191,0,0.117,2,CLT,1,0
6528,202409,44,1589.0,17.4,0.887,0,0.365,0,autonomo,1,0
6529,202303,62,2142.0,3.8,0.259,0,0.509,3,CLT,0,0
6530,202305,37,6179.0,7.2,0.358,0,0.436,1,autonomo,0,0
6531,202411,24,3797.0,4.4,0.606,1,0.168,1,servidor,1,0
6532,202304,32,1571.0,4.2,0.421,0,0.253,3,autonomo,0,1
6533,202403,45,4342.0,7.6,0.501,0,0.276,0,CLT,1,1
6534,202402,30,2753.0,4.8,0.038,0,0.869,2,CLT,1,0
6535,202411,68,2351.0,1.5,0.469,1,0.788,2,aposentado,1,1
6536,202411,58,2054.0,4.5,0.545,0,0.334,0,CLT,1,0
6537,202304,37,6003.0,6.4,0.379,0,0.281,0,aposentado,1,1
6538,202312,67,1363.0,19.5,0.414,1,0.109,1,aposentado,0,0
6539,202404,36,2395.0,9.7,0.275,0,0.448,1,CLT,0,0
6540,202405,27,3866.0,4.0,0.17,1,0.22,3,CLT,0,0
6541,202410,66,8016.0,2.1,0.471,0,0.44,1,CLT,0,0
6542,202305,68,4803.0,0.2,0.618,0,0.234,0,autonomo,1,0
6543,202408,36,2385.0,3.7,0.266,0,0.41,2,CLT,1,0
6544,202302,50,7822.0,1.1,0.454,0,0.182,2,CLT,1,0
6545,202404,29,1849.0,3.1,0.259,1,0.251,0,servidor,1,0
6546,202310,52,4157.0,6.9,0.364,0,0.363,3,servidor,1,0
6547,202408,54,4647.0,9.9,0.608,0,0.595,3,servidor,1,0
6548,202304,55,2344.0,6.1,0.235,0,0.412,1,autonomo,1,0
6549,202405,48,5161.0,26.5,0.283,1,0.401,2,autonomo,1,0
6550,202301,55,2816.0,6.3,0.655,3,0.523,1,autonomo,0,1
6551,202403,48,5154.0,4.6,0.264,0,0.112,0,CLT,0,0
6552,202301,61,1451.0,1.1,0.26,0,0.133,3,CLT,1,0
6553,202406,29,4305.0,7.3,0.226,0,0.319,1,CLT,1,1
6554,202311,44,2963.0,0.1,0.704,0,0.43,0,CLT,1,1
6555,202304,41,6469.0,10.7,0.473,1,0.456,1,CLT,0,0
6556,202309,47,3562.0,17.9,0.279,1,0.368,0,servidor,1,0
6557,202304,27,6800.0,4.5,0.119,0,0.309,4,autonomo,0,1
6558,202405,36,4693.0,12.7,0.343,0,0.161,0,CLT,0,0
6559,202311,67,3416.0,3.1,0.623,1,0.14,0,CLT,1,0
6560,202404,26,5398.0,0.5,0.154,1,0.208,2,CLT,0,0
6561,202409,52,5416.0,1.1,0.565,0,0.092,0,CLT,0,0
6562,202403,53,4610.0,1.2,0.522,0,0.048,0,CLT,1,0
6563,202411,44,1157.0,7.4,0.101,0,0.402,2,aposentado,1,0
6564,202403,22,2228.0,3.8,0.224,1,0.598,0,CLT,1,0
6565,202309,22,7274.0,5.7,0.637,0,0.152,2,autonomo,0,1
6566,202306,34,1943.0,10.5,0.322,1,0.252,2,autonomo,1,1
6567,202304,26,5660.0,0.6,0.128,0,0.362,0,CLT,1,0
6568,202409,25,5183.0,0.3,0.142,0,0.059,0,CLT,0,1
6569,202410,28,2533.0,5.7,0.642,0,0.04,1,autonomo,0,0
6570,202301,30,1343.0,1.2,0.891,0,0.388,2,CLT,0,1
6571,202311,62,2740.0,6.9,0.281,0,0.197,1,autonomo,1,0
6572,202308,52,10291.0,6.9,0.082,1,0.219,1,autonomo,0,0
6573,202405,22,2365.0,8.6,0.445,2,0.459,1,CLT,0,0
6574,202304,51,2448.0,9.2,0.184,1,0.005,0,CLT,1,0
6575,202408,27,2211.0,9.3,0.496,0,0.148,0,autonomo,0,1
6576,202406,41,6683.0,9.3,0.369,0,0.42,1,CLT,0,0
6577,202410,22,3225.0,11.0,0.105,0,0.171,1,servidor,0,0
6578,202312,25,2663.0,15.7,0.297,2,0.072,0,CLT,0,1
6579,202306,27,7382.0,2.2,0.301,0,0.33,2,aposentado,1,0
6580,202305,42,4865.0,15.0,0.359,0,0.177,2,CLT,0,0
6581,202310,43,2299.0,5.5,0.299,1,0.104,1,CLT,0,0
6582,202305,38,1975.0,0.8,0.406,0,0.042,1,CLT,0,0
6583,202304,51,6497.0,1.8,0.469,1,0.336,1,CLT,1,0
6584,202311,56,3672.0,1.8,0.717,0,0.073,1,servidor,0,1
6585,202407,56,1678.0,0.5,0.488,0,0.364,0,CLT,1,0
6586,202306,49,1493.0,4.6,0.677,0,0.18,0,servidor,0,1
6587,202404,47,2084.0,9.8,0.262,1,0.452,0,CLT,1,0
6588,202307,45,1959.0,0.7,0.108,0,0.457,2,CLT,0,0
6589,202407,32,1309.0,20.4,0.759,0,0.089,1,CLT,1,0
6590,202410,44,2101.0,5.2,0.348,1,0.316,2,autonomo,1,1
6591,202312,21,2300.0,4.1,0.142,2,0.094,1,CLT,1,0
6592,202309,68,2889.0,3.5,0.171,2,0.354,2,CLT,0,1
6593,202303,39,8488.0,3.3,0.17,1,0.258,0,servidor,1,0
6594,202304,58,3186.0,1.0,0.451,0,0.273,1,aposentado,0,0
6595,202312,67,3348.0,6.5,0.34,1,0.527,0,autonomo,0,1
6596,202309,45,4697.0,2.3,0.641,0,0.293,1,servidor,0,1
6597,202308,63,3234.0,0.5,0.599,1,0.105,0,CLT,1,0
6598,202410,44,4447.0,11.9,0.478,0,0.315,1,autonomo,0,0
6599,202410,27,4189.0,0.9,0.63,0,0.318,2,CLT,1,0
6600,202309,22,3871.0,21.6,0.546,0,0.31,1,autonomo,0,0
6601,202407,27,14519.0,3.7,0.364,1,0.216,1,CLT,0,0
6602,202312,67,5742.0,1.2,0.21,0,0.263,0,aposentado,0,0
6603,202312,44,2120.0,13.1,0.368,0,0.493,2,servidor,1,0
6604,202303,36,4381.0,5.2,0.464,0,0.324,2,CLT,1,0
6605,202410,42,2451.0,0.3,0.514,0,0.276,0,CLT,0,0
6606,202302,33,4551.0,2.5,0.186,0,0.306,3,CLT,0,0
6607,202303,63,1831.0,5.4,0.31,0,0.047,0,servidor,0,0
6608,202310,69,2092.0,7.7,0.292,1,0.552,1,CLT,1,0
6609,202408,25,4324.0,10.5,0.434,0,0.426,2,CLT,0,0
6610,202301,56,5996.0,0.5,0.4,1,0.334,0,CLT,0,0
6611,202301,37,4681.0,4.0,0.665,0,0.189,0,servidor,0,1
6612,202411,23,5581.0,14.8,0.382,0,0.646,0,CLT,0,0
6613,202403,66,4389.0,3.3,0.485,1,0.494,3,autonomo,1,0
6614,202301,24,3969.0,1.1,0.639,0,0.148,2,CLT,1,0
6615,202302,31,2830.0,13.6,0.773,0,0.419,2,aposentado,0,0
6616,202312,22,5467.0,6.8,0.594,0,0.36,0,CLT,0,0
6617,202304,44,6078.0,8.7,0.234,0,0.214,2,autonomo,1,0
6618,202309,50,3528.0,5.8,0.509,0,0.402,2,autonomo,0,1
6619,202308,36,3434.0,2.0,0.602,1,0.337,4,servidor,1,1
6620,202302,24,8068.0,5.3,0.63,0,0.195,2,servidor,0,1
6621,202312,26,3604.0,1.1,0.403,1,0.506,1,CLT,0,1
6622,202312,66,3781.0,4.0,0.489,0,0.616,4,CLT,1,0
6623,202401,60,4638.0,4.8,0.484,0,0.635,1,autonomo,1,0
6624,202306,66,3467.0,0.8,0.374,0,0.523,2,servidor,0,0
6625,202406,47,2416.0,0.6,0.972,0,0.072,2,autonomo,0,1
6626,202404,47,4398.0,1.5,0.178,1,0.18,1,CLT,0,0
6627,202409,59,3571.0,1.4,0.375,0,0.121,3,servidor,1,0
6628,202301,51,9146.0,6.5,0.289,0,0.564,1,aposentado,0,0
6629,202410,42,5400.0,4.8,0.395,1,0.221,0,CLT,0,0
6630,202407,35,2703.0,1.3,0.32,0,0.36,0,autonomo,1,1
6631,202404,44,5242.0,2.0,0.499,0,0.109,1,autonomo,0,0
6632,202304,24,4247.0,3.4,0.183,0,0.374,2,CLT,0,0
6633,202411,30,7007.0,0.2,0.494,0,0.187,3,CLT,1,1
6634,202404,57,2801.0,7.5,0.282,0,0.316,3,servidor,1,0
6635,202401,63,4001.0,1.2,0.69,1,0.031,2,autonomo,0,0
6636,202412,25,3465.0,1.0,0.188,0,0.143,0,servidor,0,0
6637,202405,25,3749.0,3.7,0.283,0,0.205,2,aposentado,1,0
6638,202404,25,2339.0,3.0,0.367,0,0.124,0,CLT,1,0
6639,202304,59,4856.0,4.8,0.811,0,0.297,0,autonomo,0,0
6640,202401,36,4487.0,15.1,0.439,0,0.609,0,aposentado,0,0
6641,202412,37,6923.0,2.2,0.777,0,0.233,0,servidor,1,1
6642,202312,21,3623.0,11.9,0.553,0,0.705,2,autonomo,0,0
6643,202410,68,2963.0,0.7,0.428,0,0.344,2,CLT,1,0
6644,202401,42,5403.0,19.1,0.261,0,0.225,1,aposentado,0,0
6645,202308,60,2448.0,0.3,0.324,0,0.304,1,aposentado,1,0
6646,202311,55,6263.0,0.7,0.458,0,0.25,0,aposentado,0,0
6647,202309,27,6257.0,3.8,0.39,0,0.157,1,autonomo,1,1
6648,202402,60,6827.0,4.9,0.368,0,0.465,0,CLT,0,0
6649,202404,47,4395.0,4.2,0.581,0,0.338,1,autonomo,0,0
6650,202404,50,2855.0,8.5,0.403,1,0.326,1,autonomo,1,1
6651,202402,30,3845.0,19.5,0.186,0,0.258,2,CLT,0,0
6652,202303,62,4403.0,0.3,0.255,1,0.21,1,CLT,0,0
6653,202303,66,2752.0,0.5,0.441,0,0.278,1,autonomo,0,0
6654,202412,40,7091.0,0.0,0.097,0,0.191,2,CLT,1,0
6655,202306,25,4866.0,1.0,0.58,0,0.241,0,CLT,0,0
6656,202406,62,2331.0,1.2,0.086,0,0.343,0,servidor,1,0
6657,202407,64,9334.0,9.9,0.541,0,0.301,2,autonomo,1,0
6658,202406,45,3823.0,0.2,0.17,0,0.295,2,CLT,0,0
6659,202404,49,2107.0,2.4,0.684,2,0.23,0,autonomo,1,1
6660,202312,31,2404.0,1.9,0.558,0,0.16,2,CLT,0,0
6661,202301,24,7661.0,3.6,0.207,0,0.527,0,CLT,0,0
6662,202307,67,9068.0,0.6,0.66,0,0.17,1,CLT,1,0
6663,202401,44,6031.0,3.6,0.643,3,0.506,2,aposentado,1,1
6664,202302,34,7042.0,1.9,0.878,0,0.317,3,CLT,0,0
6665,202303,54,6690.0,6.6,0.259,0,0.406,3,CLT,0,0
6666,202402,22,4810.0,5.8,0.377,0,0.111,0,autonomo,1,0
6667,202406,24,4292.0,18.1,0.477,0,0.356,1,CLT,0,1
6668,202304,32,4769.0,2.2,0.097,0,0.03,3,servidor,1,0
6669,202308,43,5261.0,8.0,0.508,0,0.238,0,servidor,1,0
6670,202302,38,2513.0,0.1,0.327,1,0.336,3,CLT,0,0
6671,202411,30,5250.0,0.7,0.694,0,0.515,1,autonomo,0,1
6672,202411,38,7550.0,0.6,0.447,0,0.327,3,servidor,0,0
6673,202404,37,3284.0,23.7,0.146,1,0.194,1,aposentado,1,0
6674,202411,46,3113.0,0.3,0.525,1,0.155,2,autonomo,1,0
6675,202406,48,4621.0,1.2,0.082,0,0.264,1,aposentado,1,0
6676,202402,64,2631.0,3.8,0.347,0,0.421,0,CLT,1,0
6677,202403,60,1885.0,3.0,0.243,0,0.113,1,CLT,0,0
6678,202310,35,6463.0,0.9,0.433,1,0.556,1,CLT,0,0
6679,202309,65,2906.0,18.9,0.213,0,0.585,0,autonomo,1,0
6680,202309,46,3675.0,0.4,0.765,1,0.298,0,autonomo,1,1
6681,202411,30,2684.0,2.5,0.111,0,0.213,1,aposentado,1,0
6682,202308,37,6894.0,6.1,0.358,0,0.207,1,autonomo,1,0
6683,202403,57,5578.0,1.6,0.422,3,0.239,1,CLT,1,0
6684,202401,61,3228.0,5.3,0.49,1,0.219,0,servidor,1,0
6685,202306,39,2018.0,0.7,0.322,0,0.612,4,CLT,1,0
6686,202307,28,3061.0,1.6,0.583,0,0.277,3,autonomo,1,1
6687,202405,30,4842.0,0.1,0.35,0,0.142,0,aposentado,0,0
6688,202308,26,4001.0,2.1,0.601,1,0.141,2,autonomo,0,0
6689,202306,55,3845.0,0.0,0.805,3,0.084,3,CLT,0,1
6690,202407,45,4047.0,8.4,0.639,0,0.223,0,CLT,1,0
6691,202305,43,5321.0,1.2,0.317,2,0.222,0,CLT,1,0
6692,202408,53,3566.0,0.4,0.156,0,0.612,2,servidor,0,1
6693,202305,61,4560.0,1.0,0.934,0,0.374,0,CLT,1,0
6694,202408,59,2223.0,5.2,0.532,1,0.121,1,aposentado,0,0
6695,202301,27,13055.0,2.4,0.234,0,0.299,1,CLT,0,0
6696,202302,49,3159.0,14.9,0.584,0,0.444,7,CLT,1,0
6697,202404,64,4031.0,0.7,0.866,0,0.097,1,autonomo,0,0
6698,202411,58,4833.0,4.4,0.496,2,0.257,0,CLT,1,0
6699,202303,37,2965.0,1.3,0.3,0,0.269,1,autonomo,0,1
6700,202302,40,3655.0,11.0,0.262,0,0.294,1,CLT,0,0
6701,202410,64,3633.0,4.3,0.717,1,0.082,3,autonomo,1,0
6702,202311,22,2305.0,13.1,0.179,0,0.319,2,CLT,0,1
6703,202406,46,4534.0,0.1,0.279,1,0.241,0,autonomo,1,0
6704,202301,26,1596.0,1.6,0.665,1,0.56,1,CLT,0,1
6705,202404,64,8746.0,4.4,0.487,0,0.157,1,aposentado,0,0
6706,202301,22,5413.0,22.4,0.681,2,0.351,1,CLT,0,1
6707,202304,22,5012.0,1.6,0.396,0,0.565,1,autonomo,0,1
6708,202310,37,1528.0,14.3,0.69,1,0.098,1,CLT,1,0
6709,202405,30,2450.0,3.2,0.309,1,0.115,0,autonomo,0,0
6710,202404,45,7293.0,3.8,0.409,1,0.537,3,CLT,0,1
6711,202404,35,29017.0,8.1,0.443,0,0.098,0,autonomo,1,0
6712,202411,38,6617.0,2.9,0.395,2,0.092,3,autonomo,1,1
6713,202311,48,6115.0,2.8,0.551,1,0.202,2,servidor,0,1
6714,202301,48,4734.0,2.3,0.576,1,0.201,0,autonomo,1,0
6715,202411,66,2383.0,2.8,0.301,2,0.271,0,CLT,0,0
6716,202305,44,5988.0,6.4,0.824,0,0.169,0,servidor,1,0
6717,202308,48,2099.0,0.5,0.612,0,0.163,1,CLT,0,0
6718,202403,54,1988.0,0.5,0.394,0,0.278,0,autonomo,1,0
6719,202305,29,1926.0,1.7,0.753,0,0.174,1,CLT,1,0
6720,202411,53,5930.0,5.4,0.858,0,0.575,2,autonomo,0,0
6721,202406,63,3538.0,1.0,0.197,1,0.168,2,autonomo,1,0
6722,202409,36,3829.0,10.4,0.732,0,0.534,1,CLT,0,1
6723,202406,29,3613.0,0.6,0.073,1,0.19,3,CLT,0,0
6724,202306,37,2074.0,9.5,0.36,0,0.168,3,servidor,0,0
6725,202407,34,2604.0,4.7,0.421,1,0.344,2,autonomo,1,0
6726,202309,49,2670.0,5.8,0.705,0,0.356,1,CLT,0,0
6727,202310,63,1803.0,7.0,0.107,0,0.086,0,CLT,0,0
6728,202401,50,2830.0,2.1,0.376,0,0.522,0,autonomo,0,0
6729,202408,27,2120.0,2.2,0.738,2,0.118,0,autonomo,0,0
6730,202308,36,4860.0,5.8,0.414,2,0.126,3,autonomo,0,1
6731,202303,54,5067.0,8.9,0.093,0,0.401,3,CLT,1,0
6732,202301,37,1907.0,0.8,0.369,0,0.419,2,aposentado,1,0
6733,202411,49,3139.0,0.9,0.695,0,0.532,2,autonomo,0,1
6734,202306,55,9210.0,1.3,0.402,0,0.598,0,servidor,1,0
6735,202410,37,2230.0,2.4,0.4,0,0.54,2,aposentado,1,0
6736,202407,52,4507.0,6.1,0.611,0,0.439,0,CLT,0,0
6737,202306,40,3838.0,1.1,0.733,0,0.497,0,CLT,0,0
6738,202404,27,6288.0,4.2,0.237,0,0.14,3,CLT,0,0
6739,202303,39,4221.0,5.8,0.271,0,0.199,1,autonomo,1,0
6740,202411,42,2935.0,4.1,0.186,0,0.182,0,autonomo,0,0
6741,202304,21,3765.0,1.8,0.513,0,0.111,0,CLT,0,0
6742,202301,64,3792.0,1.5,0.271,0,0.337,1,CLT,1,0
6743,202411,46,3478.0,4.4,0.047,0,0.219,1,servidor,0,0
6744,202412,22,1883.0,6.8,0.051,0,0.141,0,servidor,1,0
6745,202306,63,6779.0,1.5,0.739,0,0.164,0,CLT,1,0
6746,202303,62,6206.0,14.2,0.385,0,0.107,0,autonomo,0,0
6747,202309,21,2160.0,3.2,0.222,1,0.261,2,CLT,1,1
6748,202301,28,3133.0,3.5,0.365,1,0.222,2,CLT,0,1
6749,202409,38,3253.0,15.6,0.545,1,0.09,1,servidor,1,0
6750,202306,45,2042.0,6.4,0.295,1,0.132,3,CLT,1,0
6751,202306,56,1432.0,14.0,0.593,0,0.354,3,servidor,0,0
6752,202301,41,2604.0,4.4,0.54,0,0.386,2,servidor,0,0
6753,202410,50,3047.0,0.6,0.484,0,0.267,1,CLT,0,0
6754,202305,21,1771.0,0.3,0.345,1,0.382,1,CLT,1,0
6755,202302,53,3978.0,5.6,0.255,0,0.12,0,CLT,0,0
6756,202307,65,6512.0,3.9,0.3,0,0.193,1,CLT,1,0
6757,202301,46,5547.0,17.3,0.48,1,0.179,1,autonomo,1,0
6758,202404,43,3417.0,16.5,0.844,0,0.201,1,CLT,1,0
6759,202404,35,1451.0,14.9,0.538,1,0.146,2,CLT,1,1
6760,202312,67,5207.0,5.0,0.389,0,0.324,2,servidor,1,0
6761,202311,22,3917.0,5.3,0.581,0,0.502,3,servidor,0,0
6762,202411,35,4502.0,2.6,0.497,0,0.036,1,autonomo,0,0
6763,202408,27,9586.0,6.7,0.186,0,0.246,1,CLT,0,0
6764,202306,63,2411.0,4.1,0.239,1,0.215,1,CLT,0,1
6765,202304,44,865.0,1.6,0.058,0,0.187,0,CLT,1,0
6766,202402,66,2150.0,3.6,0.609,0,0.082,0,servidor,0,0
6767,202302,53,4643.0,2.5,0.28,0,0.232,1,CLT,0,0
6768,202403,48,3690.0,3.0,0.374,0,0.052,2,servidor,0,0
6769,202403,46,1983.0,0.7,0.272,1,0.4,2,autonomo,1,0
6770,202407,30,1790.0,3.0,0.347,1,0.278,1,CLT,0,1
6771,202410,48,3049.0,0.8,0.416,0,0.227,3,aposentado,0,0
6772,202311,54,1953.0,3.7,0.447,0,0.127,0,autonomo,0,1
6773,202403,68,4724.0,0.7,0.345,0,0.03,1,aposentado,1,0
6774,202410,47,2964.0,5.3,0.423,1,0.248,2,aposentado,1,0
6775,202409,67,2661.0,3.1,0.22,1,0.411,1,autonomo,0,1
6776,202301,67,2492.0,6.3,0.08,0,0.561,3,servidor,1,0
6777,202405,46,4153.0,3.7,0.417,0,0.28,2,CLT,0,1
6778,202305,42,3719.0,6.0,0.291,0,0.703,3,servidor,0,0
6779,202304,27,4028.0,1.9,0.215,0,0.626,0,servidor,0,0
6780,202405,34,3984.0,2.6,0.306,1,0.096,0,CLT,0,0
6781,202401,64,3512.0,1.8,0.198,0,0.248,1,aposentado,0,0
6782,202411,27,2172.0,0.9,0.43,0,0.228,1,CLT,1,0
6783,202303,40,2527.0,0.3,0.528,2,0.301,1,CLT,1,1
6784,202409,55,2989.0,5.6,0.625,1,0.132,2,autonomo,1,0
6785,202405,32,10225.0,1.2,0.561,0,0.376,3,aposentado,0,1
6786,202411,68,1855.0,6.4,0.322,1,0.227,3,servidor,1,0
6787,202308,52,2953.0,0.8,0.346,1,0.454,0,servidor,1,0
6788,202311,22,3824.0,2.2,0.206,1,0.287,2,servidor,1,0
6789,202410,33,3129.0,4.0,0.341,2,0.241,1,autonomo,1,0
6790,202412,57,6229.0,2.3,0.436,0,0.444,1,autonomo,1,0
6791,202303,63,3121.0,8.6,0.561,1,0.223,3,autonomo,1,1
6792,202312,66,3238.0,4.6,0.305,0,0.379,1,CLT,1,0
6793,202408,62,5472.0,1.5,0.628,1,0.228,2,CLT,0,0
6794,202303,24,9003.0,2.3,0.175,0,0.632,1,CLT,0,0
6795,202402,56,7360.0,11.4,0.55,0,0.158,1,CLT,0,0
6796,202408,26,3400.0,1.8,0.328,2,0.038,0,servidor,1,1
6797,202303,24,3552.0,2.1,0.487,1,0.36,1,CLT,1,0
6798,202311,54,3727.0,5.1,0.135,0,0.272,1,CLT,0,0
6799,202308,44,3919.0,15.1,0.642,0,0.156,0,servidor,0,0
6800,202301,52,2384.0,3.6,0.748,0,0.482,2,CLT,0,1
6801,202306,62,5816.0,1.1,0.558,1,0.274,0,CLT,1,0
6802,202303,24,4037.0,52.5,0.526,1,0.272,2,autonomo,0,0
6803,202306,46,3560.0,0.9,0.151,0,0.283,0,autonomo,0,0
6804,202408,61,1928.0,5.9,0.641,0,0.18,2,autonomo,0,0
6805,202406,42,3756.0,1.4,0.123,0,0.044,2,CLT,0,0
6806,202407,46,1413.0,11.7,0.225,0,0.129,0,CLT,0,1
6807,202304,45,2722.0,6.5,0.443,0,0.379,2,autonomo,1,0
6808,202404,65,2748.0,1.3,0.498,0,0.224,2,CLT,1,0
6809,202301,23,4203.0,0.3,0.676,1,0.174,5,CLT,0,0
6810,202301,64,9320.0,14.4,0.283,0,0.307,2,aposentado,0,0
6811,202309,61,4846.0,4.2,0.138,0,0.222,2,CLT,0,0
6812,202306,60,7512.0,3.4,0.296,1,0.34,2,aposentado,1,0
6813,202305,41,5027.0,18.3,0.404,0,0.573,2,CLT,0,0
6814,202302,46,6390.0,10.6,0.157,0,0.19,2,CLT,1,0
6815,202404,39,9215.0,1.3,0.585,0,0.178,1,CLT,0,0
6816,202309,33,2525.0,2.4,0.231,1,0.292,0,aposentado,1,0
6817,202403,63,2444.0,1.3,0.559,0,0.144,0,servidor,1,1
6818,202405,45,5087.0,11.0,0.871,1,0.253,1,CLT,0,1
6819,202305,56,3634.0,11.4,0.506,0,0.103,0,servidor,0,0
6820,202306,25,4065.0,20.9,0.571,0,0.198,1,CLT,0,0
6821,202412,59,3215.0,3.2,0.24,0,0.141,0,CLT,1,0
6822,202409,53,2702.0,1.7,0.387,0,0.11,0,autonomo,1,0
6823,202401,69,8188.0,1.3,0.364,1,0.263,1,servidor,1,0
6824,202307,27,2101.0,15.7,0.818,1,0.357,3,servidor,1,0
6825,202312,47,5132.0,7.3,0.489,1,0.618,2,CLT,1,0
6826,202412,46,4732.0,9.4,0.287,0,0.449,0,aposentado,1,0
6827,202306,47,1653.0,8.7,0.116,0,0.422,0,autonomo,0,0
6828,202410,23,2403.0,2.1,0.626,0,0.317,0,CLT,0,0
6829,202402,44,2614.0,8.6,0.323,0,0.212,1,servidor,1,0
6830,202306,35,4829.0,0.9,0.472,0,0.243,3,servidor,0,0
6831,202308,51,3030.0,5.8,0.744,0,0.355,3,aposentado,1,1
6832,202308,32,3488.0,2.8,0.336,0,0.203,1,aposentado,0,0
6833,202403,42,1757.0,8.5,0.498,0,0.325,1,servidor,1,0
6834,202310,51,11649.0,0.8,0.541,1,0.315,2,CLT,0,0
6835,202404,24,3773.0,6.5,0.129,0,0.379,2,CLT,1,0
6836,202403,59,4673.0,2.0,0.112,0,0.343,1,autonomo,1,0
6837,202410,56,2779.0,7.0,0.193,0,0.128,1,servidor,1,0
6838,202306,23,2627.0,10.3,0.411,0,0.217,1,autonomo,1,0
6839,202412,24,9474.0,2.6,0.301,0,0.346,1,CLT,1,1
6840,202412,62,1396.0,4.4,0.096,1,0.158,1,autonomo,0,0
6841,202307,34,4185.0,2.7,0.497,0,0.247,0,CLT,1,0
6842,202406,63,1987.0,2.2,0.422,0,0.316,1,servidor,0,0
6843,202409,45,2974.0,0.8,0.491,1,0.073,1,aposentado,1,0
6844,202306,37,2646.0,3.6,0.509,3,0.155,1,autonomo,1,0
6845,202312,34,2224.0,14.4,0.147,0,0.52,1,CLT,1,0
6846,202405,53,3706.0,3.1,0.253,1,0.3,2,aposentado,0,0
6847,202408,26,1008.0,6.4,0.369,0,0.083,1,servidor,1,1
6848,202408,40,3110.0,9.5,0.431,0,0.483,2,CLT,0,1
6849,202402,37,3480.0,3.4,0.425,2,0.257,2,servidor,0,1
6850,202403,28,1845.0,12.0,0.14,0,0.604,0,aposentado,1,0
6851,202311,38,7759.0,0.3,0.503,1,0.221,0,servidor,0,0
6852,202306,46,2705.0,30.5,0.191,1,0.304,1,CLT,0,1
6853,202308,54,3233.0,2.9,0.478,2,0.199,2,autonomo,0,1
6854,202406,25,2708.0,22.6,0.371,0,0.056,1,CLT,1,0
6855,202402,63,3495.0,8.2,0.16,0,0.384,0,CLT,1,0
6856,202401,64,7003.0,1.7,0.183,0,0.574,1,aposentado,0,0
6857,202402,54,12538.0,4.4,0.506,2,0.234,1,aposentado,0,0
6858,202303,66,5286.0,0.1,0.604,1,0.161,2,autonomo,0,0
6859,202310,41,6273.0,5.6,0.331,0,0.337,1,autonomo,0,0
6860,202311,61,8589.0,7.5,0.397,0,0.155,0,autonomo,0,0
6861,202401,56,4123.0,0.8,0.222,0,0.083,1,autonomo,1,0
6862,202301,48,7983.0,2.5,0.464,1,0.176,2,servidor,0,0
6863,202307,29,5411.0,5.2,0.87,0,0.207,2,aposentado,1,0
6864,202411,48,3913.0,2.9,0.501,0,0.528,1,servidor,0,1
6865,202307,65,4338.0,2.1,0.628,0,0.057,1,CLT,0,0
6866,202404,69,1465.0,2.1,0.163,0,0.158,1,CLT,1,0
6867,202407,42,4214.0,1.1,0.416,2,0.484,3,servidor,0,1
6868,202408,33,1683.0,5.8,0.186,0,0.175,0,CLT,0,0
6869,202307,57,1615.0,4.3,0.117,0,0.473,2,servidor,0,0
6870,202406,24,4010.0,13.3,0.216,1,0.562,0,CLT,0,0
6871,202310,28,2086.0,6.2,0.71,1,0.076,2,autonomo,1,1
6872,202404,48,3628.0,1.1,0.275,0,0.496,1,autonomo,1,0
6873,202404,69,3902.0,4.1,0.271,0,0.304,1,CLT,0,1
6874,202411,37,3990.0,8.8,0.341,2,0.184,1,aposentado,0,0
6875,202405,42,2317.0,29.3,0.391,2,0.09,1,CLT,0,0
6876,202410,36,5706.0,0.1,0.304,1,0.408,1,CLT,0,0
6877,202310,42,3482.0,3.9,0.376,0,0.159,1,CLT,0,1
6878,202404,21,4539.0,2.2,0.297,0,0.29,1,autonomo,0,1
6879,202402,50,2002.0,1.6,0.466,0,0.344,1,autonomo,0,0
6880,202312,50,3330.0,4.6,0.146,1,0.493,0,CLT,0,0
6881,202410,36,6302.0,4.2,0.093,0,0.351,1,CLT,1,1
6882,202409,33,5914.0,8.0,0.511,0,0.52,0,CLT,0,0
6883,202409,58,2444.0,2.1,0.22,0,0.43,2,CLT,0,0
6884,202302,30,2772.0,1.3,0.147,0,0.382,1,servidor,0,0
6885,202408,23,2221.0,5.2,0.108,0,0.109,0,CLT,0,0
6886,202404,22,2622.0,0.9,0.45,0,0.162,2,autonomo,1,0
6887,202408,64,1809.0,8.2,0.366,0,0.193,1,CLT,0,0
6888,202402,38,3398.0,9.4,0.222,0,0.33,2,CLT,1,0
6889,202409,25,4997.0,16.3,0.385,0,0.462,1,servidor,1,0
6890,202307,64,2459.0,0.9,0.735,0,0.079,1,CLT,1,0
6891,202406,28,3480.0,4.4,0.232,0,0.169,0,servidor,0,0
6892,202301,37,3261.0,7.5,0.129,1,0.059,2,servidor,0,0
6893,202410,22,6171.0,14.0,0.456,0,0.307,0,CLT,1,0
6894,202401,54,2682.0,5.9,0.061,0,0.473,2,servidor,0,0
6895,202304,55,2731.0,3.4,0.331,0,0.486,3,CLT,1,1
6896,202410,58,2385.0,3.8,0.416,1,0.34,1,autonomo,1,0
6897,202411,33,2062.0,0.9,0.351,0,0.254,1,CLT,0,0
6898,202305,37,4744.0,17.2,0.523,0,0.453,1,CLT,0,1
6899,202403,66,3403.0,3.7,0.304,0,0.128,1,CLT,1,0
6900,202403,61,3742.0,3.8,0.521,1,0.319,1,autonomo,0,1
6901,202312,22,6887.0,0.6,0.353,0,0.091,1,CLT,0,0
6902,202407,54,7087.0,10.3,0.863,1,0.526,0,autonomo,0,0
6903,202403,60,1599.0,5.1,0.745,0,0.08,1,CLT,0,1
6904,202308,48,5034.0,28.1,0.631,0,0.679,2,autonomo,0,0
6905,202310,52,4076.0,3.8,0.185,0,0.199,0,servidor,0,0
6906,202403,21,2891.0,9.0,0.692,1,0.184,0,CLT,1,0
6907,202404,22,4289.0,17.8,0.623,0,0.636,1,autonomo,0,0
6908,202412,22,1536.0,0.2,0.243,0,0.201,0,servidor,1,0
6909,202402,28,7565.0,0.1,0.147,0,0.326,2,CLT,0,1
6910,202301,69,4710.0,0.7,0.61,0,0.104,1,CLT,1,0
6911,202404,52,2362.0,8.6,0.568,0,0.148,1,servidor,0,0
6912,202405,59,2717.0,3.3,0.394,1,0.241,1,CLT,1,0
6913,202404,35,1554.0,3.6,0.348,1,0.384,0,CLT,1,1
6914,202407,66,3112.0,1.9,0.082,1,0.111,0,autonomo,1,0
6915,202302,30,2860.0,19.9,0.44,1,0.662,1,servidor,1,0
6916,202406,65,1877.0,25.2,0.249,0,0.52,0,servidor,1,0
6917,202410,22,5369.0,18.2,0.435,0,0.255,1,autonomo,1,0
6918,202309,22,6894.0,6.3,0.185,1,0.359,2,autonomo,1,0
6919,202307,24,3591.0,0.9,0.803,0,0.06,0,servidor,0,0
6920,202311,59,3125.0,10.3,0.289,1,0.325,3,aposentado,1,0
6921,202306,33,4526.0,5.2,0.132,0,0.496,3,servidor,0,0
6922,202308,43,3605.0,4.7,0.462,0,0.318,1,CLT,1,1
6923,202305,44,2119.0,5.2,0.272,3,0.171,1,autonomo,0,1
6924,202304,59,2627.0,0.9,0.78,0,0.242,1,CLT,0,1
6925,202408,38,3139.0,2.2,0.45,1,0.571,0,CLT,1,1
6926,202411,21,4122.0,1.6,0.727,1,0.257,0,CLT,1,1
6927,202401,39,3658.0,2.1,0.339,0,0.242,2,aposentado,0,0
6928,202408,35,4045.0,1.2,0.372,0,0.547,2,CLT,1,1
6929,202301,56,1699.0,0.4,0.295,0,0.155,2,CLT,1,0
6930,202402,57,5078.0,1.0,0.808,2,0.138,2,servidor,0,0
6931,202311,25,3647.0,1.0,0.455,0,0.28,3,CLT,0,1
6932,202402,59,13048.0,7.1,0.202,0,0.238,0,servidor,1,0
6933,202306,24,2999.0,6.3,0.486,0,0.424,0,CLT,1,0
6934,202409,51,4280.0,16.8,0.427,0,0.218,3,CLT,0,1
6935,202406,40,14982.0,4.9,0.217,0,0.119,0,CLT,0,0
6936,202409,35,4012.0,1.9,0.652,0,0.345,1,CLT,1,1
6937,202306,44,3520.0,6.9,0.283,0,0.485,1,CLT,1,0
6938,202410,36,2223.0,12.4,0.543,0,0.819,0,autonomo,0,0
6939,202408,59,7818.0,0.8,0.44,0,0.427,1,CLT,1,0
6940,202311,68,2039.0,8.4,0.213,0,0.355,2,CLT,0,0
6941,202412,60,4508.0,2.3,0.488,0,0.543,1,aposentado,0,0
6942,202301,42,2873.0,8.7,0.775,1,0.45,2,CLT,0,0
6943,202408,45,3312.0,0.0,0.612,0,0.562,1,aposentado,1,0
6944,202304,42,1787.0,4.8,0.614,1,0.201,0,aposentado,1,1
6945,202311,59,7126.0,0.9,0.215,0,0.282,2,servidor,1,0
6946,202301,48,3169.0,1.7,0.538,1,0.271,0,servidor,1,0
6947,202405,43,1983.0,0.8,0.692,0,0.202,1,CLT,1,0
6948,202401,41,6811.0,7.7,0.284,0,0.233,0,CLT,1,0
6949,202302,39,2830.0,0.2,0.324,1,0.107,2,CLT,0,1
6950,202301,48,4304.0,9.9,0.631,0,0.446,0,CLT,0,0
6951,202409,54,5545.0,1.0,0.336,1,0.141,5,CLT,0,1
6952,202303,42,4615.0,2.4,0.347,1,0.291,1,CLT,1,0
6953,202303,60,1214.0,0.8,0.543,0,0.281,0,CLT,0,0
6954,202403,61,5155.0,7.7,0.554,1,0.195,1,servidor,0,0
6955,202405,42,3462.0,8.3,0.216,0,0.174,1,CLT,0,0
6956,202307,65,3089.0,0.6,0.398,0,0.156,1,CLT,0,0
6957,202407,29,3448.0,0.5,0.358,0,0.292,0,CLT,1,0
6958,202304,66,1628.0,1.6,0.298,1,0.345,1,CLT,1,1
6959,202410,35,4008.0,1.3,0.443,1,0.235,1,autonomo,1,0
6960,202306,48,1841.0,1.0,0.505,1,0.139,0,servidor,0,1
6961,202405,34,3156.0,0.9,0.237,0,0.106,2,CLT,0,0
6962,202302,42,3937.0,1.0,0.24,2,0.3,0,CLT,0,0
6963,202408,37,6229.0,3.6,0.096,0,0.087,1,autonomo,1,0
6964,202408,55,2417.0,3.4,0.774,0,0.153,2,CLT,0,0
6965,202403,24,7524.0,5.8,0.715,0,0.22,2,autonomo,1,0
6966,202309,62,5845.0,4.7,0.447,0,0.064,3,CLT,0,0
6967,202407,65,2937.0,7.7,0.882,0,0.373,2,CLT,0,0
6968,202403,48,2091.0,1.2,0.448,1,0.128,1,autonomo,0,0
6969,202405,47,1769.0,12.5,0.064,0,0.52,2,CLT,1,0
6970,202302,55,4171.0,1.2,0.537,1,0.074,0,servidor,0,0
6971,202310,30,2518.0,5.5,0.391,2,0.193,1,CLT,0,0
6972,202409,57,6632.0,8.8,0.258,0,0.193,1,autonomo,0,0
6973,202408,31,2592.0,4.9,0.628,0,0.072,1,CLT,0,0
6974,202410,54,2321.0,1.2,0.199,0,0.399,1,autonomo,1,0
6975,202404,35,4092.0,2.1,0.483,1,0.199,1,autonomo,0,0
6976,202307,57,2584.0,8.1,0.153,0,0.119,1,servidor,1,0
6977,202403,59,3657.0,11.6,0.386,0,0.547,1,CLT,1,1
6978,202307,31,5961.0,0.0,0.688,0,0.204,1,autonomo,0,0
6979,202409,51,3861.0,7.1,0.624,1,0.455,1,CLT,0,0
6980,202312,45,3868.0,14.9,0.435,0,0.173,0,CLT,1,0
6981,202412,35,4034.0,1.1,0.147,0,0.417,1,CLT,1,1
6982,202407,49,1562.0,1.8,0.771,1,0.35,0,autonomo,1,1
6983,202312,69,4429.0,7.5,0.234,0,0.408,1,CLT,1,0
6984,202408,21,3944.0,1.5,0.333,1,0.406,1,aposentado,1,0
6985,202406,67,5690.0,1.4,0.301,1,0.498,0,aposentado,1,0
6986,202308,62,4929.0,2.3,0.247,0,0.641,3,CLT,0,0
6987,202309,46,3291.0,0.5,0.32,0,0.145,1,CLT,1,0
6988,202304,50,6101.0,5.7,0.351,0,0.484,0,CLT,1,1
6989,202304,39,3145.0,8.1,0.703,0,0.197,0,CLT,0,0
6990,202404,27,4120.0,8.2,0.44,1,0.318,2,servidor,1,0
6991,202411,49,3116.0,6.6,0.431,0,0.187,2,CLT,1,0
6992,202411,61,4587.0,3.5,0.491,1,0.473,4,CLT,1,1
6993,202308,32,3016.0,20.3,0.471,1,0.579,0,CLT,0,0
6994,202311,56,8298.0,11.7,0.684,0,0.445,1,CLT,1,1
6995,202312,57,9983.0,3.9,0.11,1,0.378,4,servidor,1,0
6996,202410,58,5636.0,1.7,0.172,1,0.556,3,autonomo,1,0
6997,202310,37,7869.0,4.9,0.026,0,0.446,3,autonomo,1,0
6998,202309,40,1686.0,0.2,0.108,0,0.324,0,aposentado,1,0
6999,202412,41,1789.0,7.7,0.603,0,0.029,2,CLT,1,0
7000,202409,62,3100.0,3.8,0.2,0,0.13,1,autonomo,0,0
7001,202301,65,3717.0,0.8,0.197,0,0.489,2,CLT,0,0
7002,202312,41,3297.0,5.8,0.298,0,0.366,3,aposentado,0,0
7003,202412,68,1602.0,0.4,0.631,2,0.209,0,CLT,1,0
7004,202403,48,6476.0,23.4,0.408,0,0.267,1,CLT,0,0
7005,202309,39,10690.0,1.1,0.36,0,0.453,0,servidor,1,0
7006,202311,21,6908.0,14.4,0.447,1,0.183,2,autonomo,1,0
7007,202405,50,6265.0,6.4,0.637,0,0.17,0,aposentado,1,0
7008,202403,52,4077.0,2.0,0.523,0,0.29,2,autonomo,0,0
7009,202411,68,2389.0,13.1,0.202,1,0.29,3,CLT,0,1
7010,202303,56,3775.0,0.4,0.603,0,0.503,1,autonomo,1,0
7011,202403,22,10434.0,3.2,0.489,0,0.07,4,CLT,1,0
7012,202310,48,3053.0,2.9,0.71,2,0.165,1,aposentado,1,0
7013,202402,57,2900.0,8.3,0.351,0,0.381,2,aposentado,1,0
7014,202402,45,6334.0,5.3,0.276,0,0.071,0,aposentado,1,0
7015,202303,42,6548.0,0.1,0.548,0,0.11,2,servidor,1,0
7016,202405,60,2383.0,5.8,0.395,1,0.038,0,CLT,0,0
7017,202310,50,3195.0,4.8,0.336,0,0.316,1,CLT,1,1
7018,202412,54,2833.0,2.1,0.461,0,0.092,0,CLT,0,0
7019,202405,43,3770.0,2.1,0.751,0,0.593,1,CLT,1,1
7020,202307,34,6322.0,6.0,0.239,0,0.321,2,servidor,1,0
7021,202306,46,2436.0,4.5,0.224,0,0.188,1,CLT,0,0
7022,202410,67,6278.0,4.5,0.497,0,0.486,0,CLT,1,1
7023,202312,50,3831.0,6.1,0.296,0,0.177,0,CLT,1,0
7024,202412,55,11650.0,7.8,0.405,2,0.542,1,CLT,0,0
7025,202407,27,4270.0,2.1,0.709,0,0.258,0,servidor,0,0
7026,202401,69,3469.0,3.3,0.175,0,0.197,1,autonomo,1,0
7027,202309,32,4853.0,4.1,0.42,1,0.09,0,servidor,0,0
7028,202402,68,3076.0,7.4,0.075,0,0.226,2,autonomo,1,0
7029,202309,42,1484.0,0.5,0.351,1,0.526,2,CLT,1,0
7030,202406,66,3228.0,4.8,0.232,0,0.336,3,CLT,1,1
7031,202311,64,3203.0,1.9,0.441,1,0.521,3,CLT,1,0
7032,202405,58,1642.0,8.1,0.536,2,0.235,1,CLT,0,0
7033,202409,65,3510.0,1.5,0.214,0,0.198,1,CLT,1,0
7034,202312,50,1295.0,1.1,0.363,0,0.222,0,autonomo,0,0
7035,202302,62,3060.0,13.2,0.324,0,0.26,1,CLT,0,0
7036,202406,29,4113.0,0.2,0.597,0,0.433,0,autonomo,0,0
7037,202411,24,3822.0,4.7,0.633,0,0.613,1,CLT,0,0
7038,202411,47,2965.0,2.7,0.303,1,0.384,3,autonomo,1,1
7039,202311,60,3489.0,4.4,0.673,0,0.268,0,CLT,1,0
7040,202404,58,2460.0,5.1,0.41,1,0.349,0,CLT,0,0
7041,202406,46,3661.0,3.7,0.295,0,0.108,2,autonomo,0,0
7042,202406,46,3748.0,4.8,0.18,0,0.488,0,CLT,0,0
7043,202409,50,2321.0,1.6,0.398,0,0.397,0,CLT,0,1
7044,202409,63,4162.0,0.5,0.393,0,0.394,3,CLT,1,0
7045,202409,62,4149.0,1.2,0.839,0,0.322,4,autonomo,1,1
7046,202311,26,3351.0,4.4,0.69,0,0.276,1,CLT,1,0
7047,202303,50,12216.0,0.2,0.61,0,0.151,3,CLT,1,0
7048,202309,39,3394.0,2.4,0.579,0,0.214,0,autonomo,0,0
7049,202309,60,3167.0,3.5,0.577,1,0.313,0,CLT,1,0
7050,202410,45,2948.0,6.9,0.171,2,0.478,1,servidor,0,1
7051,202302,69,2241.0,7.4,0.493,1,0.594,0,CLT,0,0
7052,202403,42,5130.0,8.2,0.529,0,0.106,0,servidor,1,0
7053,202309,54,2583.0,1.7,0.673,0,0.057,2,CLT,1,0
7054,202404,26,2741.0,1.2,0.341,3,0.329,2,CLT,1,1
7055,202309,66,2782.0,2.4,0.181,0,0.144,1,CLT,0,1
7056,202310,28,2225.0,6.8,0.628,0,0.41,3,autonomo,0,1
7057,202406,39,1517.0,9.9,0.393,1,0.672,0,aposentado,0,0
7058,202308,62,2889.0,3.7,0.026,0,0.404,1,autonomo,0,0
7059,202303,68,5635.0,13.4,0.324,2,0.247,2,servidor,0,1
7060,202304,44,4018.0,0.1,0.551,0,0.062,1,CLT,1,0
7061,202405,44,7945.0,10.0,0.798,0,0.418,1,CLT,0,0
7062,202310,23,5300.0,0.7,0.527,0,0.246,1,autonomo,1,0
7063,202402,68,4731.0,3.0,0.489,0,0.117,0,autonomo,0,0
7064,202312,21,9333.0,47.0,0.478,0,0.393,2,CLT,0,0
7065,202312,22,3468.0,0.1,0.375,0,0.847,0,CLT,0,0
7066,202412,44,3758.0,11.4,0.469,0,0.276,0,servidor,0,0
7067,202312,21,3620.0,5.8,0.346,0,0.129,0,CLT,1,0
7068,202308,29,7879.0,4.8,0.585,1,0.385,2,CLT,1,0
7069,202308,51,3646.0,1.3,0.139,2,0.264,2,CLT,0,0
7070,202412,55,2633.0,5.6,0.473,0,0.524,0,aposentado,0,1
7071,202311,35,4885.0,1.2,0.495,0,0.253,1,autonomo,0,0
7072,202408,59,2421.0,9.0,0.31,0,0.097,2,servidor,0,0
7073,202401,50,4754.0,0.7,0.306,0,0.066,3,autonomo,0,0
7074,202312,32,4478.0,2.7,0.823,0,0.187,2,autonomo,0,0
7075,202306,55,3312.0,2.8,0.399,0,0.114,2,CLT,0,0
7076,202306,50,4831.0,2.8,0.343,0,0.523,1,CLT,1,0
7077,202307,60,1730.0,0.1,0.055,1,0.124,1,autonomo,1,0
7078,202303,28,3950.0,23.9,0.669,0,0.69,1,servidor,1,1
7079,202410,32,2889.0,12.5,0.424,0,0.075,1,aposentado,1,0
7080,202410,35,15232.0,7.2,0.508,3,0.526,0,autonomo,1,0
7081,202306,37,3936.0,1.2,0.201,1,0.048,0,servidor,1,0
7082,202309,64,2702.0,2.9,0.664,0,0.401,4,CLT,1,0
7083,202301,56,1828.0,2.7,0.527,0,0.224,2,CLT,0,0
7084,202305,47,6993.0,3.9,0.639,2,0.086,1,CLT,1,0
7085,202301,47,3056.0,1.0,0.095,0,0.421,0,CLT,0,1
7086,202404,64,2451.0,2.2,0.176,1,0.177,1,servidor,1,0
7087,202401,42,4308.0,0.4,0.068,1,0.418,0,autonomo,1,0
7088,202303,32,5038.0,19.6,0.429,0,0.359,1,CLT,1,0
7089,202302,27,4999.0,1.1,0.439,0,0.205,0,CLT,0,0
7090,202410,37,3677.0,1.9,0.308,0,0.257,0,aposentado,0,0
7091,202308,53,3943.0,2.7,0.672,0,0.231,1,CLT,0,0
7092,202406,44,4089.0,1.1,0.69,1,0.181,0,CLT,0,0
7093,202311,41,4308.0,11.6,0.544,1,0.219,3,CLT,0,1
7094,202407,44,4503.0,15.1,0.211,0,0.086,1,autonomo,0,0
7095,202410,68,6293.0,12.1,0.735,2,0.357,1,CLT,1,0
7096,202412,69,3745.0,7.0,0.187,0,0.452,0,CLT,0,0
7097,202304,28,2420.0,6.8,0.243,2,0.316,1,CLT,0,1
7098,202404,26,3388.0,4.3,0.497,0,0.268,1,CLT,0,0
7099,202410,32,5308.0,0.1,0.176,1,0.321,0,CLT,0,0
7100,202404,62,1490.0,3.6,0.343,1,0.086,0,CLT,1,0
7101,202304,43,1495.0,1.0,0.212,0,0.144,1,CLT,1,0
7102,202411,63,5763.0,0.0,0.485,0,0.4,0,autonomo,1,0
7103,202312,52,7786.0,2.4,0.234,0,0.459,0,CLT,0,0
7104,202404,48,1934.0,0.0,0.254,0,0.373,2,CLT,0,0
7105,202311,34,3829.0,1.5,0.528,0,0.353,0,aposentado,0,0
7106,202405,37,2982.0,0.0,0.106,0,0.301,0,CLT,0,0
7107,202401,28,3196.0,6.0,0.716,1,0.152,0,autonomo,1,0
7108,202302,46,4242.0,1.2,0.297,0,0.09,0,CLT,1,0
7109,202308,34,1908.0,13.4,0.326,0,0.343,1,autonomo,1,0
7110,202405,35,2093.0,1.2,0.59,0,0.241,1,CLT,0,1
7111,202309,22,3132.0,13.6,0.247,0,0.148,0,CLT,0,0
7112,202312,60,3386.0,5.1,0.543,0,0.423,2,autonomo,0,1
7113,202304,67,2074.0,3.2,0.922,0,0.28,0,CLT,1,0
7114,202305,45,5404.0,2.7,0.241,0,0.544,2,autonomo,0,0
7115,202405,47,2955.0,1.6,0.371,0,0.513,2,CLT,1,0
7116,202408,66,2949.0,6.1,0.541,0,0.122,0,servidor,0,0
7117,202312,46,4194.0,2.1,0.596,1,0.498,2,CLT,1,0
7118,202310,51,3414.0,1.7,0.497,1,0.121,2,servidor,0,0
7119,202403,41,5534.0,0.4,0.256,1,0.132,1,CLT,0,0
7120,202311,46,2283.0,3.4,0.136,0,0.258,1,CLT,1,0
7121,202411,46,1810.0,3.4,0.196,1,0.333,1,CLT,0,0
7122,202401,55,3118.0,7.7,0.756,0,0.217,1,CLT,1,0
7123,202305,50,3752.0,4.9,0.096,0,0.429,0,autonomo,1,0
7124,202409,45,1958.0,11.7,0.541,0,0.326,2,CLT,0,0
7125,202411,24,1819.0,3.7,0.329,0,0.243,4,CLT,0,1
7126,202306,65,3988.0,11.8,0.292,0,0.069,6,CLT,0,0
7127,202406,64,2493.0,1.8,0.284,1,0.251,1,autonomo,0,1
7128,202403,30,1761.0,1.1,0.223,0,0.086,1,CLT,1,1
7129,202303,35,5900.0,2.0,0.61,0,0.423,3,servidor,0,0
7130,202410,68,2655.0,7.1,0.444,1,0.295,3,servidor,1,0
7131,202412,36,6470.0,9.0,0.27,0,0.196,0,CLT,1,1
7132,202402,60,3693.0,6.1,0.633,0,0.093,1,CLT,1,0
7133,202403,59,4219.0,4.9,0.05,0,0.072,2,autonomo,1,0
7134,202305,63,3276.0,19.2,0.306,1,0.253,1,CLT,1,0
7135,202403,21,965.0,18.5,0.579,0,0.234,3,autonomo,1,1
7136,202402,44,2062.0,0.4,0.677,0,0.098,2,autonomo,1,0
7137,202310,48,3419.0,3.8,0.129,0,0.363,2,CLT,0,0
7138,202401,62,4369.0,1.9,0.313,0,0.164,0,aposentado,0,0
7139,202407,31,1488.0,8.3,0.392,1,0.275,2,CLT,1,1
7140,202407,36,3545.0,14.4,0.194,0,0.174,0,autonomo,1,1
7141,202404,29,2077.0,8.0,0.594,0,0.094,1,CLT,1,0
7142,202407,58,4094.0,6.5,0.44,0,0.637,1,CLT,0,1
7143,202408,69,3606.0,7.8,0.314,2,0.101,2,CLT,0,0
7144,202404,27,5280.0,0.1,0.11,2,0.171,2,CLT,0,0
7145,202302,32,6207.0,26.7,0.468,0,0.172,0,autonomo,1,0
7146,202310,36,4580.0,4.3,0.332,0,0.175,4,aposentado,1,0
7147,202309,64,5598.0,4.1,0.495,1,0.105,1,CLT,1,0
7148,202406,42,3056.0,2.2,0.262,0,0.041,3,autonomo,1,0
7149,202406,34,14936.0,6.4,0.749,0,0.402,2,CLT,1,0
7150,202305,36,1979.0,4.0,0.188,2,0.1,1,CLT,1,0
7151,202403,50,2796.0,4.1,0.175,0,0.344,0,autonomo,0,0
7152,202303,39,5714.0,1.1,0.145,2,0.262,1,autonomo,0,0
7153,202308,27,5305.0,3.4,0.183,0,0.217,2,autonomo,1,0
7154,202303,61,4646.0,0.5,0.811,0,0.3,0,autonomo,1,0
7155,202401,41,5103.0,3.1,0.421,1,0.178,0,CLT,1,0
7156,202407,33,1285.0,1.4,0.24,0,0.181,2,servidor,1,0
7157,202405,56,8060.0,12.1,0.207,0,0.5,4,autonomo,1,0
7158,202306,57,3288.0,7.0,0.319,1,0.283,0,CLT,0,0
7159,202407,28,6788.0,1.3,0.268,0,0.447,1,CLT,1,1
7160,202304,24,1317.0,1.4,0.506,1,0.149,0,servidor,0,0
7161,202407,23,4139.0,0.7,0.513,0,0.416,1,aposentado,1,1
7162,202308,58,2747.0,7.8,0.153,1,0.483,0,autonomo,1,0
7163,202410,51,4847.0,10.1,0.378,0,0.096,1,autonomo,0,0
7164,202407,59,4266.0,1.8,0.527,0,0.116,0,servidor,1,0
7165,202412,51,4372.0,5.9,0.579,1,0.525,0,aposentado,0,0
7166,202411,40,2144.0,0.7,0.483,1,0.286,1,autonomo,1,0
7167,202303,49,3539.0,0.8,0.062,0,0.138,3,CLT,0,0
7168,202402,56,3327.0,1.5,0.412,0,0.468,0,servidor,0,0
7169,202308,40,4664.0,1.1,0.602,0,0.076,1,servidor,0,0
7170,202412,65,5971.0,8.6,0.582,0,0.322,0,aposentado,0,1
7171,202302,65,3925.0,0.3,0.157,4,0.18,0,CLT,1,0
7172,202306,60,1924.0,9.8,0.211,1,0.252,2,CLT,0,0
7173,202409,69,3842.0,1.3,0.897,0,0.224,1,servidor,0,0
7174,202302,40,13434.0,2.0,0.514,0,0.74,2,CLT,1,0
7175,202412,26,8292.0,0.9,0.353,0,0.242,2,CLT,1,1
7176,202401,44,823.0,0.4,0.264,3,0.194,0,aposentado,0,0
7177,202411,57,3758.0,9.9,0.127,0,0.518,2,aposentado,1,0
7178,202303,59,5803.0,2.2,0.325,0,0.159,0,servidor,0,0
7179,202312,40,3324.0,3.1,0.492,1,0.239,1,aposentado,0,1
7180,202310,35,2893.0,1.9,0.445,0,0.317,3,servidor,0,1
7181,202412,42,3186.0,2.1,0.372,0,0.586,0,autonomo,1,0
7182,202309,60,4799.0,1.8,0.373,0,0.217,1,autonomo,1,0
7183,202411,23,2050.0,3.6,0.319,0,0.125,0,CLT,0,0
7184,202312,37,6597.0,2.7,0.315,2,0.187,0,aposentado,1,0
7185,202305,32,3540.0,2.2,0.456,0,0.351,2,CLT,1,1
7186,202302,60,2281.0,0.5,0.053,1,0.343,1,servidor,1,0
7187,202312,44,6388.0,1.4,0.303,0,0.24,1,autonomo,1,1
7188,202409,25,1681.0,10.5,0.291,1,0.144,1,CLT,1,1
7189,202312,33,2758.0,6.4,0.308,0,0.153,0,autonomo,0,0
7190,202306,23,2736.0,0.8,0.621,2,0.052,2,autonomo,0,1
7191,202310,44,10636.0,3.4,0.526,0,0.277,0,CLT,0,0
7192,202310,69,2585.0,11.5,0.596,0,0.116,0,servidor,0,0
7193,202304,48,1240.0,4.5,0.639,0,0.415,2,autonomo,1,0
7194,202304,63,2722.0,10.1,0.17,2,0.518,2,aposentado,0,0
7195,202312,57,4572.0,10.2,0.391,1,0.422,0,autonomo,1,0
7196,202306,64,5389.0,0.6,0.33,0,0.472,1,CLT,0,0
7197,202301,36,11365.0,5.9,0.746,1,0.078,3,CLT,1,0
7198,202311,67,7357.0,2.9,0.329,0,0.367,1,CLT,1,0
7199,202309,32,4000.0,1.4,0.571,1,0.209,1,autonomo,0,1
7200,202408,42,2332.0,1.6,0.587,0,0.057,1,CLT,1,0
7201,202302,54,8201.0,5.7,0.353,0,0.393,0,aposentado,1,1
7202,202411,35,3028.0,33.3,0.781,0,0.22,2,autonomo,1,0
7203,202404,33,2620.0,2.3,0.363,1,0.468,2,CLT,1,0
7204,202401,27,2956.0,7.3,0.257,0,0.074,2,CLT,1,0
7205,202401,21,1947.0,4.1,0.425,1,0.453,0,CLT,0,1
7206,202405,45,2886.0,2.3,0.436,0,0.664,0,CLT,1,1
7207,202310,69,3240.0,0.9,0.357,3,0.052,1,CLT,1,0
7208,202404,31,5247.0,21.5,0.461,0,0.106,0,CLT,1,0
7209,202403,42,2999.0,2.9,0.514,1,0.525,1,autonomo,0,0
7210,202304,66,1932.0,0.3,0.293,1,0.149,0,CLT,0,1
7211,202405,58,1633.0,2.4,0.2,1,0.392,1,aposentado,0,0
7212,202401,21,4043.0,14.6,0.775,1,0.558,0,CLT,1,0
7213,202403,45,3776.0,3.8,0.273,0,0.142,2,CLT,0,0
7214,202308,28,2760.0,0.0,0.369,2,0.229,0,autonomo,0,1
7215,202412,33,2882.0,0.2,0.234,0,0.452,2,autonomo,1,1
7216,202305,33,4422.0,2.1,0.503,2,0.314,0,CLT,1,1
7217,202408,51,7297.0,6.4,0.209,1,0.455,2,autonomo,1,1
7218,202406,30,2465.0,2.3,0.639,0,0.534,1,autonomo,1,1
7219,202305,33,3806.0,10.8,0.26,0,0.38,2,CLT,0,0
7220,202410,32,5879.0,1.5,0.251,0,0.066,1,aposentado,1,0
7221,202301,38,2470.0,7.9,0.667,0,0.072,3,aposentado,1,0
7222,202407,53,3613.0,5.3,0.309,0,0.633,2,CLT,0,0
7223,202410,40,3572.0,2.7,0.725,0,0.496,0,autonomo,0,1
7224,202403,37,1890.0,4.5,0.515,1,0.308,0,CLT,1,0
7225,202412,46,3961.0,9.2,0.69,0,0.355,0,CLT,0,0
7226,202408,51,3699.0,2.0,0.566,1,0.141,1,aposentado,1,1
7227,202306,21,4806.0,6.0,0.677,1,0.16,2,CLT,1,0
7228,202311,64,2011.0,2.2,0.57,1,0.17,0,autonomo,1,1
7229,202403,65,3659.0,6.3,0.859,0,0.219,1,CLT,0,0
7230,202409,50,7265.0,1.5,0.135,1,0.087,1,CLT,0,0
7231,202406,49,10288.0,5.4,0.687,1,0.147,0,servidor,0,0
7232,202404,55,6905.0,3.9,0.502,0,0.116,1,autonomo,0,0
7233,202404,42,2021.0,1.8,0.299,1,0.63,1,CLT,1,1
7234,202304,38,4562.0,16.5,0.393,1,0.711,2,CLT,1,0
7235,202309,38,2860.0,5.3,0.256,0,0.215,1,autonomo,0,1
7236,202406,28,4196.0,9.6,0.678,0,0.314,1,servidor,0,0
7237,202403,62,2475.0,24.3,0.374,0,0.331,3,servidor,1,0
7238,202411,36,1546.0,11.5,0.416,0,0.07,4,CLT,0,0
7239,202401,34,3065.0,12.8,0.198,0,0.408,0,autonomo,0,0
7240,202406,68,5225.0,3.2,0.238,0,0.098,0,CLT,1,0
7241,202403,45,4205.0,1.6,0.326,0,0.19,1,CLT,1,0
7242,202402,51,4454.0,3.4,0.144,1,0.12,0,autonomo,1,0
7243,202403,33,4057.0,1.5,0.177,0,0.377,3,CLT,1,0
7244,202307,34,4457.0,6.4,0.262,1,0.044,3,autonomo,0,0
7245,202301,56,4745.0,7.4,0.344,0,0.186,1,servidor,1,0
7246,202401,43,3174.0,3.0,0.257,0,0.323,1,servidor,1,0
7247,202403,28,3795.0,4.8,0.141,0,0.343,3,CLT,0,0
7248,202301,61,8705.0,0.9,0.406,1,0.466,2,CLT,0,1
7249,202408,40,3909.0,3.9,0.264,0,0.37,2,autonomo,0,0
7250,202310,53,3719.0,0.4,0.549,0,0.192,2,aposentado,0,0
7251,202411,37,3833.0,5.9,0.534,0,0.332,1,aposentado,0,0
7252,202404,48,3265.0,0.8,0.348,0,0.531,1,autonomo,0,1
7253,202308,59,2929.0,9.5,0.479,1,0.338,2,CLT,0,0
7254,202304,64,4041.0,6.3,0.461,0,0.389,0,aposentado,1,1
7255,202308,31,2827.0,0.8,0.16,2,0.039,0,autonomo,1,0
7256,202303,53,3385.0,2.7,0.218,0,0.539,4,CLT,1,0
7257,202301,65,2452.0,1.3,0.65,1,0.235,4,autonomo,0,0
7258,202309,52,3843.0,0.0,0.358,0,0.061,2,CLT,1,0
7259,202405,28,4876.0,12.7,0.471,0,0.169,1,CLT,0,1
7260,202303,30,3275.0,0.1,0.377,0,0.398,1,CLT,1,0
7261,202305,30,1334.0,2.2,0.076,0,0.393,1,servidor,0,0
7262,202411,26,4891.0,4.0,0.352,0,0.227,1,autonomo,1,0
7263,202406,57,3866.0,3.7,0.141,0,0.103,2,autonomo,1,0
7264,202303,68,2216.0,2.0,0.39,0,0.142,2,autonomo,1,0
7265,202304,46,5360.0,5.9,0.378,1,0.226,2,CLT,0,0
7266,202301,50,1809.0,12.0,0.326,0,0.297,1,CLT,1,0
7267,202308,58,6141.0,1.1,0.448,0,0.224,3,CLT,0,0
7268,202311,41,3538.0,0.9,0.659,0,0.356,2,autonomo,1,1
7269,202301,44,1171.0,0.2,0.661,0,0.337,3,CLT,1,1
7270,202410,49,3981.0,0.7,0.505,0,0.333,1,CLT,0,0
7271,202312,35,2972.0,1.2,0.369,0,0.208,2,CLT,0,0
7272,202303,24,2756.0,0.2,0.477,0,0.094,0,CLT,0,1
7273,202309,48,2518.0,5.3,0.502,0,0.478,2,servidor,1,0
7274,202308,61,3417.0,5.0,0.431,1,0.199,0,CLT,0,0
7275,202309,24,2857.0,1.2,0.283,1,0.085,0,CLT,1,0
7276,202307,31,1439.0,4.6,0.138,0,0.097,3,autonomo,0,1
7277,202404,33,6878.0,2.8,0.458,0,0.203,4,aposentado,1,0
7278,202305,60,3222.0,6.2,0.127,0,0.566,0,CLT,0,0
7279,202411,45,2525.0,0.8,0.91,1,0.164,2,aposentado,0,1
7280,202408,47,2071.0,10.3,0.258,0,0.337,2,CLT,1,0
7281,202303,52,5353.0,3.5,0.743,2,0.149,1,CLT,1,0
7282,202301,34,1902.0,2.7,0.509,0,0.063,1,autonomo,0,0
7283,202406,55,3893.0,4.3,0.208,2,0.442,1,CLT,1,0
7284,202303,22,2719.0,11.0,0.563,3,0.454,2,autonomo,0,1
7285,202406,26,2800.0,3.3,0.31,0,0.62,1,autonomo,0,1
7286,202309,60,2097.0,1.5,0.22,0,0.263,2,servidor,1,0
7287,202403,53,2670.0,8.7,0.284,1,0.549,1,autonomo,1,0
7288,202304,29,3657.0,2.5,0.325,1,0.098,0,autonomo,0,0
7289,202310,42,4096.0,3.0,0.218,0,0.151,1,CLT,0,0
7290,202403,23,2458.0,9.3,0.487,2,0.303,3,servidor,1,0
7291,202310,53,3479.0,7.0,0.422,1,0.264,1,autonomo,1,1
7292,202409,58,5677.0,1.6,0.025,0,0.262,2,servidor,0,0
7293,202406,34,1586.0,2.1,0.078,0,0.344,1,CLT,0,0
7294,202310,38,3630.0,10.6,0.386,0,0.212,0,CLT,1,0
7295,202409,32,2263.0,0.7,0.051,1,0.17,1,CLT,1,0
7296,202411,40,2151.0,2.9,0.79,1,0.432,2,CLT,0,1
7297,202312,34,4149.0,5.3,0.381,0,0.245,2,autonomo,0,1
7298,202409,33,2772.0,3.4,0.162,0,0.375,2,autonomo,1,0
7299,202408,42,1981.0,3.1,0.441,0,0.173,1,aposentado,1,0
7300,202408,63,7060.0,10.2,0.052,0,0.17,3,autonomo,1,0
7301,202406,58,5768.0,3.2,0.172,0,0.055,1,CLT,1,0
7302,202305,35,1386.0,5.9,0.547,0,0.356,0,CLT,0,0
7303,202311,67,1742.0,10.5,0.087,2,0.381,1,CLT,1,0
7304,202310,31,4899.0,0.4,0.199,1,0.133,1,servidor,1,0
7305,202302,65,3158.0,10.3,0.599,0,0.117,0,autonomo,0,0
7306,202406,36,7710.0,0.1,0.817,2,0.415,0,autonomo,1,1
7307,202306,47,4955.0,7.1,0.4,0,0.301,0,servidor,1,0
7308,202404,30,4229.0,5.5,0.297,2,0.546,2,autonomo,1,1
7309,202411,58,2184.0,0.7,0.436,0,0.458,0,CLT,0,0
7310,202410,36,4655.0,5.8,0.41,0,0.534,5,CLT,0,1
7311,202406,63,1924.0,6.4,0.476,0,0.306,4,aposentado,0,0
7312,202406,25,6993.0,4.3,0.441,0,0.054,1,autonomo,1,0
7313,202403,45,4497.0,9.4,0.588,0,0.51,2,autonomo,0,1
7314,202407,28,2410.0,2.5,0.526,0,0.313,0,CLT,0,0
7315,202403,64,5444.0,0.0,0.27,0,0.161,1,CLT,1,0
7316,202409,41,11167.0,0.7,0.194,0,0.18,1,CLT,1,0
7317,202406,54,3266.0,5.0,0.345,1,0.173,0,servidor,0,0
7318,202407,64,4794.0,16.8,0.545,0,0.226,2,autonomo,0,0
7319,202303,47,2934.0,17.9,0.199,1,0.289,0,servidor,0,0
7320,202312,23,3800.0,11.4,0.395,1,0.151,0,CLT,0,0
7321,202306,31,1714.0,1.5,0.202,0,0.451,2,CLT,1,0
7322,202411,31,3640.0,3.8,0.338,0,0.344,1,aposentado,1,0
7323,202402,65,3721.0,1.6,0.271,1,0.504,0,autonomo,1,0
7324,202407,65,8951.0,2.2,0.21,0,0.098,1,autonomo,1,0
7325,202305,44,1484.0,2.6,0.498,1,0.322,0,CLT,1,0
7326,202402,64,3164.0,10.4,0.15,0,0.219,0,CLT,0,0
7327,202306,33,6933.0,9.1,0.664,0,0.134,2,servidor,0,0
7328,202411,54,3226.0,12.4,0.159,0,0.313,0,CLT,0,0
7329,202306,40,3342.0,0.6,0.645,0,0.18,1,CLT,0,0
7330,202306,32,2400.0,2.6,0.442,0,0.254,3,aposentado,0,1
7331,202310,33,2284.0,2.0,0.441,0,0.6,1,autonomo,0,1
7332,202401,41,1461.0,1.4,0.447,1,0.433,0,autonomo,1,1
7333,202402,37,2658.0,0.7,0.274,1,0.473,0,CLT,0,1
7334,202307,31,2220.0,4.5,0.095,0,0.133,1,CLT,1,0
7335,202305,37,3862.0,1.0,0.494,0,0.426,1,CLT,0,1
7336,202311,27,2456.0,3.8,0.313,0,0.142,5,CLT,0,0
7337,202302,68,2865.0,2.0,0.397,0,0.225,1,CLT,1,0
7338,202301,39,2904.0,0.4,0.61,3,0.161,0,CLT,0,0
7339,202403,26,3554.0,2.5,0.548,1,0.75,2,aposentado,1,0
7340,202401,49,2795.0,1.6,0.618,2,0.297,1,aposentado,1,0
7341,202409,64,2141.0,12.4,0.675,0,0.42,0,CLT,0,0
7342,202411,38,3800.0,6.0,0.398,0,0.483,1,CLT,1,0
7343,202407,62,6209.0,2.1,0.211,0,0.287,1,servidor,1,0
7344,202302,50,3882.0,3.7,0.149,1,0.512,2,CLT,1,0
7345,202306,57,2684.0,14.5,0.408,0,0.277,1,CLT,0,0
7346,202308,35,3424.0,4.2,0.515,0,0.496,0,autonomo,1,0
7347,202401,22,1306.0,11.7,0.332,0,0.297,0,CLT,1,0
7348,202304,37,3396.0,1.3,0.561,0,0.021,1,autonomo,1,0
7349,202310,66,2980.0,9.3,0.236,1,0.177,1,CLT,0,0
7350,202402,59,2283.0,13.2,0.177,0,0.044,1,aposentado,0,0
7351,202302,59,2500.0,2.8,0.12,1,0.198,4,CLT,1,0
7352,202401,64,2966.0,3.0,0.178,0,0.145,1,CLT,0,0
7353,202301,39,5980.0,4.5,0.415,1,0.402,0,autonomo,0,0
7354,202401,36,6286.0,5.5,0.24,1,0.401,1,servidor,1,0
7355,202406,66,2289.0,3.3,0.424,0,0.239,1,servidor,1,0
7356,202410,49,2810.0,0.9,0.586,0,0.239,1,servidor,1,0
7357,202304,35,2846.0,0.6,0.534,0,0.075,0,autonomo,0,0
7358,202307,34,5458.0,8.4,0.19,0,0.206,2,servidor,1,0
7359,202404,63,3916.0,1.0,0.164,0,0.485,0,CLT,0,0
7360,202308,23,3814.0,0.3,0.4,0,0.225,0,CLT,1,1
7361,202409,24,4761.0,2.8,0.458,1,0.226,1,autonomo,1,0
7362,202304,57,2702.0,2.5,0.383,0,0.328,0,CLT,0,0
7363,202301,21,7201.0,10.1,0.617,0,0.266,0,aposentado,0,0
7364,202312,29,3638.0,0.3,0.372,0,0.111,1,aposentado,0,0
7365,202411,69,2373.0,6.9,0.675,1,0.291,3,CLT,0,0
7366,202302,41,3246.0,3.5,0.682,1,0.204,0,CLT,0,0
7367,202309,56,6741.0,2.6,0.427,1,0.046,0,autonomo,1,0
7368,202405,44,2944.0,3.9,0.549,2,0.263,0,servidor,0,1
7369,202402,25,5853.0,3.2,0.342,1,0.28,2,autonomo,1,0
7370,202305,30,2663.0,0.8,0.55,0,0.338,1,CLT,1,0
7371,202410,58,2483.0,1.0,0.611,0,0.872,4,CLT,1,0
7372,202302,25,5063.0,6.1,0.458,0,0.115,1,servidor,0,0
7373,202401,50,2352.0,0.5,0.413,2,0.424,1,CLT,0,0
7374,202409,38,5493.0,2.2,0.2,0,0.396,3,autonomo,1,0
7375,202411,39,4341.0,1.7,0.287,0,0.521,1,aposentado,0,0
7376,202311,67,2352.0,0.9,0.583,0,0.017,3,autonomo,0,0
7377,202306,50,3513.0,5.5,0.301,2,0.121,0,autonomo,0,0
7378,202305,51,2767.0,4.2,0.305,1,0.17,1,servidor,0,0
7379,202402,38,4335.0,9.7,0.349,1,0.165,2,aposentado,0,0
7380,202311,39,9357.0,7.0,0.682,0,0.234,0,autonomo,0,0
7381,202308,54,3025.0,1.9,0.365,0,0.615,1,aposentado,1,0
7382,202309,22,4755.0,3.4,0.54,0,0.237,2,CLT,0,0
7383,202305,32,3686.0,1.8,0.534,0,0.155,0,servidor,0,0
7384,202403,50,3685.0,3.1,0.748,0,0.563,2,CLT,0,1
7385,202311,51,3352.0,0.4,0.492,0,0.121,0,CLT,0,0
7386,202301,25,2372.0,9.7,0.46,0,0.407,1,CLT,0,0
7387,202305,59,4305.0,8.8,0.131,0,0.353,1,CLT,1,0
7388,202401,47,3151.0,1.1,0.494,0,0.305,2,autonomo,1,0
7389,202401,32,2316.0,2.0,0.476,0,0.292,0,CLT,0,0
7390,202402,57,6046.0,2.1,0.51,0,0.151,0,autonomo,1,0
7391,202310,69,3826.0,0.5,0.43,0,0.369,2,aposentado,1,0
7392,202310,41,3249.0,2.4,0.615,0,0.248,1,servidor,0,0
7393,202405,34,7115.0,4.5,0.183,0,0.416,2,autonomo,0,1
7394,202405,35,1454.0,0.3,0.517,0,0.655,0,CLT,0,1
7395,202404,50,6880.0,8.0,0.685,0,0.099,1,autonomo,1,0
7396,202303,23,2345.0,10.7,0.289,0,0.404,1,servidor,0,0
7397,202407,44,4047.0,10.7,0.089,0,0.134,4,CLT,1,1
7398,202406,22,2713.0,6.1,0.126,1,0.42,1,CLT,1,0
7399,202404,22,2295.0,1.8,0.247,0,0.501,4,autonomo,1,1
7400,202312,42,7023.0,0.8,0.364,0,0.456,0,servidor,0,0
7401,202302,57,9211.0,2.6,0.544,0,0.215,2,autonomo,0,0
7402,202402,64,3260.0,5.1,0.157,0,0.141,0,servidor,0,0
7403,202404,25,4306.0,0.2,0.451,0,0.292,3,CLT,1,0
7404,202312,32,3746.0,17.1,0.388,0,0.225,2,servidor,0,0
7405,202402,41,8649.0,9.9,0.191,0,0.194,2,CLT,0,0
7406,202307,49,1266.0,7.6,0.344,0,0.337,1,autonomo,1,0
7407,202409,69,4396.0,9.2,0.465,0,0.002,0,servidor,1,0
7408,202403,54,2531.0,2.0,0.138,0,0.227,5,CLT,1,0
7409,202310,47,1121.0,3.0,0.247,0,0.4,2,autonomo,0,1
7410,202406,23,3040.0,0.2,0.25,0,0.288,3,servidor,1,0
7411,202306,24,9173.0,4.2,0.217,1,0.231,1,CLT,0,0
7412,202403,28,2623.0,0.6,0.299,0,0.073,4,CLT,0,0
7413,202312,53,5407.0,0.0,0.255,0,0.244,2,autonomo,1,0
7414,202409,37,6630.0,0.7,0.434,0,0.065,2,autonomo,1,0
7415,202402,32,3618.0,2.9,0.266,1,0.108,1,autonomo,1,0
7416,202301,53,3867.0,3.8,0.475,0,0.21,0,CLT,1,0
7417,202408,60,1544.0,3.9,0.422,0,0.544,1,CLT,0,1
7418,202311,42,2545.0,6.5,0.504,0,0.505,1,CLT,1,0
7419,202410,64,5730.0,1.5,0.14,1,0.028,1,servidor,1,0
7420,202403,56,3753.0,1.7,0.386,0,0.344,1,autonomo,0,0
7421,202405,56,4375.0,11.4,0.062,0,0.039,5,CLT,0,0
7422,202410,63,3892.0,6.5,0.613,0,0.302,0,autonomo,1,1
7423,202302,30,10894.0,7.7,0.519,1,0.628,3,CLT,1,1
7424,202402,58,2936.0,31.7,0.295,1,0.182,2,CLT,1,0
7425,202303,67,8125.0,13.9,0.581,0,0.326,2,autonomo,1,0
7426,202406,69,3892.0,15.4,0.453,1,0.382,3,aposentado,0,0
7427,202303,49,8494.0,21.4,0.465,0,0.229,1,CLT,1,0
7428,202412,57,1973.0,4.2,0.486,1,0.346,0,CLT,1,0
7429,202408,64,3993.0,3.1,0.717,0,0.209,3,CLT,0,0
7430,202412,62,2990.0,0.1,0.281,0,0.284,2,CLT,1,0
7431,202310,64,3904.0,7.9,0.622,0,0.203,0,CLT,0,0
7432,202310,61,6709.0,14.3,0.221,0,0.193,2,autonomo,1,0
7433,202409,39,4400.0,3.9,0.398,0,0.035,2,aposentado,0,0
7434,202311,56,6702.0,0.4,0.512,0,0.378,0,aposentado,1,0
7435,202303,41,2604.0,1.0,0.087,0,0.064,1,CLT,1,0
7436,202304,60,2413.0,0.4,0.769,0,0.236,1,servidor,1,0
7437,202410,60,3670.0,3.3,0.493,1,0.06,1,CLT,0,0
7438,202408,66,3571.0,6.7,0.094,1,0.211,0,autonomo,0,0
7439,202304,49,3318.0,9.3,0.486,1,0.106,2,CLT,0,1
7440,202412,44,2255.0,9.1,0.582,1,0.335,2,CLT,1,0
7441,202303,29,6630.0,0.3,0.159,0,0.123,0,autonomo,1,0
7442,202401,52,3037.0,1.7,0.913,1,0.338,0,autonomo,1,1
7443,202412,48,7428.0,0.7,0.247,1,0.044,0,CLT,0,0
7444,202301,46,3664.0,3.1,0.365,0,0.208,1,CLT,1,0
7445,202412,54,5035.0,10.1,0.339,0,0.25,0,servidor,0,0
7446,202308,62,4812.0,0.6,0.274,1,0.311,0,CLT,0,0
7447,202301,28,2411.0,14.0,0.137,0,0.527,2,CLT,1,0
7448,202312,42,4375.0,5.1,0.03,0,0.293,1,servidor,1,0
7449,202301,56,9549.0,0.7,0.225,1,0.611,2,CLT,0,0
7450,202407,61,4129.0,0.6,0.578,0,0.126,0,CLT,1,0
7451,202305,59,5714.0,0.3,0.688,0,0.224,2,CLT,0,0
7452,202408,60,5149.0,0.1,0.102,0,0.076,0,CLT,0,1
7453,202401,62,4245.0,17.3,0.052,0,0.386,0,autonomo,0,0
7454,202409,68,3997.0,5.7,0.05,0,0.506,2,autonomo,1,0
7455,202307,50,4787.0,6.8,0.28,0,0.709,4,aposentado,0,0
7456,202307,33,5333.0,5.9,0.498,0,0.106,0,autonomo,1,0
7457,202406,48,1852.0,13.8,0.187,1,0.308,1,CLT,0,0
7458,202304,55,4120.0,38.8,0.535,1,0.492,1,CLT,1,1
7459,202307,25,3321.0,0.4,0.445,1,0.399,0,CLT,0,0
7460,202409,58,2994.0,4.7,0.302,0,0.431,0,autonomo,1,0
7461,202306,47,6960.0,9.1,0.653,0,0.501,3,servidor,1,0
7462,202408,66,2524.0,5.8,0.614,0,0.127,1,CLT,0,0
7463,202407,31,1813.0,4.0,0.28,0,0.221,1,aposentado,0,0
7464,202407,65,5420.0,10.1,0.627,2,0.548,1,autonomo,1,0
7465,202301,42,1790.0,0.2,0.347,0,0.07,0,servidor,1,0
7466,202306,49,1389.0,14.3,0.361,2,0.503,2,autonomo,0,0
7467,202405,53,5734.0,8.4,0.546,0,0.338,0,CLT,1,0
7468,202402,49,3942.0,0.0,0.465,0,0.332,3,aposentado,1,0
7469,202407,65,4612.0,13.2,0.233,1,0.66,0,CLT,1,0
7470,202401,29,2918.0,3.6,0.486,0,0.139,1,autonomo,1,0
7471,202304,56,1822.0,7.5,0.318,0,0.429,1,CLT,1,0
7472,202301,68,2012.0,17.7,0.465,0,0.268,2,CLT,0,0
7473,202410,31,3178.0,0.2,0.548,0,0.078,1,CLT,0,1
7474,202411,33,1927.0,0.4,0.092,0,0.608,1,CLT,1,0
7475,202408,44,4245.0,0.9,0.59,1,0.076,1,CLT,1,0
7476,202406,56,2889.0,0.4,0.43,2,0.072,0,CLT,1,0
7477,202412,67,3994.0,6.4,0.278,0,0.249,4,servidor,1,0
7478,202404,59,3935.0,2.1,0.031,0,0.315,0,servidor,0,0
7479,202404,59,4418.0,4.3,0.042,0,0.173,0,aposentado,1,0
7480,202404,42,4674.0,8.4,0.769,1,0.251,1,CLT,0,0
7481,202411,52,3066.0,39.7,0.204,0,0.266,1,servidor,1,0
7482,202402,31,3992.0,0.6,0.485,2,0.05,2,CLT,1,1
7483,202408,43,4097.0,3.3,0.673,0,0.412,0,autonomo,0,1
7484,202411,30,1081.0,3.1,0.734,1,0.18,1,CLT,1,0
7485,202306,22,5030.0,2.6,0.737,1,0.154,1,aposentado,1,0
7486,202307,62,3924.0,4.6,0.635,0,0.17,5,CLT,1,1
7487,202406,60,4827.0,3.3,0.217,0,0.23,0,servidor,0,1
7488,202401,46,1913.0,2.2,0.148,0,0.136,0,servidor,0,0
7489,202409,21,3109.0,5.2,0.224,0,0.066,0,servidor,0,0
7490,202309,25,2110.0,1.6,0.111,0,0.101,0,CLT,1,0
7491,202302,26,5283.0,2.6,0.069,0,0.726,2,CLT,1,0
7492,202311,56,1803.0,1.0,0.657,0,0.241,1,CLT,0,1
7493,202402,30,2289.0,1.2,0.165,0,0.347,1,autonomo,0,0
7494,202304,33,4756.0,1.2,0.144,0,0.413,4,autonomo,0,0
7495,202405,63,2658.0,3.7,0.636,2,0.296,4,aposentado,0,1
7496,202302,63,2289.0,1.3,0.311,0,0.14,1,CLT,0,0
7497,202305,58,5729.0,1.4,0.669,0,0.325,2,aposentado,0,0
7498,202311,36,5848.0,8.1,0.53,0,0.364,4,autonomo,1,1
7499,202412,49,5224.0,9.6,0.537,0,0.385,4,autonomo,0,0
7500,202306,30,5566.0,1.4,0.267,2,0.069,2,autonomo,1,0
7501,202408,63,3243.0,4.3,0.349,0,0.198,0,CLT,1,0
7502,202311,25,3287.0,4.6,0.508,1,0.478,2,aposentado,0,0
7503,202307,57,2633.0,0.2,0.481,0,0.076,1,CLT,0,0
7504,202308,46,3959.0,0.2,0.143,0,0.323,0,CLT,1,0
7505,202407,58,2796.0,5.5,0.559,1,0.215,1,autonomo,0,1
7506,202306,43,2932.0,0.7,0.405,0,0.197,3,CLT,0,0
7507,202306,28,4915.0,5.6,0.928,1,0.55,0,autonomo,1,0
7508,202301,57,6583.0,2.3,0.397,0,0.281,1,autonomo,1,1
7509,202306,51,4443.0,0.7,0.234,0,0.213,6,servidor,1,0
7510,202304,43,8930.0,10.1,0.171,0,0.304,0,CLT,1,0
7511,202407,39,2559.0,2.2,0.672,0,0.414,1,CLT,0,0
7512,202408,37,1452.0,1.6,0.573,1,0.373,1,CLT,1,1
7513,202411,44,5205.0,4.3,0.734,1,0.326,0,autonomo,1,1
7514,202306,33,2475.0,6.0,0.249,0,0.447,2,servidor,1,0
7515,202304,34,3175.0,1.2,0.684,1,0.11,1,CLT,0,1
7516,202303,34,1503.0,6.6,0.243,0,0.583,0,CLT,0,1
7517,202310,21,2322.0,0.3,0.46,0,0.178,1,autonomo,1,0
7518,202410,66,1718.0,4.1,0.186,0,0.413,1,CLT,1,1
7519,202304,32,2930.0,3.7,0.445,0,0.347,2,CLT,1,1
7520,202304,29,2989.0,4.9,0.412,0,0.48,3,aposentado,0,1
7521,202305,28,3808.0,9.0,0.966,1,0.365,3,CLT,0,0
7522,202402,69,6767.0,10.3,0.392,0,0.59,0,CLT,1,0
7523,202410,44,5107.0,33.5,0.22,1,0.257,1,autonomo,0,0
7524,202306,37,1618.0,7.1,0.471,0,0.098,3,servidor,0,0
7525,202411,40,4935.0,2.1,0.445,0,0.338,6,CLT,0,1
7526,202410,25,3850.0,8.3,0.521,0,0.182,1,aposentado,0,0
7527,202304,36,3467.0,9.1,0.655,0,0.186,1,autonomo,0,0
7528,202411,33,3600.0,9.1,0.195,0,0.584,0,CLT,0,0
7529,202411,60,4033.0,0.4,0.058,0,0.202,0,CLT,0,0
7530,202406,23,2576.0,13.1,0.387,0,0.479,0,CLT,1,0
7531,202401,41,3324.0,3.3,0.699,0,0.189,0,CLT,0,0
7532,202312,59,6581.0,5.9,0.339,0,0.092,2,CLT,1,0
7533,202305,61,2561.0,12.7,0.252,0,0.361,0,autonomo,1,0
7534,202404,46,2176.0,5.4,0.239,0,0.382,1,aposentado,0,0
7535,202410,31,3530.0,2.6,0.686,1,0.102,1,CLT,1,0
7536,202309,37,2069.0,5.2,0.421,0,0.123,0,CLT,1,0
7537,202304,31,1539.0,10.6,0.529,0,0.083,1,autonomo,1,0
7538,202411,53,3065.0,2.1,0.419,0,0.285,1,CLT,1,0
7539,202308,35,7512.0,0.6,0.264,0,0.197,1,autonomo,0,1
7540,202301,51,3571.0,1.2,0.177,0,0.272,1,CLT,0,0
7541,202409,53,3981.0,13.6,0.364,0,0.167,0,CLT,0,0
7542,202305,67,1255.0,1.9,0.203,1,0.375,0,autonomo,0,0
7543,202303,39,4533.0,1.7,0.435,0,0.276,0,autonomo,0,0
7544,202311,68,3815.0,4.6,0.518,0,0.426,0,CLT,1,0
7545,202409,40,2611.0,1.6,0.486,0,0.587,6,autonomo,1,1
7546,202402,54,3984.0,6.2,0.369,1,0.35,1,autonomo,1,0
7547,202305,53,3964.0,6.5,0.343,2,0.255,1,autonomo,1,1
7548,202411,61,2144.0,8.2,0.272,0,0.306,2,CLT,1,1
7549,202409,43,4298.0,1.2,0.33,0,0.33,0,autonomo,1,0
7550,202412,59,6625.0,1.6,0.607,0,0.46,0,CLT,0,1
7551,202302,38,3249.0,5.5,0.511,0,0.42,2,CLT,0,0
7552,202404,45,2359.0,3.3,0.676,0,0.202,1,CLT,0,0
7553,202310,45,3332.0,2.7,0.273,0,0.558,1,autonomo,1,0
7554,202404,55,5582.0,0.1,0.687,0,0.262,2,CLT,1,0
7555,202410,51,1972.0,0.8,0.45,0,0.293,1,CLT,1,0
7556,202304,24,4862.0,3.0,0.647,0,0.38,3,CLT,0,0
7557,202303,60,2594.0,10.0,0.383,0,0.312,0,aposentado,1,0
7558,202409,58,4109.0,11.3,0.492,1,0.631,2,CLT,1,1
7559,202312,26,2746.0,2.8,0.747,1,0.105,2,servidor,0,0
7560,202407,68,2742.0,4.3,0.399,0,0.354,2,autonomo,0,1
7561,202411,53,7797.0,4.8,0.711,0,0.38,1,autonomo,1,0
7562,202303,25,1800.0,1.5,0.595,0,0.671,1,CLT,0,0
7563,202403,45,4641.0,0.5,0.221,0,0.149,1,CLT,1,0
7564,202305,61,8653.0,1.9,0.055,0,0.08,1,autonomo,1,0
7565,202309,34,5129.0,1.3,0.624,0,0.08,0,CLT,1,1
7566,202407,66,1871.0,4.1,0.333,1,0.229,0,CLT,1,0
7567,202308,41,1918.0,4.8,0.421,1,0.179,2,autonomo,1,0
7568,202306,32,2500.0,2.5,0.291,2,0.33,2,CLT,0,1
7569,202312,38,3940.0,4.0,0.151,1,0.413,1,autonomo,0,0
7570,202311,46,4076.0,2.5,0.646,0,0.179,4,autonomo,0,0
7571,202306,54,1928.0,2.3,0.18,0,0.261,2,CLT,0,0
7572,202402,66,2353.0,2.0,0.324,1,0.047,2,aposentado,1,0
7573,202405,30,2427.0,14.9,0.376,0,0.435,2,CLT,0,0
7574,202408,68,3326.0,1.3,0.532,0,0.429,1,CLT,0,0
7575,202409,46,9822.0,2.6,0.478,0,0.423,2,servidor,1,0
7576,202406,27,2283.0,5.3,0.34,0,0.454,1,CLT,1,0
7577,202410,66,2234.0,0.3,0.622,1,0.366,2,autonomo,0,1
7578,202408,38,2066.0,1.8,0.138,0,0.165,0,servidor,1,0
7579,202406,51,5003.0,0.3,0.668,1,0.097,1,autonomo,0,1
7580,202307,55,3566.0,0.1,0.32,0,0.337,0,autonomo,1,0
7581,202412,21,2326.0,1.0,0.372,0,0.27,2,servidor,0,1
7582,202408,31,3037.0,2.6,0.193,0,0.215,0,CLT,1,0
7583,202407,54,2451.0,6.9,0.108,1,0.263,2,autonomo,1,0
7584,202302,36,4221.0,2.4,0.091,1,0.474,0,autonomo,1,0
7585,202411,21,13935.0,1.9,0.461,1,0.217,1,CLT,1,1
7586,202412,22,4795.0,4.7,0.266,0,0.455,1,autonomo,0,0
7587,202404,61,3476.0,12.2,0.445,0,0.093,1,CLT,1,0
7588,202310,28,2611.0,1.0,0.208,1,0.377,2,CLT,0,1
7589,202303,25,1860.0,3.3,0.423,1,0.509,0,servidor,1,0
7590,202310,48,5255.0,0.2,0.451,2,0.136,0,autonomo,0,0
7591,202408,26,5114.0,9.5,0.65,0,0.116,1,autonomo,1,0
7592,202401,53,2884.0,3.1,0.758,0,0.198,2,autonomo,1,0
7593,202305,47,6679.0,0.8,0.507,1,0.518,0,CLT,0,0
7594,202402,52,3680.0,2.0,0.548,1,0.206,1,CLT,0,0
7595,202312,45,5364.0,3.0,0.195,0,0.376,1,autonomo,0,0
7596,202404,59,4222.0,1.7,0.284,0,0.294,0,autonomo,0,1
7597,202301,52,3332.0,4.8,0.372,0,0.254,0,CLT,1,0
7598,202409,41,2259.0,6.2,0.469,0,0.504,1,CLT,0,0
7599,202408,21,3385.0,0.1,0.152,0,0.4,1,CLT,0,1
7600,202311,34,5547.0,2.3,0.388,0,0.282,1,CLT,1,1
7601,202411,27,2824.0,6.1,0.179,0,0.134,0,autonomo,0,0
7602,202411,21,4536.0,5.7,0.481,0,0.05,1,autonomo,1,0
7603,202406,34,2119.0,4.3,0.345,1,0.345,0,autonomo,1,0
7604,202411,31,5378.0,7.6,0.319,0,0.727,1,CLT,1,0
7605,202311,24,4258.0,1.9,0.62,1,0.523,2,servidor,0,1
7606,202411,36,1996.0,9.9,0.411,0,0.23,2,autonomo,1,1
7607,202310,45,3255.0,0.3,0.192,1,0.187,1,CLT,0,0
7608,202409,29,5801.0,1.1,0.258,0,0.197,0,autonomo,0,0
7609,202302,34,1940.0,0.3,0.483,0,0.251,1,CLT,1,1
7610,202302,21,2131.0,3.5,0.211,0,0.222,1,CLT,0,0
7611,202401,23,3517.0,6.0,0.453,0,0.216,2,autonomo,0,1
7612,202406,28,10579.0,2.4,0.367,1,0.323,1,CLT,1,1
7613,202406,43,2601.0,1.4,0.591,1,0.195,1,autonomo,1,1
7614,202410,53,4664.0,1.3,0.799,0,0.287,1,autonomo,0,0
7615,202310,59,4147.0,4.7,0.679,0,0.443,2,aposentado,1,0
7616,202311,51,2711.0,2.7,0.444,0,0.387,2,aposentado,1,1
7617,202302,51,3946.0,15.7,0.515,0,0.149,0,autonomo,1,0
7618,202312,66,2911.0,4.3,0.366,0,0.443,1,autonomo,0,0
7619,202309,33,3045.0,5.4,0.387,1,0.278,2,aposentado,0,0
7620,202402,60,1587.0,0.3,0.349,1,0.356,4,CLT,0,0
7621,202302,66,3597.0,17.9,0.774,0,0.222,0,aposentado,0,0
7622,202409,48,5708.0,2.0,0.351,0,0.1,1,CLT,1,0
7623,202311,62,3747.0,20.0,0.427,1,0.275,2,autonomo,1,0
7624,202404,27,6281.0,2.0,0.338,0,0.388,0,aposentado,0,0
7625,202412,64,4867.0,8.2,0.206,1,0.116,1,autonomo,0,0
7626,202309,48,3534.0,0.0,0.425,0,0.32,1,autonomo,0,0
7627,202406,31,2660.0,2.4,0.719,0,0.095,2,CLT,1,0
7628,202411,24,2855.0,1.5,0.352,0,0.28,0,aposentado,1,1
7629,202302,56,1745.0,1.3,0.381,0,0.224,0,servidor,1,0
7630,202302,42,3186.0,1.8,0.251,0,0.172,1,CLT,1,0
7631,202401,36,3917.0,1.8,0.59,0,0.411,1,aposentado,0,0
7632,202410,40,8584.0,4.1,0.397,0,0.336,1,autonomo,0,0
7633,202401,69,4742.0,1.1,0.042,0,0.274,2,autonomo,1,0
7634,202408,41,2363.0,2.3,0.363,1,0.181,0,autonomo,0,0
7635,202411,24,1773.0,1.0,0.471,0,0.424,2,autonomo,0,1
7636,202303,34,3284.0,1.5,0.385,0,0.231,1,servidor,1,0
7637,202304,28,5464.0,7.2,0.701,3,0.472,2,CLT,0,1
7638,202412,54,3261.0,0.0,0.034,1,0.252,0,autonomo,1,0
7639,202410,60,4774.0,12.0,0.473,0,0.213,3,CLT,0,0
7640,202311,62,3326.0,2.0,0.675,0,0.067,0,aposentado,0,0
7641,202308,52,5211.0,2.3,0.292,0,0.165,0,CLT,1,0
7642,202301,58,1638.0,12.9,0.348,1,0.213,0,autonomo,0,0
7643,202307,41,8120.0,3.2,0.327,1,0.353,2,CLT,1,0
7644,202302,51,2088.0,13.4,0.197,0,0.499,1,aposentado,1,0
7645,202402,26,5415.0,2.7,0.161,1,0.235,0,aposentado,1,0
7646,202304,47,3178.0,0.2,0.439,0,0.238,4,aposentado,1,0
7647,202407,48,3436.0,2.2,0.371,0,0.141,3,autonomo,1,0
7648,202305,22,3227.0,3.1,0.411,1,0.154,0,servidor,0,0
7649,202411,47,4137.0,11.3,0.577,1,0.403,1,autonomo,1,1
7650,202401,56,4577.0,8.2,0.213,0,0.327,0,aposentado,1,0
7651,202409,39,6181.0,0.2,0.164,1,0.524,1,CLT,0,0
7652,202303,47,7361.0,3.2,0.364,1,0.187,0,CLT,0,0
7653,202409,35,4298.0,9.7,0.32,0,0.495,0,autonomo,0,1
7654,202311,34,8577.0,7.6,0.356,0,0.274,1,autonomo,0,0
7655,202308,27,3814.0,0.6,0.122,0,0.161,0,autonomo,1,1
7656,202310,37,6240.0,5.8,0.519,0,0.31,0,servidor,0,0
7657,202311,60,4511.0,12.7,0.432,0,0.099,1,CLT,0,0
7658,202405,66,2767.0,6.1,0.346,0,0.308,2,servidor,1,0
7659,202304,52,3986.0,10.6,0.719,1,0.131,1,CLT,1,1
7660,202310,51,4682.0,8.1,0.352,0,0.164,1,autonomo,0,0
7661,202309,51,3583.0,3.6,0.522,0,0.183,1,CLT,1,0
7662,202303,44,4476.0,2.3,0.571,0,0.109,0,CLT,0,0
7663,202402,41,5612.0,1.4,0.413,0,0.084,1,CLT,1,0
7664,202302,51,3599.0,0.8,0.401,1,0.185,0,servidor,0,0
7665,202402,59,836.0,1.1,0.1,1,0.327,0,CLT,0,0
7666,202403,41,8426.0,8.3,0.4,0,0.373,1,CLT,0,1
7667,202406,48,3138.0,2.0,0.688,0,0.241,5,autonomo,0,1
7668,202306,44,2412.0,7.3,0.474,0,0.37,4,CLT,1,1
7669,202307,34,2075.0,7.2,0.153,0,0.504,0,CLT,0,0
7670,202302,35,3077.0,3.6,0.651,0,0.292,1,autonomo,0,0
7671,202301,24,2748.0,9.4,0.34,0,0.4,2,CLT,1,0
7672,202409,42,2519.0,2.8,0.424,0,0.475,1,CLT,1,0
7673,202404,55,2589.0,6.7,0.244,0,0.428,3,autonomo,1,0
7674,202302,54,4745.0,12.7,0.791,0,0.149,1,autonomo,1,0
7675,202410,69,10049.0,4.1,0.256,0,0.068,3,CLT,1,0
7676,202303,22,5488.0,3.2,0.532,2,0.554,0,autonomo,1,1
7677,202304,58,6382.0,16.0,0.5,1,0.237,0,aposentado,1,0
7678,202402,59,3015.0,13.2,0.265,0,0.136,0,servidor,0,0
7679,202311,42,3837.0,31.6,0.116,0,0.381,1,autonomo,0,0
7680,202412,34,4506.0,3.1,0.281,1,0.44,2,CLT,0,1
7681,202401,38,2618.0,4.7,0.844,0,0.086,2,CLT,1,0
7682,202404,54,2943.0,11.4,0.623,0,0.375,3,CLT,0,0
7683,202303,63,5582.0,0.6,0.106,0,0.348,0,servidor,0,0
7684,202406,52,6280.0,4.1,0.553,0,0.242,2,CLT,0,0
7685,202403,46,3766.0,5.7,0.579,0,0.298,0,CLT,1,1
7686,202312,52,2003.0,4.5,0.188,0,0.425,1,CLT,1,0
7687,202405,24,3141.0,3.5,0.203,0,0.125,1,servidor,0,0
7688,202410,50,1771.0,9.2,0.619,0,0.249,1,autonomo,0,1
7689,202311,23,3780.0,0.9,0.458,0,0.377,1,CLT,0,0
7690,202306,67,4137.0,1.6,0.214,1,0.419,3,servidor,0,0
7691,202401,64,3180.0,8.7,0.076,0,0.312,2,autonomo,0,0
7692,202306,45,4109.0,1.9,0.479,0,0.52,0,autonomo,1,0
7693,202409,39,4485.0,9.2,0.525,1,0.119,0,aposentado,0,0
7694,202305,56,4140.0,0.0,0.417,0,0.141,0,aposentado,1,0
7695,202312,52,1997.0,2.8,0.498,0,0.195,3,autonomo,0,1
7696,202308,55,3208.0,1.3,0.552,1,0.461,0,autonomo,0,0
7697,202302,46,4469.0,1.6,0.532,1,0.515,3,servidor,1,1
7698,202302,32,8017.0,13.0,0.404,0,0.215,0,CLT,1,0
7699,202407,24,3178.0,2.1,0.489,0,0.277,1,CLT,0,1
7700,202402,34,4795.0,0.5,0.132,0,0.279,1,autonomo,0,0
7701,202308,46,5648.0,8.5,0.568,0,0.221,2,CLT,0,0
7702,202410,41,3300.0,10.5,0.299,0,0.625,0,CLT,0,0
7703,202309,45,6465.0,2.7,0.562,2,0.158,1,servidor,1,1
7704,202402,34,6641.0,1.6,0.255,0,0.412,0,servidor,1,0
7705,202301,66,7260.0,0.2,0.677,0,0.195,1,autonomo,1,0
7706,202406,38,4579.0,8.2,0.762,0,0.235,2,autonomo,1,1
7707,202402,62,11850.0,6.0,0.138,1,0.238,2,CLT,0,0
7708,202403,40,2677.0,4.3,0.214,0,0.408,0,autonomo,0,0
7709,202410,42,10531.0,4.0,0.743,1,0.536,0,aposentado,1,0
7710,202306,50,5346.0,8.7,0.401,0,0.425,1,autonomo,1,0
7711,202309,33,7117.0,1.0,0.385,2,0.125,0,CLT,0,0
7712,202411,31,3103.0,3.2,0.12,0,0.475,1,CLT,0,0
7713,202409,39,5554.0,6.6,0.241,0,0.767,0,autonomo,0,1
7714,202401,60,7432.0,2.3,0.19,1,0.426,1,CLT,0,0
7715,202308,28,2114.0,9.0,0.412,0,0.372,0,autonomo,1,0
7716,202406,42,3355.0,3.2,0.589,0,0.267,5,CLT,0,1
7717,202312,53,1248.0,3.7,0.651,1,0.064,1,CLT,0,0
7718,202405,55,3330.0,4.8,0.308,0,0.146,1,CLT,0,0
7719,202411,42,2421.0,9.6,0.275,0,0.141,4,autonomo,1,0
7720,202309,24,3265.0,0.3,0.68,0,0.275,0,CLT,0,1
7721,202410,21,15706.0,9.3,0.516,0,0.191,2,autonomo,1,0
7722,202408,44,8595.0,0.0,0.53,0,0.364,1,CLT,1,0
7723,202402,60,1773.0,6.9,0.457,1,0.111,0,CLT,1,0
7724,202408,22,4807.0,0.4,0.568,0,0.364,3,CLT,1,1
7725,202412,64,5429.0,11.5,0.495,1,0.462,1,servidor,1,0
7726,202403,54,3075.0,7.9,0.116,0,0.186,2,CLT,0,1
7727,202404,21,3980.0,2.2,0.359,0,0.246,1,CLT,1,0
7728,202302,37,4180.0,8.6,0.558,0,0.143,2,CLT,0,0
7729,202307,31,1857.0,2.3,0.089,0,0.233,1,servidor,1,0
7730,202409,67,2174.0,11.2,0.649,1,0.418,1,CLT,1,0
7731,202404,48,3969.0,12.7,0.391,1,0.079,0,CLT,1,0
7732,202405,36,3826.0,2.1,0.348,0,0.183,0,CLT,0,0
7733,202401,34,2555.0,1.8,0.569,0,0.108,2,CLT,1,0
7734,202310,48,2447.0,4.0,0.761,1,0.625,1,CLT,1,0
7735,202308,21,3481.0,0.5,0.147,0,0.448,2,autonomo,1,1
7736,202303,33,5671.0,13.8,0.507,0,0.423,2,autonomo,0,1
7737,202304,29,3504.0,7.0,0.609,0,0.146,0,autonomo,1,0
7738,202406,51,8196.0,7.5,0.179,0,0.281,1,CLT,0,0
7739,202310,53,2571.0,6.5,0.325,0,0.339,0,autonomo,1,0
7740,202303,43,4010.0,0.0,0.433,0,0.069,1,aposentado,0,0
7741,202409,27,3050.0,7.6,0.626,1,0.178,2,CLT,0,1
7742,202407,39,4885.0,5.1,0.156,0,0.1,0,aposentado,1,0
7743,202406,62,2463.0,13.5,0.103,0,0.333,0,autonomo,1,0
7744,202405,30,9544.0,5.2,0.732,1,0.028,1,autonomo,0,1
7745,202311,29,1564.0,1.5,0.256,1,0.579,0,CLT,1,0
7746,202307,26,8585.0,7.6,0.465,0,0.457,2,CLT,0,0
7747,202306,61,3809.0,4.0,0.343,0,0.142,0,autonomo,0,0
7748,202301,26,4799.0,3.9,0.431,1,0.648,2,CLT,0,0
7749,202402,49,7096.0,1.4,0.28,0,0.335,0,servidor,0,0
7750,202404,69,5591.0,12.6,0.304,1,0.16,2,servidor,1,0
7751,202402,52,2528.0,2.4,0.079,0,0.192,1,servidor,1,0
7752,202405,41,4915.0,0.3,0.181,0,0.097,0,autonomo,1,0
7753,202303,31,9263.0,1.1,0.349,0,0.126,2,CLT,0,1
7754,202405,21,2336.0,0.8,0.273,0,0.36,1,CLT,1,1
7755,202403,28,10501.0,0.2,0.403,1,0.246,0,autonomo,0,0
7756,202407,67,4415.0,0.5,0.203,1,0.215,1,CLT,1,0
7757,202305,28,2932.0,1.7,0.438,0,0.593,1,CLT,1,1
7758,202410,21,2329.0,0.9,0.47,1,0.142,2,CLT,1,0
7759,202412,60,3256.0,2.6,0.137,0,0.428,0,servidor,1,0
7760,202305,41,1370.0,14.0,0.516,0,0.324,0,autonomo,0,1
7761,202405,38,2958.0,7.3,0.368,0,0.317,2,aposentado,1,0
7762,202303,56,3192.0,6.6,0.272,1,0.24,1,CLT,1,1
7763,202404,46,2128.0,0.5,0.337,0,0.091,0,servidor,1,0
7764,202306,65,5292.0,3.0,0.636,0,0.156,0,aposentado,0,1
7765,202411,43,3264.0,5.0,0.395,0,0.247,3,CLT,0,0
7766,202411,55,2649.0,3.8,0.222,0,0.502,0,CLT,1,0
7767,202407,64,3094.0,4.6,0.168,0,0.203,0,CLT,0,0
7768,202411,43,4348.0,4.0,0.417,1,0.387,0,aposentado,1,1
7769,202312,34,3777.0,5.8,0.279,0,0.124,1,autonomo,0,0
7770,202410,68,2564.0,14.4,0.501,0,0.113,3,CLT,0,0
7771,202402,32,3877.0,1.7,0.312,1,0.227,0,CLT,0,0
7772,202408,22,3550.0,1.6,0.269,0,0.092,1,CLT,1,0
7773,202307,49,2060.0,1.1,0.387,2,0.373,1,autonomo,1,1
7774,202311,69,3152.0,1.4,0.308,0,0.182,2,autonomo,1,0
7775,202309,25,4864.0,2.2,0.349,0,0.28,0,servidor,1,1
7776,202304,62,4847.0,5.4,0.065,0,0.457,1,servidor,1,0
7777,202308,61,3245.0,3.2,0.133,0,0.219,2,CLT,0,0
7778,202301,66,5107.0,10.6,0.347,0,0.52,0,CLT,1,0
7779,202410,41,2231.0,1.6,0.263,0,0.336,1,CLT,1,0
7780,202307,33,2265.0,6.6,0.329,1,0.114,1,servidor,1,0
7781,202307,46,3211.0,4.2,0.239,0,0.202,6,aposentado,1,0
7782,202403,27,7699.0,0.8,0.078,0,0.104,0,CLT,1,0
7783,202303,62,3951.0,6.0,0.428,1,0.425,1,autonomo,1,0
7784,202403,53,3173.0,3.9,0.429,0,0.375,2,autonomo,1,0
7785,202404,44,7880.0,6.8,0.376,1,0.075,2,CLT,1,0
7786,202406,46,3154.0,8.6,0.232,0,0.18,1,CLT,1,0
7787,202310,55,11130.0,1.4,0.384,2,0.27,1,autonomo,1,0
7788,202303,46,2820.0,6.2,0.348,0,0.189,2,CLT,1,1
7789,202305,62,2195.0,2.9,0.352,0,0.186,1,aposentado,1,0
7790,202405,66,3350.0,0.1,0.218,0,0.328,1,CLT,1,0
7791,202410,67,3215.0,0.2,0.241,0,0.189,2,CLT,0,0
7792,202401,51,2431.0,7.6,0.345,1,0.527,0,servidor,0,0
7793,202307,57,13373.0,7.3,0.438,1,0.438,0,CLT,0,1
7794,202408,36,4270.0,0.4,0.588,0,0.582,1,aposentado,0,1
7795,202402,22,4592.0,3.7,0.773,1,0.313,0,CLT,1,0
7796,202407,40,2890.0,3.5,0.372,1,0.273,3,autonomo,0,0
7797,202411,63,2728.0,12.2,0.363,0,0.595,0,autonomo,0,0
7798,202411,27,6080.0,5.7,0.646,0,0.533,0,CLT,1,0
7799,202310,47,1575.0,11.0,0.725,1,0.168,0,CLT,0,0
7800,202404,30,2056.0,8.0,0.257,0,0.164,0,autonomo,1,0
7801,202402,42,3217.0,2.1,0.197,1,0.356,0,autonomo,1,0
7802,202305,28,7155.0,1.5,0.663,0,0.419,3,CLT,0,1
7803,202405,57,3019.0,0.6,0.39,1,0.469,2,CLT,1,0
7804,202308,60,4483.0,3.9,0.011,0,0.322,0,autonomo,0,0
7805,202301,58,3692.0,0.3,0.182,0,0.183,0,aposentado,0,0
7806,202411,55,6961.0,14.4,0.642,1,0.199,1,autonomo,0,0
7807,202304,32,1649.0,7.1,0.512,2,0.253,0,aposentado,0,0
7808,202305,46,5261.0,4.1,0.359,0,0.435,2,CLT,0,0
7809,202307,26,3296.0,1.3,0.204,0,0.451,0,servidor,0,0
7810,202403,39,5782.0,10.5,0.094,0,0.324,3,servidor,1,0
7811,202305,45,2417.0,8.7,0.23,0,0.158,1,CLT,0,0
7812,202411,53,3686.0,0.2,0.294,1,0.11,1,autonomo,1,0
7813,202305,25,3459.0,6.7,0.751,0,0.069,0,autonomo,1,0
7814,202301,60,2206.0,1.8,0.517,0,0.254,1,autonomo,0,1
7815,202303,43,1919.0,11.2,0.231,0,0.426,2,CLT,1,0
7816,202305,64,2724.0,0.3,0.332,1,0.327,1,CLT,1,1
7817,202305,46,3885.0,1.4,0.14,1,0.685,1,CLT,0,0
7818,202310,47,2494.0,17.0,0.596,0,0.388,0,aposentado,0,1
7819,202403,54,3087.0,2.2,0.172,0,0.322,1,autonomo,1,1
7820,202412,61,1418.0,1.8,0.288,0,0.197,1,aposentado,0,0
7821,202407,28,3025.0,0.1,0.53,1,0.316,1,CLT,0,1
7822,202305,46,6074.0,5.1,0.639,0,0.239,2,autonomo,0,0
7823,202308,22,5180.0,0.4,0.484,0,0.55,1,CLT,0,0
7824,202307,44,3486.0,4.9,0.486,0,0.178,2,autonomo,0,0
7825,202301,60,4113.0,2.2,0.323,1,0.181,1,autonomo,1,0
7826,202308,63,2406.0,2.8,0.363,0,0.396,3,aposentado,0,1
7827,202301,34,8203.0,2.3,0.484,0,0.033,0,CLT,1,0
7828,202405,39,10238.0,2.8,0.289,0,0.492,0,servidor,1,0
7829,202409,48,3954.0,6.5,0.062,0,0.487,1,servidor,0,0
7830,202305,40,13298.0,3.6,0.372,2,0.371,2,CLT,0,0
7831,202303,29,2591.0,13.5,0.118,1,0.268,0,CLT,1,0
7832,202309,35,1948.0,11.4,0.579,0,0.141,2,CLT,0,0
7833,202305,40,2553.0,11.7,0.543,2,0.264,0,servidor,0,0
7834,202410,46,3263.0,16.8,0.3,1,0.484,0,autonomo,0,0
7835,202312,66,11568.0,0.4,0.212,0,0.281,2,servidor,0,0
7836,202302,47,3163.0,9.0,0.192,0,0.371,1,aposentado,1,0
7837,202403,39,2369.0,0.7,0.477,0,0.357,1,autonomo,0,1
7838,202304,53,2323.0,1.7,0.488,0,0.36,3,CLT,0,0
7839,202401,58,6438.0,0.8,0.602,1,0.189,1,CLT,1,0
7840,202306,42,5995.0,1.8,0.856,0,0.206,0,CLT,0,0
7841,202408,44,2856.0,0.8,0.521,1,0.211,0,CLT,1,0
7842,202302,31,1425.0,7.5,0.656,1,0.346,2,servidor,0,0
7843,202406,63,2071.0,9.9,0.384,0,0.612,1,aposentado,1,1
7844,202402,63,8610.0,10.7,0.535,0,0.258,2,autonomo,0,0
7845,202308,29,5138.0,4.3,0.509,1,0.58,0,aposentado,0,1
7846,202402,37,3762.0,5.8,0.167,0,0.092,1,CLT,1,0
7847,202405,34,9269.0,5.6,0.059,0,0.144,3,autonomo,1,0
7848,202305,66,9693.0,5.0,0.718,0,0.477,0,CLT,1,0
7849,202404,24,3576.0,1.1,0.238,0,0.029,0,CLT,1,0
7850,202406,31,3609.0,6.3,0.294,0,0.231,0,CLT,1,0
7851,202303,36,2722.0,0.1,0.616,0,0.48,1,servidor,0,0
7852,202412,48,3158.0,11.7,0.145,1,0.147,1,CLT,1,0
7853,202305,33,1732.0,0.2,0.383,0,0.129,1,CLT,0,0
7854,202302,47,1728.0,9.8,0.218,1,0.187,1,CLT,0,1
7855,202304,57,1539.0,9.9,0.176,0,0.237,2,CLT,0,0
7856,202406,61,6261.0,10.7,0.265,0,0.38,1,CLT,1,0
7857,202305,25,1668.0,10.3,0.26,2,0.134,0,autonomo,0,1
7858,202404,27,9653.0,3.9,0.608,0,0.181,1,CLT,0,0
7859,202404,25,2527.0,0.2,0.261,0,0.365,2,CLT,0,1
7860,202306,65,8679.0,16.1,0.418,2,0.133,1,CLT,0,0
7861,202312,52,3034.0,0.4,0.544,1,0.331,1,CLT,0,0
7862,202302,47,1664.0,4.3,0.522,0,0.694,1,autonomo,1,1
7863,202401,59,6918.0,7.7,0.169,0,0.093,3,autonomo,0,0
7864,202405,49,7339.0,3.0,0.297,0,0.525,2,autonomo,1,1
7865,202409,32,2315.0,1.9,0.383,0,0.487,1,aposentado,1,1
7866,202404,45,3085.0,1.3,0.77,1,0.035,1,servidor,1,0
7867,202302,55,2315.0,2.9,0.431,0,0.437,1,autonomo,0,1
7868,202302,22,3428.0,1.0,0.103,0,0.105,1,servidor,1,0
7869,202310,50,3843.0,16.0,0.129,0,0.466,2,CLT,1,0
7870,202312,45,3054.0,0.0,0.402,0,0.213,0,CLT,0,0
7871,202312,24,1466.0,0.9,0.544,0,0.326,2,autonomo,1,0
7872,202411,33,2723.0,4.0,0.443,0,0.134,2,CLT,0,1
7873,202309,42,5176.0,4.1,0.395,0,0.283,1,servidor,1,0
7874,202302,37,3280.0,8.3,0.328,1,0.116,1,CLT,0,0
7875,202411,35,3091.0,10.8,0.212,1,0.639,0,CLT,1,0
7876,202307,52,2286.0,1.7,0.401,1,0.334,1,autonomo,0,1
7877,202406,40,2684.0,6.3,0.545,1,0.042,2,CLT,0,0
7878,202307,45,7365.0,3.8,0.344,1,0.4,1,CLT,1,1
7879,202311,60,2059.0,4.2,0.259,0,0.325,0,CLT,1,0
7880,202301,25,5221.0,1.9,0.686,0,0.408,0,aposentado,1,1
7881,202408,38,3728.0,5.0,0.126,0,0.384,1,CLT,0,0
7882,202307,24,4115.0,1.7,0.635,0,0.12,0,CLT,0,0
7883,202409,66,2525.0,0.9,0.208,0,0.775,1,servidor,1,0
7884,202405,30,3054.0,1.7,0.35,0,0.258,2,CLT,1,0
7885,202305,61,3631.0,1.5,0.325,1,0.243,1,aposentado,0,0
7886,202407,30,2806.0,12.1,0.245,1,0.147,2,CLT,0,1
7887,202310,36,4297.0,1.2,0.14,0,0.298,4,CLT,0,1
7888,202401,50,4577.0,0.1,0.209,0,0.444,3,autonomo,1,1
7889,202406,61,10790.0,0.9,0.145,0,0.288,0,CLT,1,0
7890,202411,29,4184.0,2.2,0.543,0,0.467,1,CLT,0,0
7891,202309,31,1400.0,7.5,0.08,0,0.202,1,CLT,0,0
7892,202404,64,6513.0,1.7,0.154,0,0.236,2,CLT,0,0
7893,202309,36,3288.0,1.7,0.279,0,0.169,0,CLT,0,0
7894,202408,31,9956.0,0.2,0.597,0,0.254,2,CLT,0,1
7895,202307,57,7597.0,3.2,0.827,0,0.673,4,servidor,1,0
7896,202409,25,2828.0,3.3,0.474,0,0.077,1,CLT,1,0
7897,202402,63,5224.0,1.8,0.386,1,0.217,1,autonomo,0,1
7898,202303,63,2705.0,1.6,0.177,0,0.196,0,servidor,1,0
7899,202303,62,3646.0,8.8,0.5,2,0.223,1,autonomo,1,1
7900,202402,35,5105.0,3.5,0.378,0,0.091,2,autonomo,1,0
7901,202304,26,6352.0,2.1,0.035,0,0.063,1,autonomo,1,0
7902,202306,41,5696.0,0.2,0.134,0,0.106,2,CLT,1,1
7903,202302,37,3780.0,0.7,0.789,1,0.184,0,aposentado,1,0
7904,202412,67,12603.0,6.8,0.56,0,0.269,1,CLT,0,0
7905,202409,51,3034.0,3.9,0.018,1,0.247,1,CLT,0,0
7906,202405,67,1630.0,7.2,0.563,0,0.199,0,CLT,0,1
7907,202309,57,1795.0,4.7,0.39,0,0.328,0,CLT,1,0
7908,202308,56,7608.0,1.1,0.426,0,0.168,3,servidor,1,0
7909,202409,26,3504.0,23.2,0.426,0,0.308,0,CLT,1,0
7910,202401,24,3942.0,1.2,0.374,0,0.363,0,autonomo,0,1
7911,202307,23,2776.0,6.6,0.363,1,0.186,3,CLT,1,0
7912,202403,50,2903.0,1.5,0.243,0,0.64,2,CLT,0,0
7913,202404,30,2456.0,6.5,0.596,2,0.241,1,aposentado,1,1
7914,202401,69,4608.0,6.4,0.224,1,0.108,0,servidor,1,1
7915,202410,27,3468.0,5.5,0.5,0,0.094,2,CLT,1,0
7916,202411,67,4526.0,24.2,0.114,2,0.213,3,CLT,1,0
7917,202406,53,4314.0,1.8,0.309,1,0.135,2,CLT,1,1
7918,202411,26,2943.0,0.1,0.154,0,0.559,2,CLT,0,0
7919,202401,23,1756.0,1.8,0.469,1,0.081,2,CLT,0,0
7920,202403,40,1681.0,2.5,0.493,0,0.385,1,servidor,1,1
7921,202409,37,16537.0,2.2,0.073,0,0.132,2,servidor,1,0
7922,202402,36,7624.0,11.5,0.738,0,0.275,0,CLT,1,0
7923,202409,46,7116.0,13.5,0.572,0,0.187,2,aposentado,1,0
7924,202411,27,2599.0,4.0,0.487,0,0.189,4,CLT,1,0
7925,202303,27,3658.0,10.6,0.254,3,0.59,0,CLT,1,0
7926,202405,55,2422.0,4.1,0.345,2,0.203,2,autonomo,1,1
7927,202306,69,1889.0,8.7,0.303,0,0.247,1,servidor,1,0
7928,202402,34,2712.0,0.6,0.424,0,0.149,0,CLT,1,0
7929,202401,66,7066.0,8.9,0.588,0,0.125,3,CLT,1,0
7930,202312,37,5543.0,3.7,0.283,0,0.135,1,CLT,1,0
7931,202410,37,2242.0,23.7,0.499,1,0.209,1,CLT,1,0
7932,202301,25,3111.0,1.1,0.562,0,0.359,0,servidor,0,0
7933,202408,41,5295.0,8.3,0.372,2,0.373,0,CLT,0,1
7934,202304,45,2737.0,5.7,0.558,2,0.241,3,aposentado,1,0
7935,202311,53,3789.0,4.1,0.03,1,0.266,3,CLT,1,0
7936,202307,28,4451.0,1.4,0.403,1,0.474,0,servidor,1,1
7937,202311,30,4427.0,7.6,0.162,0,0.157,1,autonomo,0,0
7938,202412,42,4134.0,0.9,0.043,1,0.056,1,autonomo,1,1
7939,202411,24,2626.0,0.5,0.364,1,0.651,0,CLT,0,0
7940,202305,28,2764.0,1.5,0.62,0,0.523,2,CLT,0,0
7941,202309,51,2066.0,1.1,0.324,0,0.514,0,CLT,0,1
7942,202309,67,1668.0,1.4,0.697,1,0.412,0,CLT,0,0
7943,202410,49,3438.0,6.3,0.176,0,0.585,0,autonomo,1,0
7944,202304,28,5476.0,1.1,0.546,1,0.391,0,CLT,0,1
7945,202304,69,1826.0,12.6,0.134,1,0.429,3,CLT,0,0
7946,202302,46,4173.0,7.2,0.256,0,0.601,0,autonomo,1,0
7947,202304,56,5390.0,1.5,0.264,2,0.026,1,CLT,0,0
7948,202304,30,1453.0,2.4,0.45,0,0.487,0,servidor,1,0
7949,202407,49,3180.0,5.4,0.143,1,0.203,1,CLT,0,0
7950,202306,24,8292.0,1.0,0.253,0,0.382,1,autonomo,0,1
7951,202412,51,4798.0,20.7,0.587,1,0.206,0,CLT,0,0
7952,202403,30,1429.0,1.4,0.547,1,0.145,1,CLT,0,0
7953,202410,65,5060.0,0.5,0.197,1,0.509,1,servidor,1,0
7954,202302,23,2505.0,17.1,0.546,0,0.29,1,CLT,0,0
7955,202405,52,5144.0,4.6,0.427,0,0.133,0,CLT,1,0
7956,202303,27,2578.0,0.3,0.592,0,0.422,1,CLT,0,0
7957,202402,54,3546.0,7.2,0.289,0,0.183,1,CLT,0,1
7958,202403,45,2783.0,0.4,0.619,1,0.335,3,servidor,1,0
7959,202306,68,3647.0,0.8,0.199,0,0.317,1,autonomo,1,0
7960,202402,52,2742.0,1.1,0.562,0,0.218,2,CLT,1,1
7961,202407,39,3256.0,2.5,0.209,3,0.544,2,CLT,0,1
7962,202311,25,2023.0,0.4,0.152,0,0.289,1,autonomo,0,0
7963,202306,50,4653.0,3.2,0.134,0,0.32,1,CLT,0,0
7964,202411,42,3974.0,5.0,0.418,0,0.352,0,CLT,0,0
7965,202302,23,1623.0,2.3,0.042,0,0.314,2,servidor,1,0
7966,202412,49,5982.0,0.0,0.182,3,0.068,1,CLT,1,0
7967,202312,31,3334.0,7.6,0.363,0,0.458,1,CLT,0,1
7968,202308,32,3948.0,2.3,0.571,0,0.095,1,CLT,0,0
7969,202302,21,5336.0,11.3,0.859,0,0.273,0,autonomo,0,1
7970,202311,39,4290.0,2.3,0.237,1,0.408,0,CLT,0,1
7971,202411,31,6520.0,0.3,0.524,0,0.205,1,autonomo,0,0
7972,202309,24,3144.0,3.0,0.586,1,0.38,1,CLT,1,0
7973,202410,42,6107.0,11.9,0.269,1,0.029,2,CLT,1,0
7974,202411,31,3872.0,10.3,0.285,0,0.12,0,aposentado,0,0
7975,202308,27,4693.0,8.1,0.09,2,0.127,1,CLT,1,0
7976,202309,43,4455.0,3.1,0.274,0,0.245,0,CLT,1,0
7977,202309,24,6771.0,1.1,0.274,0,0.123,1,autonomo,1,0
7978,202312,69,5222.0,1.3,0.387,1,0.195,1,CLT,1,0
7979,202412,44,2918.0,0.0,0.667,0,0.088,2,CLT,1,0
7980,202411,69,2642.0,2.1,0.105,1,0.455,1,CLT,0,0
7981,202404,64,3551.0,0.2,0.352,0,0.592,0,aposentado,0,0
7982,202406,69,2490.0,5.6,0.375,0,0.496,2,servidor,0,0
7983,202412,47,2151.0,3.8,0.534,1,0.323,1,autonomo,1,0
7984,202304,41,1256.0,1.6,0.426,0,0.165,0,autonomo,0,0
7985,202405,56,1678.0,8.0,0.694,0,0.051,0,autonomo,1,0
7986,202410,24,9825.0,0.4,0.669,0,0.156,3,aposentado,0,0
7987,202404,62,2622.0,6.3,0.412,1,0.304,0,autonomo,0,0
7988,202402,36,9431.0,6.3,0.523,0,0.285,0,aposentado,1,0
7989,202410,21,4454.0,2.8,0.215,1,0.218,1,CLT,1,0
7990,202312,32,3551.0,10.9,0.184,0,0.356,0,autonomo,1,0
7991,202406,32,1719.0,5.8,0.074,1,0.238,3,CLT,0,0
7992,202412,21,3649.0,6.2,0.446,1,0.286,1,autonomo,1,1
7993,202401,53,9378.0,16.7,0.395,0,0.305,1,servidor,0,0
7994,202409,25,7933.0,10.1,0.657,0,0.66,1,CLT,1,0
7995,202406,62,4176.0,3.8,0.49,1,0.469,1,servidor,1,0
7996,202309,43,2050.0,0.2,0.573,0,0.195,1,CLT,1,0
7997,202408,56,2256.0,0.0,0.49,0,0.029,0,autonomo,1,0
7998,202310,37,2377.0,9.8,0.088,0,0.558,1,CLT,1,0
7999,202303,27,6899.0,5.4,0.203,0,0.372,2,CLT,1,0
8000,202309,29,8233.0,17.1,0.242,0,0.378,0,CLT,1,0
8001,202307,52,4016.0,4.5,0.58,0,0.323,0,aposentado,0,0
8002,202402,56,3129.0,6.7,0.5,0,0.066,1,servidor,0,0
8003,202412,34,7898.0,17.7,0.269,0,0.132,0,CLT,0,0
8004,202304,38,2232.0,6.0,0.561,3,0.245,2,CLT,1,1
8005,202308,67,3737.0,3.9,0.683,1,0.199,2,autonomo,0,0
8006,202311,62,4589.0,3.0,0.212,0,0.413,2,servidor,1,0
8007,202304,41,2365.0,10.2,0.586,0,0.448,1,servidor,1,0
8008,202301,32,2649.0,2.4,0.585,1,0.5,1,CLT,1,1
8009,202309,35,2548.0,5.7,0.569,2,0.139,3,servidor,1,1
8010,202411,47,7394.0,3.1,0.551,1,0.1,1,CLT,0,0
8011,202311,48,9482.0,17.1,0.172,0,0.207,1,CLT,1,0
8012,202303,30,3856.0,2.5,0.396,0,0.152,2,autonomo,1,0
8013,202302,24,3184.0,6.9,0.73,2,0.327,1,servidor,0,1
8014,202402,45,2697.0,13.1,0.237,0,0.434,3,autonomo,0,0
8015,202402,60,3644.0,5.9,0.292,0,0.341,1,CLT,0,0
8016,202308,28,2765.0,1.0,0.724,2,0.05,0,CLT,1,0
8017,202305,41,3469.0,1.2,0.479,0,0.129,1,servidor,0,0
8018,202305,28,4477.0,0.8,0.689,0,0.347,1,servidor,0,0
8019,202307,32,2973.0,5.1,0.543,1,0.425,1,CLT,1,1
8020,202301,50,3312.0,4.0,0.568,0,0.237,5,CLT,0,0
8021,202411,35,3319.0,4.1,0.615,1,0.143,1,CLT,1,0
8022,202310,33,3106.0,6.3,0.329,0,0.129,0,CLT,0,0
8023,202312,69,2920.0,0.7,0.682,0,0.044,3,CLT,0,0
8024,202310,29,5330.0,7.3,0.724,1,0.122,1,CLT,1,0
8025,202408,30,1502.0,0.1,0.691,2,0.332,0,CLT,0,0
8026,202305,66,8000.0,0.0,0.337,1,0.445,0,CLT,0,0
8027,202409,47,3896.0,1.4,0.436,0,0.155,3,CLT,1,0
8028,202305,23,4939.0,0.7,0.576,0,0.548,2,CLT,1,1
8029,202401,41,5232.0,1.8,0.037,0,0.143,0,autonomo,0,0
8030,202301,48,2555.0,10.9,0.445,1,0.411,3,servidor,1,0
8031,202305,33,2305.0,16.6,0.508,0,0.091,4,CLT,1,0
8032,202301,47,2173.0,1.0,0.422,0,0.367,1,CLT,0,0
8033,202307,52,3218.0,3.9,0.351,0,0.53,0,autonomo,0,0
8034,202403,33,5165.0,6.7,0.403,2,0.1,2,servidor,1,1
8035,202409,60,2719.0,0.7,0.386,0,0.271,1,CLT,0,0
8036,202405,43,4934.0,1.8,0.478,0,0.088,0,servidor,1,0
8037,202310,68,1114.0,4.1,0.091,1,0.351,2,CLT,0,1
8038,202310,25,3003.0,0.1,0.063,1,0.564,1,autonomo,0,0
8039,202307,36,6526.0,3.2,0.302,1,0.154,0,autonomo,0,1
8040,202308,56,3343.0,0.8,0.862,0,0.377,0,autonomo,0,1
8041,202308,64,2405.0,2.7,0.342,2,0.07,2,CLT,0,1
8042,202303,31,2622.0,0.0,0.697,1,0.178,0,autonomo,1,1
8043,202408,69,801.0,2.3,0.373,0,0.473,2,CLT,0,1
8044,202407,30,2195.0,0.4,0.521,1,0.189,1,CLT,1,0
8045,202301,41,6177.0,6.8,0.314,1,0.126,1,CLT,1,0
8046,202309,36,2721.0,1.8,0.493,0,0.51,1,autonomo,0,1
8047,202303,41,2886.0,1.1,0.494,1,0.101,3,autonomo,0,1
8048,202301,65,1135.0,3.3,0.136,1,0.413,1,autonomo,0,0
8049,202307,56,1611.0,7.9,0.378,0,0.263,3,CLT,0,0
8050,202409,60,6601.0,0.2,0.245,0,0.443,1,autonomo,0,0
8051,202402,33,4957.0,2.0,0.317,1,0.09,1,autonomo,0,0
8052,202401,67,1903.0,4.4,0.109,0,0.366,1,CLT,1,0
8053,202402,42,2656.0,2.0,0.381,2,0.311,1,CLT,1,0
8054,202412,52,3588.0,10.3,0.51,0,0.302,2,aposentado,0,0
8055,202405,55,2002.0,5.5,0.541,0,0.309,0,CLT,1,0
8056,202303,53,1337.0,21.0,0.46,0,0.156,2,autonomo,0,0
8057,202401,50,3362.0,2.6,0.454,0,0.119,2,servidor,0,0
8058,202310,44,4848.0,11.9,0.53,2,0.104,0,CLT,0,0
8059,202408,52,4895.0,1.4,0.356,0,0.467,2,aposentado,1,0
8060,202304,65,5640.0,8.6,0.47,0,0.242,4,CLT,0,0
8061,202406,40,1674.0,1.1,0.29,0,0.144,1,CLT,0,0
8062,202306,46,3748.0,10.8,0.961,0,0.47,1,aposentado,0,0
8063,202308,29,3184.0,2.8,0.359,0,0.258,2,autonomo,1,1
8064,202311,38,3486.0,2.7,0.511,1,0.211,1,autonomo,0,0
8065,202309,58,3275.0,2.3,0.385,0,0.359,0,servidor,1,0
8066,202408,52,2617.0,5.4,0.52,2,0.44,0,CLT,1,0
8067,202308,31,805.0,3.3,0.217,0,0.186,1,autonomo,1,0
8068,202305,47,6509.0,16.6,0.129,1,0.14,1,CLT,0,0
8069,202409,60,4294.0,3.7,0.735,0,0.25,0,CLT,0,0
8070,202411,27,1733.0,18.3,0.417,0,0.243,1,CLT,0,0
8071,202401,24,4613.0,2.8,0.168,0,0.464,1,CLT,0,0
8072,202406,40,2911.0,1.2,0.321,1,0.091,0,aposentado,1,0
8073,202404,53,2953.0,5.6,0.401,1,0.245,0,autonomo,1,1
8074,202312,36,2479.0,2.6,0.106,0,0.07,2,servidor,1,1
8075,202407,61,4762.0,3.7,0.172,1,0.403,0,CLT,0,0
8076,202312,62,2441.0,3.4,0.078,1,0.036,1,CLT,0,0
8077,202306,47,2104.0,11.3,0.341,0,0.185,1,CLT,1,1
8078,202312,39,6412.0,4.4,0.649,0,0.211,2,autonomo,0,0
8079,202407,23,3329.0,1.3,0.178,0,0.695,0,CLT,0,0
8080,202311,61,3382.0,3.6,0.08,1,0.511,2,CLT,1,0
8081,202405,64,5147.0,4.2,0.073,0,0.354,0,servidor,1,0
8082,202405,42,2608.0,4.1,0.51,0,0.228,2,servidor,0,0
8083,202301,46,2881.0,7.4,0.163,0,0.44,2,CLT,1,1
8084,202302,57,4242.0,0.1,0.331,0,0.486,2,CLT,1,0
8085,202411,55,1685.0,0.1,0.686,0,0.38,1,CLT,0,1
8086,202310,27,4067.0,5.6,0.374,0,0.472,1,CLT,0,0
8087,202306,53,2495.0,0.1,0.48,1,0.294,1,autonomo,0,1
8088,202401,66,5584.0,17.7,0.181,0,0.19,2,autonomo,1,0
8089,202410,57,4785.0,8.5,0.451,0,0.198,0,CLT,0,0
8090,202311,44,4480.0,9.5,0.126,0,0.221,0,CLT,0,0
8091,202408,46,1630.0,0.3,0.539,0,0.124,1,CLT,0,0
8092,202312,33,3458.0,6.5,0.454,1,0.621,1,CLT,1,0
8093,202404,53,2021.0,2.7,0.773,0,0.061,0,CLT,1,0
8094,202311,32,3574.0,3.7,0.768,0,0.199,2,servidor,0,0
8095,202306,37,1144.0,8.7,0.223,1,0.158,1,CLT,1,0
8096,202412,33,1685.0,5.1,0.039,1,0.185,0,CLT,1,0
8097,202406,37,6598.0,0.3,0.29,0,0.055,1,aposentado,1,0
8098,202309,38,4379.0,16.3,0.34,0,0.277,1,CLT,1,0
8099,202405,25,3051.0,14.7,0.142,0,0.366,0,autonomo,0,0
8100,202407,56,2311.0,0.1,0.663,0,0.341,3,autonomo,0,0
8101,202401,42,2117.0,6.0,0.721,0,0.448,0,CLT,1,0
8102,202405,67,4024.0,5.9,0.475,1,0.497,3,servidor,0,0
8103,202310,29,3066.0,0.7,0.496,0,0.253,0,servidor,1,0
8104,202411,53,7890.0,5.8,0.664,0,0.28,0,autonomo,0,0
8105,202303,29,3320.0,1.4,0.795,0,0.206,4,autonomo,0,0
8106,202408,47,3749.0,3.6,0.406,0,0.252,3,autonomo,0,0
8107,202308,45,1818.0,0.1,0.186,1,0.305,4,autonomo,1,1
8108,202404,42,3040.0,5.4,0.59,1,0.211,1,CLT,1,0
8109,202306,53,3978.0,9.1,0.276,0,0.472,1,CLT,0,0
8110,202406,61,3022.0,3.0,0.164,0,0.54,0,autonomo,0,0
8111,202405,36,2856.0,1.1,0.33,1,0.369,2,aposentado,0,0
8112,202305,62,4287.0,0.5,0.418,2,0.165,2,servidor,0,0
8113,202311,30,7765.0,0.5,0.216,0,0.194,1,CLT,1,0
8114,202405,35,3915.0,3.4,0.368,0,0.631,1,autonomo,1,1
8115,202311,36,6452.0,13.9,0.527,0,0.234,1,autonomo,0,0
8116,202406,67,4968.0,10.3,0.775,0,0.244,1,servidor,0,0
8117,202305,26,6262.0,8.7,0.325,0,0.404,0,autonomo,1,0
8118,202405,40,2684.0,7.3,0.368,1,0.491,0,CLT,1,0
8119,202307,41,3283.0,1.6,0.56,1,0.178,1,CLT,1,1
8120,202307,60,3290.0,0.8,0.339,1,0.562,1,aposentado,0,0
8121,202304,44,4785.0,0.1,0.366,0,0.051,1,autonomo,1,0
8122,202312,68,5411.0,5.7,0.326,0,0.084,0,autonomo,1,0
8123,202302,57,3876.0,10.6,0.366,2,0.572,1,CLT,0,0
8124,202304,55,5644.0,13.3,0.649,0,0.628,0,CLT,1,0
8125,202410,57,2747.0,12.4,0.262,0,0.246,1,autonomo,1,0
8126,202408,28,5669.0,5.7,0.217,0,0.2,2,autonomo,0,1
8127,202411,43,6051.0,3.5,0.183,1,0.281,3,servidor,1,0
8128,202411,49,5109.0,0.7,0.054,0,0.257,3,CLT,1,0
8129,202403,31,3894.0,8.8,0.741,0,0.175,0,autonomo,0,0
8130,202306,26,5201.0,8.3,0.582,0,0.406,3,servidor,1,0
8131,202306,27,2329.0,14.0,0.135,0,0.221,0,CLT,0,0
8132,202311,59,4021.0,9.8,0.139,1,0.274,4,servidor,1,0
8133,202403,53,4231.0,6.8,0.757,1,0.452,0,CLT,0,0
8134,202301,34,1873.0,1.5,0.644,1,0.24,2,servidor,0,1
8135,202404,57,4616.0,1.3,0.347,1,0.328,1,servidor,1,0
8136,202301,55,1950.0,3.4,0.56,0,0.435,2,CLT,1,0
8137,202304,61,2940.0,14.5,0.319,1,0.393,1,autonomo,1,1
8138,202410,65,3714.0,0.2,0.281,0,0.173,2,CLT,1,0
8139,202307,64,2527.0,2.2,0.534,0,0.29,3,CLT,1,0
8140,202307,29,3794.0,7.7,0.503,0,0.534,1,CLT,0,1
8141,202308,58,3764.0,9.8,0.31,0,0.275,1,CLT,0,1
8142,202309,40,2416.0,2.3,0.285,0,0.407,0,CLT,0,0
8143,202404,40,4837.0,7.7,0.586,0,0.129,1,CLT,1,0
8144,202312,52,2485.0,1.7,0.529,0,0.186,1,CLT,1,0
8145,202303,50,11430.0,1.9,0.398,1,0.139,2,autonomo,0,0
8146,202411,41,3447.0,4.9,0.104,0,0.261,3,CLT,0,0
8147,202412,69,2027.0,6.4,0.698,0,0.11,2,autonomo,1,0
8148,202408,29,2226.0,12.1,0.189,1,0.13,1,CLT,0,0
8149,202302,25,6463.0,17.9,0.05,0,0.2,0,autonomo,0,0
8150,202408,22,2967.0,1.5,0.446,0,0.503,0,autonomo,1,0
8151,202412,60,1841.0,2.1,0.362,0,0.592,0,CLT,1,0
8152,202301,40,5580.0,1.6,0.244,0,0.402,0,CLT,0,0
8153,202301,42,2958.0,1.4,0.593,0,0.362,0,servidor,1,1
8154,202310,52,5048.0,14.3,0.219,0,0.263,1,CLT,0,0
8155,202308,42,5813.0,1.2,0.338,1,0.366,2,autonomo,1,1
8156,202303,49,4177.0,2.3,0.563,2,0.546,2,CLT,1,1
8157,202310,23,12064.0,1.1,0.314,2,0.224,2,CLT,0,0
8158,202309,28,1537.0,5.9,0.378,0,0.191,0,CLT,0,0
8159,202410,66,2419.0,8.0,0.679,0,0.592,1,autonomo,1,0
8160,202301,43,3204.0,6.6,0.605,1,0.427,1,autonomo,0,1
8161,202306,29,11278.0,0.3,0.081,0,0.065,1,servidor,0,0
8162,202306,39,8946.0,6.0,0.167,1,0.729,3,CLT,0,1
8163,202303,37,6935.0,5.6,0.114,1,0.058,1,CLT,0,0
8164,202412,34,2448.0,2.0,0.353,0,0.471,1,autonomo,0,1
8165,202404,35,2595.0,11.8,0.356,0,0.322,1,autonomo,0,1
8166,202312,56,2406.0,14.5,0.272,0,0.133,1,aposentado,0,0
8167,202403,26,2461.0,13.1,0.738,0,0.03,4,autonomo,1,0
8168,202407,36,7680.0,3.0,0.299,1,0.346,1,CLT,0,1
8169,202308,43,3223.0,12.8,0.604,1,0.292,1,autonomo,1,0
8170,202301,47,3444.0,6.6,0.272,0,0.233,0,CLT,1,0
8171,202401,64,5363.0,4.2,0.604,0,0.489,1,servidor,0,0
8172,202407,66,1585.0,0.1,0.478,0,0.582,0,CLT,1,0
8173,202305,35,3738.0,2.0,0.272,0,0.436,2,servidor,0,0
8174,202401,47,2104.0,7.7,0.41,0,0.197,0,CLT,1,0
8175,202404,22,3143.0,3.2,0.317,1,0.365,2,CLT,0,1
8176,202403,51,2716.0,2.4,0.189,1,0.053,0,CLT,1,0
8177,202305,28,2647.0,1.2,0.444,0,0.057,2,aposentado,0,0
8178,202304,24,4076.0,6.3,0.49,1,0.114,2,CLT,1,1
8179,202304,53,4067.0,4.4,0.22,0,0.329,0,autonomo,1,0
8180,202401,29,3262.0,6.8,0.505,0,0.298,5,CLT,1,0
8181,202411,44,4382.0,8.1,0.686,0,0.137,2,CLT,0,0
8182,202406,25,2358.0,2.8,0.258,1,0.701,0,servidor,1,1
8183,202405,57,5119.0,3.8,0.255,0,0.354,3,servidor,0,0
8184,202403,58,3284.0,0.7,0.823,0,0.109,1,CLT,1,0
8185,202401,49,2859.0,5.5,0.564,0,0.227,0,autonomo,0,0
8186,202309,61,2447.0,1.4,0.455,1,0.524,2,CLT,0,0
8187,202306,42,3227.0,1.3,0.238,1,0.124,2,CLT,1,0
8188,202404,30,9277.0,3.8,0.283,3,0.189,1,CLT,1,1
8189,202302,28,3527.0,7.7,0.399,1,0.293,0,CLT,0,0
8190,202412,31,2055.0,2.4,0.764,0,0.296,2,servidor,0,1
8191,202401,30,5764.0,5.9,0.217,0,0.049,4,CLT,1,0
8192,202301,36,2876.0,2.1,0.55,1,0.206,1,CLT,1,0
8193,202307,31,4196.0,6.3,0.356,0,0.311,2,aposentado,1,0
8194,202311,49,2690.0,3.9,0.896,0,0.125,0,CLT,0,0
8195,202401,28,6908.0,0.2,0.246,1,0.228,1,CLT,0,0
8196,202405,51,2710.0,2.4,0.381,0,0.133,0,autonomo,1,0
8197,202301,37,7324.0,13.2,0.438,0,0.086,0,autonomo,0,0
8198,202302,54,2155.0,8.7,0.318,0,0.224,1,CLT,1,0
8199,202405,46,3145.0,3.9,0.71,0,0.365,3,CLT,0,0
8200,202306,65,7332.0,1.4,0.04,0,0.193,1,autonomo,0,0
8201,202408,42,3960.0,7.8,0.118,0,0.135,0,autonomo,0,0
8202,202409,35,11336.0,5.6,0.354,0,0.236,0,autonomo,0,0
8203,202409,49,3183.0,6.4,0.106,0,0.042,1,CLT,1,0
8204,202407,53,4140.0,0.8,0.522,0,0.241,1,aposentado,1,0
8205,202307,42,9439.0,4.4,0.325,0,0.475,1,autonomo,1,0
8206,202302,48,1708.0,11.3,0.555,1,0.124,4,aposentado,1,0
8207,202408,44,1605.0,3.1,0.283,0,0.348,2,CLT,1,0
8208,202306,35,2446.0,1.6,0.403,1,0.252,0,CLT,1,0
8209,202312,36,5468.0,8.4,0.123,0,0.085,3,CLT,0,0
8210,202412,65,1628.0,1.7,0.177,0,0.327,1,autonomo,1,0
8211,202401,54,4908.0,1.9,0.245,0,0.215,0,CLT,1,0
8212,202401,25,4738.0,6.9,0.767,2,0.047,0,CLT,1,0
8213,202412,68,9969.0,3.8,0.075,0,0.238,1,autonomo,1,1
8214,202302,55,6141.0,1.3,0.234,0,0.455,0,CLT,1,1
8215,202312,23,4368.0,2.2,0.655,0,0.107,1,CLT,0,1
8216,202407,56,7184.0,6.8,0.375,0,0.466,2,CLT,0,0
8217,202410,49,4767.0,7.7,0.639,0,0.279,5,CLT,0,1
8218,202403,65,2893.0,1.7,0.681,0,0.313,5,CLT,1,1
8219,202406,44,2054.0,0.7,0.038,0,0.599,1,CLT,0,0
8220,202406,46,2739.0,0.9,0.517,2,0.414,1,CLT,1,1
8221,202412,36,3569.0,2.4,0.643,0,0.175,2,CLT,0,0
8222,202302,36,3974.0,2.2,0.22,0,0.329,2,autonomo,0,0
8223,202304,51,1252.0,4.8,0.69,2,0.175,2,CLT,0,1
8224,202312,61,3262.0,2.9,0.312,0,0.208,1,autonomo,0,0
8225,202402,64,3693.0,1.5,0.353,0,0.041,1,CLT,0,0
8226,202306,58,4788.0,13.0,0.58,0,0.461,2,servidor,0,0
8227,202312,50,8212.0,1.4,0.172,0,0.735,2,CLT,0,1
8228,202309,45,3995.0,2.2,0.627,0,0.279,0,CLT,0,1
8229,202402,37,2310.0,1.6,0.148,1,0.112,0,CLT,1,0
8230,202402,58,1467.0,1.1,0.648,0,0.443,1,aposentado,0,1
8231,202405,36,5133.0,1.2,0.622,2,0.323,3,servidor,1,0
8232,202402,34,2358.0,0.1,0.155,1,0.178,1,CLT,1,0
8233,202405,63,5616.0,0.4,0.263,0,0.283,2,CLT,1,0
8234,202401,49,7323.0,1.7,0.363,0,0.143,4,servidor,1,0
8235,202403,38,1682.0,0.8,0.675,1,0.389,0,aposentado,0,0
8236,202411,63,4803.0,2.0,0.779,0,0.203,2,aposentado,1,0
8237,202310,68,6949.0,10.6,0.113,2,0.097,1,CLT,0,0
8238,202308,36,6060.0,0.5,0.445,0,0.384,2,autonomo,1,0
8239,202405,46,1276.0,1.1,0.643,1,0.226,1,servidor,0,0
8240,202403,44,2376.0,21.4,0.155,0,0.504,0,aposentado,1,0
8241,202402,55,1920.0,6.8,0.572,0,0.149,2,CLT,0,0
8242,202312,67,4730.0,10.0,0.641,0,0.33,3,autonomo,1,1
8243,202406,47,4477.0,0.4,0.204,0,0.304,1,servidor,0,0
8244,202405,60,945.0,0.3,0.661,1,0.134,1,CLT,0,1
8245,202403,50,3132.0,9.8,0.104,0,0.207,1,aposentado,0,1
8246,202304,64,5434.0,0.1,0.44,0,0.225,2,servidor,0,0
8247,202307,40,3921.0,8.5,0.437,1,0.247,0,CLT,1,0
8248,202412,39,3917.0,0.0,0.355,0,0.215,1,CLT,0,0
8249,202302,41,3034.0,6.4,0.421,1,0.251,0,CLT,0,0
8250,202311,69,2144.0,4.7,0.098,0,0.403,3,CLT,1,0
8251,202408,50,3610.0,9.8,0.687,0,0.649,1,autonomo,1,0
8252,202407,28,3737.0,1.0,0.364,0,0.175,0,servidor,1,0
8253,202410,23,4952.0,0.4,0.4,0,0.278,0,aposentado,0,0
8254,202403,46,5158.0,1.6,0.389,0,0.456,3,aposentado,1,1
8255,202306,60,3801.0,2.9,0.158,0,0.401,2,aposentado,1,0
8256,202401,44,6295.0,0.0,0.672,0,0.133,0,aposentado,0,0
8257,202403,48,3019.0,5.5,0.158,1,0.084,2,CLT,0,0
8258,202312,60,1769.0,6.4,0.403,1,0.243,2,autonomo,0,1
8259,202305,46,4622.0,3.1,0.342,0,0.178,2,aposentado,1,0
8260,202406,65,3878.0,2.9,0.524,0,0.329,1,autonomo,1,0
8261,202305,52,4668.0,2.0,0.405,0,0.242,1,CLT,0,0
8262,202312,56,1935.0,3.3,0.224,0,0.248,1,CLT,0,1
8263,202302,59,8914.0,0.1,0.111,0,0.232,1,autonomo,0,0
8264,202412,51,5194.0,7.6,0.041,0,0.207,3,CLT,1,0
8265,202309,23,3153.0,1.8,0.091,1,0.485,0,CLT,0,0
8266,202310,41,2281.0,12.9,0.531,0,0.335,0,CLT,1,0
8267,202304,27,6239.0,0.2,0.649,0,0.097,0,CLT,1,0
8268,202309,46,2099.0,5.3,0.148,0,0.176,0,autonomo,0,0
8269,202411,28,11279.0,5.9,0.137,0,0.327,1,aposentado,0,0
8270,202304,45,2680.0,0.9,0.453,0,0.161,2,CLT,0,0
8271,202406,37,8606.0,18.1,0.492,3,0.238,2,servidor,0,0
8272,202309,21,3320.0,10.0,0.417,2,0.186,1,aposentado,0,1
8273,202412,27,8025.0,5.1,0.457,0,0.181,1,CLT,1,0
8274,202304,45,2521.0,13.4,0.394,0,0.323,1,CLT,0,0
8275,202302,24,3675.0,4.6,0.573,0,0.144,1,CLT,1,0
8276,202308,62,5445.0,7.3,0.569,0,0.276,0,CLT,1,0
8277,202408,58,5070.0,1.3,0.836,0,0.05,0,servidor,0,0
8278,202409,55,6313.0,0.5,0.24,1,0.069,1,CLT,0,0
8279,202301,29,2853.0,11.3,0.102,0,0.468,2,CLT,0,0
8280,202307,59,3799.0,2.4,0.046,3,0.334,0,CLT,0,0
8281,202303,52,6797.0,6.0,0.343,0,0.273,2,aposentado,0,0
8282,202401,40,2559.0,0.7,0.126,0,0.208,0,CLT,1,0
8283,202307,21,4848.0,2.0,0.337,0,0.421,2,CLT,0,0
8284,202303,46,3263.0,6.1,0.231,0,0.279,4,autonomo,1,0
8285,202401,59,4036.0,4.0,0.792,3,0.307,1,autonomo,1,1
8286,202410,22,3798.0,0.7,0.84,0,0.482,1,servidor,1,0
8287,202411,23,2455.0,3.4,0.414,0,0.647,0,CLT,0,1
8288,202408,39,3196.0,6.0,0.416,0,0.075,1,autonomo,1,0
8289,202405,46,3915.0,3.7,0.102,0,0.089,0,CLT,0,0
8290,202412,44,3459.0,2.6,0.327,0,0.25,2,aposentado,1,0
8291,202408,41,7993.0,11.3,0.793,0,0.282,0,servidor,1,0
8292,202404,33,6033.0,0.0,0.5,0,0.45,0,CLT,0,0
8293,202305,23,4209.0,6.8,0.513,1,0.147,0,autonomo,0,0
8294,202308,22,2486.0,1.5,0.4,0,0.362,0,aposentado,0,0
8295,202308,25,2411.0,2.8,0.386,1,0.225,0,aposentado,1,1
8296,202306,54,9768.0,19.6,0.956,2,0.347,0,servidor,1,0
8297,202412,59,2197.0,0.5,0.623,0,0.177,1,CLT,1,1
8298,202308,42,3854.0,26.1,0.764,0,0.212,1,CLT,1,1
8299,202410,24,4361.0,2.3,0.4,1,0.062,2,CLT,1,1
8300,202407,41,3116.0,0.5,0.523,1,0.482,4,CLT,0,1
8301,202310,69,2206.0,1.1,0.224,1,0.412,1,autonomo,1,0
8302,202309,33,2459.0,2.8,0.521,0,0.087,1,servidor,1,0
8303,202405,45,2770.0,0.0,0.26,0,0.51,0,CLT,1,0
8304,202307,47,2554.0,6.3,0.766,0,0.237,0,aposentado,1,1
8305,202311,37,7072.0,4.4,0.662,0,0.185,0,autonomo,0,0
8306,202404,42,3624.0,1.8,0.311,1,0.13,5,servidor,1,0
8307,202312,44,2802.0,0.2,0.259,1,0.329,1,CLT,0,0
8308,202409,44,3841.0,3.9,0.363,0,0.238,0,CLT,0,0
8309,202310,56,5085.0,1.0,0.483,0,0.117,0,CLT,0,0
8310,202405,49,3065.0,8.1,0.061,0,0.073,1,CLT,1,0
8311,202407,23,5716.0,8.1,0.159,1,0.259,2,servidor,0,0
8312,202410,21,1928.0,11.5,0.489,0,0.256,0,CLT,1,1
8313,202405,41,6540.0,0.2,0.341,0,0.097,1,servidor,0,1
8314,202404,65,3625.0,3.7,0.784,0,0.306,0,servidor,0,0
8315,202304,22,3555.0,10.0,0.72,0,0.271,0,CLT,0,0
8316,202305,24,2575.0,8.3,0.368,0,0.471,2,CLT,1,0
8317,202301,54,1971.0,2.6,0.38,1,0.335,2,CLT,1,0
8318,202404,43,1582.0,0.5,0.358,0,0.073,1,CLT,0,0
8319,202310,32,2486.0,1.9,0.063,0,0.364,0,aposentado,0,0
8320,202402,31,4885.0,5.1,0.165,2,0.066,0,autonomo,1,0
8321,202407,53,2252.0,6.4,0.193,1,0.072,2,autonomo,1,0
8322,202302,46,1679.0,2.4,0.595,0,0.171,2,servidor,1,0
8323,202405,52,2311.0,5.1,0.249,1,0.248,1,CLT,1,0
8324,202403,34,3004.0,11.8,0.225,1,0.233,1,autonomo,1,0
8325,202310,46,3063.0,1.4,0.254,0,0.477,1,CLT,0,0
8326,202305,63,3414.0,0.6,0.107,0,0.497,0,servidor,1,1
8327,202302,36,6102.0,4.7,0.304,0,0.611,0,CLT,0,0
8328,202306,40,6800.0,0.9,0.619,0,0.166,3,servidor,0,0
8329,202302,29,9924.0,1.3,0.15,0,0.094,1,autonomo,0,0
8330,202408,52,1616.0,1.5,0.303,0,0.324,1,CLT,0,0
8331,202411,22,2373.0,5.2,0.229,0,0.258,1,CLT,1,0
8332,202302,33,5163.0,2.5,0.519,1,0.425,0,autonomo,1,1
8333,202307,55,2902.0,14.8,0.563,0,0.091,0,CLT,1,0
8334,202301,21,5599.0,0.7,0.598,0,0.21,0,CLT,1,0
8335,202401,69,4038.0,3.8,0.68,0,0.172,0,servidor,0,0
8336,202404,40,8019.0,3.3,0.606,1,0.57,1,autonomo,1,0
8337,202303,40,6133.0,5.5,0.451,0,0.293,0,autonomo,1,0
8338,202411,47,6189.0,1.9,0.522,0,0.218,1,CLT,1,0
8339,202403,52,2963.0,6.2,0.395,0,0.807,1,aposentado,0,0
8340,202301,43,3468.0,0.5,0.733,1,0.14,4,autonomo,1,0
8341,202404,64,3126.0,0.9,0.631,0,0.244,3,servidor,0,0
8342,202306,68,1715.0,5.7,0.16,2,0.285,0,CLT,1,0
8343,202308,30,7600.0,2.3,0.306,0,0.193,0,CLT,0,0
8344,202401,55,5285.0,2.3,0.064,1,0.225,0,CLT,1,0
8345,202301,35,3064.0,0.6,0.458,1,0.042,0,CLT,0,0
8346,202412,69,6990.0,3.9,0.618,1,0.482,0,autonomo,1,1
8347,202403,33,2657.0,0.9,0.155,1,0.075,0,autonomo,0,0
8348,202401,35,1452.0,4.6,0.38,1,0.23,0,CLT,1,0
8349,202301,55,6025.0,3.3,0.654,0,0.435,0,CLT,1,0
8350,202402,59,1921.0,0.9,0.785,1,0.041,2,CLT,0,0
8351,202309,27,3301.0,6.6,0.359,0,0.49,1,autonomo,0,0
8352,202403,48,4036.0,1.1,0.118,1,0.457,0,CLT,1,0
8353,202309,37,4415.0,1.9,0.114,0,0.382,0,CLT,1,0
8354,202303,50,5565.0,9.8,0.421,0,0.113,1,autonomo,1,0
8355,202303,48,4868.0,4.6,0.345,0,0.335,2,autonomo,1,1
8356,202411,69,4793.0,5.7,0.421,0,0.391,0,CLT,1,0
8357,202402,66,2452.0,2.6,0.491,1,0.501,0,autonomo,1,1
8358,202404,53,4218.0,13.9,0.486,3,0.072,3,CLT,1,1
8359,202402,54,1715.0,12.4,0.419,0,0.104,1,autonomo,1,0
8360,202305,65,7951.0,2.7,0.441,0,0.13,1,autonomo,1,0
8361,202302,29,1806.0,1.2,0.409,0,0.098,1,servidor,1,1
8362,202303,56,3062.0,1.6,0.503,2,0.149,0,aposentado,0,1
8363,202302,58,1883.0,3.5,0.327,0,0.271,0,autonomo,0,0
8364,202405,27,2527.0,2.4,0.928,0,0.517,2,CLT,1,1
8365,202304,64,3665.0,0.7,0.328,0,0.172,1,CLT,1,0
8366,202410,55,2795.0,4.5,0.56,1,0.472,2,CLT,1,1
8367,202410,38,6452.0,2.7,0.462,1,0.241,0,CLT,0,0
8368,202311,44,4078.0,11.0,0.604,1,0.229,0,aposentado,1,0
8369,202405,44,2889.0,2.2,0.72,0,0.23,0,autonomo,0,0
8370,202301,66,3406.0,4.7,0.721,1,0.279,3,servidor,1,0
8371,202411,68,6700.0,5.8,0.403,1,0.574,0,CLT,1,0
8372,202408,60,5736.0,8.6,0.453,2,0.085,0,CLT,1,0
8373,202411,52,2060.0,10.2,0.356,0,0.233,0,CLT,0,0
8374,202406,26,2591.0,1.0,0.621,0,0.479,3,CLT,1,1
8375,202404,65,4617.0,12.0,0.452,1,0.138,0,autonomo,1,0
8376,202308,27,4345.0,5.2,0.617,1,0.486,2,servidor,1,1
8377,202404,29,2153.0,3.3,0.6,1,0.39,2,CLT,1,1
8378,202306,24,5295.0,5.0,0.525,1,0.153,3,servidor,1,1
8379,202301,67,2332.0,0.8,0.253,1,0.251,1,CLT,0,1
8380,202402,45,6988.0,2.9,0.597,0,0.338,2,autonomo,0,0
8381,202410,32,4744.0,3.3,0.159,1,0.071,1,CLT,1,1
8382,202407,24,2067.0,0.5,0.049,0,0.392,5,autonomo,0,1
8383,202407,41,2795.0,3.5,0.759,0,0.481,0,CLT,1,0
8384,202411,56,2770.0,2.1,0.186,2,0.439,3,aposentado,0,0
8385,202312,69,3944.0,0.5,0.102,0,0.278,2,servidor,1,0
8386,202308,48,3288.0,0.5,0.079,0,0.303,2,autonomo,0,0
8387,202412,50,2053.0,1.1,0.312,1,0.155,0,aposentado,0,0
8388,202405,61,1813.0,0.2,0.382,2,0.356,2,CLT,1,1
8389,202312,65,4791.0,3.3,0.562,1,0.518,1,CLT,0,0
8390,202409,34,4201.0,0.4,0.453,1,0.323,3,autonomo,1,0
8391,202308,69,3838.0,0.7,0.47,1,0.248,0,CLT,1,0
8392,202403,46,4169.0,0.9,0.452,0,0.225,3,CLT,1,0
8393,202306,66,2672.0,9.1,0.285,0,0.433,3,CLT,0,0
8394,202412,26,3992.0,10.6,0.206,0,0.09,1,CLT,0,1
8395,202410,25,12955.0,2.7,0.543,0,0.087,1,CLT,0,0
8396,202312,64,6550.0,4.0,0.44,1,0.472,0,servidor,1,0
8397,202305,53,3152.0,6.9,0.249,0,0.132,5,CLT,0,0
8398,202301,29,2803.0,12.0,0.486,1,0.446,2,autonomo,0,1
8399,202412,64,871.0,3.1,0.071,0,0.294,0,CLT,0,0
8400,202311,26,6213.0,1.9,0.27,0,0.207,1,autonomo,1,0
8401,202404,54,5395.0,2.1,0.442,2,0.64,1,aposentado,0,1
8402,202303,31,2774.0,5.2,0.489,1,0.215,0,servidor,1,0
8403,202403,24,1780.0,8.4,0.114,0,0.358,1,CLT,1,0
8404,202302,60,2043.0,13.8,0.464,0,0.175,0,autonomo,1,0
8405,202412,62,4547.0,7.1,0.882,0,0.207,1,CLT,0,0
8406,202406,26,3482.0,3.4,0.408,2,0.346,3,aposentado,1,0
8407,202312,25,5145.0,6.9,0.586,0,0.203,1,CLT,0,1
8408,202307,51,3802.0,4.8,0.604,0,0.11,1,autonomo,1,0
8409,202301,22,5904.0,0.6,0.134,1,0.236,0,CLT,0,0
8410,202406,57,4380.0,19.6,0.821,0,0.148,2,CLT,1,0
8411,202406,65,5510.0,1.5,0.265,0,0.228,1,servidor,1,0
8412,202305,57,1281.0,2.4,0.688,0,0.364,1,autonomo,0,0
8413,202311,32,1964.0,3.3,0.631,0,0.326,0,CLT,1,1
8414,202405,30,3035.0,6.4,0.397,0,0.299,1,autonomo,0,1
8415,202308,54,6247.0,1.0,0.674,0,0.54,0,servidor,1,0
8416,202311,24,9323.0,0.8,0.298,0,0.595,2,CLT,0,0
8417,202402,47,3354.0,2.4,0.516,0,0.219,2,servidor,1,0
8418,202303,42,2682.0,9.4,0.635,1,0.167,0,autonomo,0,1
8419,202410,57,1370.0,0.7,0.454,0,0.172,2,CLT,1,0
8420,202403,30,5607.0,2.2,0.598,1,0.079,1,CLT,1,0
8421,202310,58,2765.0,1.1,0.439,0,0.085,2,CLT,1,0
8422,202307,55,15981.0,4.1,0.254,0,0.104,1,CLT,1,0
8423,202404,32,2516.0,12.4,0.82,1,0.166,2,CLT,0,1
8424,202310,38,10432.0,2.5,0.215,0,0.236,4,autonomo,1,0
8425,202308,24,5293.0,2.8,0.541,0,0.1,4,CLT,1,0
8426,202412,43,2177.0,2.4,0.201,0,0.444,4,aposentado,1,0
8427,202402,33,4089.0,1.8,0.482,0,0.816,1,aposentado,0,0
8428,202406,26,5354.0,5.2,0.757,1,0.145,0,servidor,0,0
8429,202311,48,3253.0,2.5,0.653,0,0.405,1,CLT,0,0
8430,202408,48,5536.0,2.7,0.56,1,0.318,0,autonomo,1,0
8431,202303,25,5475.0,10.7,0.371,1,0.414,0,aposentado,0,0
8432,202303,30,4906.0,24.2,0.278,0,0.655,1,CLT,1,0
8433,202310,25,3611.0,14.4,0.841,2,0.163,1,servidor,1,0
8434,202402,54,2023.0,1.0,0.174,1,0.392,0,aposentado,0,0
8435,202404,37,3504.0,3.6,0.376,0,0.253,0,CLT,0,0
8436,202301,24,3976.0,1.2,0.161,0,0.191,0,autonomo,0,0
8437,202405,30,1425.0,1.8,0.115,1,0.575,2,aposentado,1,1
8438,202311,68,3962.0,10.3,0.568,0,0.486,1,CLT,1,0
8439,202411,33,3469.0,8.7,0.67,0,0.043,0,CLT,1,0
8440,202403,54,1904.0,2.6,0.195,1,0.51,1,aposentado,1,0
8441,202304,43,3083.0,2.2,0.255,0,0.256,3,CLT,0,0
8442,202412,29,3115.0,2.5,0.212,2,0.142,0,CLT,1,0
8443,202310,36,9557.0,4.6,0.297,1,0.303,0,CLT,1,0
8444,202406,21,4065.0,2.7,0.392,0,0.257,0,CLT,1,0
8445,202302,57,6112.0,0.5,0.699,0,0.444,1,autonomo,0,0
8446,202406,37,3433.0,4.7,0.112,3,0.181,3,CLT,0,0
8447,202406,45,1427.0,0.9,0.297,1,0.264,2,CLT,0,0
8448,202408,28,5096.0,5.4,0.319,0,0.393,0,CLT,1,1
8449,202303,61,2620.0,2.2,0.096,1,0.206,2,CLT,0,0
8450,202409,31,3079.0,12.4,0.856,0,0.252,1,CLT,1,0
8451,202305,48,2151.0,4.4,0.373,0,0.202,3,CLT,1,1
8452,202311,63,3776.0,10.9,0.331,2,0.096,0,CLT,1,0
8453,202402,55,6202.0,0.6,0.185,1,0.185,2,aposentado,1,0
8454,202412,50,5804.0,1.2,0.389,0,0.146,0,CLT,0,0
8455,202311,64,8047.0,3.0,0.446,1,0.377,0,autonomo,0,0
8456,202303,29,8638.0,7.0,0.525,0,0.181,1,CLT,0,1
8457,202405,68,1309.0,4.1,0.524,0,0.126,1,servidor,1,0
8458,202402,48,2005.0,4.0,0.456,0,0.269,0,CLT,1,0
8459,202312,41,1474.0,4.2,0.086,0,0.203,1,aposentado,1,0
8460,202312,33,4994.0,6.4,0.581,0,0.249,0,CLT,0,0
8461,202305,57,2575.0,0.8,0.309,1,0.641,0,CLT,0,0
8462,202402,68,2851.0,0.4,0.457,0,0.105,1,CLT,1,0
8463,202401,54,3267.0,6.0,0.246,0,0.226,0,CLT,1,0
8464,202410,22,4408.0,0.8,0.421,0,0.087,1,CLT,0,1
8465,202301,43,1733.0,1.0,0.182,2,0.153,1,CLT,1,0
8466,202411,56,1940.0,7.3,0.789,0,0.361,0,autonomo,1,0
8467,202305,40,3643.0,3.1,0.418,1,0.255,0,CLT,0,0
8468,202304,58,6630.0,8.3,0.392,0,0.364,1,CLT,1,0
8469,202406,55,3595.0,3.3,0.345,1,0.109,1,aposentado,0,0
8470,202303,24,2451.0,2.9,0.243,0,0.488,0,CLT,0,1
8471,202303,48,1244.0,0.6,0.023,1,0.232,0,CLT,0,0
8472,202407,29,5863.0,0.5,0.486,1,0.743,1,autonomo,1,1
8473,202402,44,2520.0,7.1,0.505,0,0.223,0,CLT,0,0
8474,202310,39,2051.0,0.9,0.493,0,0.112,1,autonomo,1,0
8475,202402,60,1544.0,2.0,0.259,0,0.649,2,CLT,0,0
8476,202303,63,1773.0,3.6,0.355,0,0.797,0,CLT,0,1
8477,202302,43,2252.0,5.2,0.597,1,0.205,1,aposentado,1,0
8478,202404,47,3231.0,7.2,0.324,0,0.522,0,autonomo,1,0
8479,202411,51,1989.0,0.9,0.618,0,0.394,3,CLT,0,1
8480,202305,53,3995.0,9.4,0.13,0,0.334,1,CLT,1,0
8481,202410,52,3219.0,1.6,0.261,0,0.389,1,servidor,1,0
8482,202303,59,11059.0,17.0,0.296,0,0.039,1,servidor,0,0
8483,202310,69,1553.0,0.5,0.395,1,0.243,0,servidor,1,0
8484,202309,61,3947.0,0.7,0.374,0,0.452,0,servidor,1,0
8485,202412,27,3972.0,1.3,0.542,0,0.552,0,CLT,0,0
8486,202304,44,2175.0,0.8,0.207,0,0.374,2,CLT,1,0
8487,202312,43,3819.0,0.4,0.524,0,0.406,2,servidor,0,0
8488,202411,45,5350.0,22.8,0.395,0,0.218,0,CLT,1,0
8489,202401,46,3821.0,1.3,0.176,0,0.211,3,aposentado,1,0
8490,202406,56,7275.0,0.3,0.198,1,0.116,1,servidor,0,0
8491,202302,41,1226.0,0.8,0.693,0,0.452,0,CLT,0,1
8492,202304,33,2390.0,9.4,0.712,0,0.225,0,aposentado,1,0
8493,202312,43,7612.0,0.1,0.174,0,0.206,1,autonomo,0,0
8494,202412,62,5745.0,11.4,0.746,0,0.227,1,CLT,0,0
8495,202412,36,4771.0,1.1,0.643,0,0.032,1,autonomo,1,0
8496,202310,22,6745.0,1.9,0.273,0,0.262,3,servidor,0,1
8497,202304,68,1396.0,18.2,0.266,0,0.089,2,aposentado,0,0
8498,202304,30,5420.0,5.3,0.572,0,0.156,1,CLT,1,0
8499,202305,50,6199.0,9.7,0.422,1,0.574,0,autonomo,1,0
8500,202404,60,2619.0,2.8,0.414,2,0.302,0,autonomo,0,1
8501,202306,34,13556.0,0.1,0.139,1,0.28,1,autonomo,1,0
8502,202302,37,4017.0,1.9,0.596,1,0.401,1,servidor,1,0
8503,202402,34,1216.0,1.6,0.325,0,0.352,3,autonomo,0,0
8504,202405,28,4406.0,3.8,0.548,0,0.151,3,autonomo,1,0
8505,202407,28,2540.0,2.7,0.356,0,0.105,1,servidor,0,1
8506,202403,30,6519.0,5.3,0.558,0,0.004,3,CLT,1,0
8507,202311,43,4788.0,1.5,0.464,2,0.213,2,autonomo,0,1
8508,202310,47,2700.0,3.1,0.117,0,0.461,0,autonomo,1,0
8509,202406,21,7717.0,5.3,0.152,0,0.127,0,autonomo,0,0
8510,202301,62,5824.0,2.6,0.361,0,0.133,1,CLT,1,0
8511,202409,54,2407.0,2.2,0.222,0,0.019,1,autonomo,1,0
8512,202312,24,3374.0,7.4,0.493,2,0.358,0,CLT,0,1
8513,202408,62,4715.0,4.9,0.335,0,0.207,1,CLT,1,1
8514,202410,22,3035.0,6.6,0.011,0,0.529,1,CLT,1,0
8515,202408,48,3080.0,5.3,0.552,1,0.312,1,servidor,1,1
8516,202311,43,3708.0,0.5,0.687,0,0.141,0,CLT,1,0
8517,202412,45,2137.0,2.5,0.378,0,0.115,0,CLT,0,0
8518,202411,67,1192.0,2.9,0.089,0,0.408,2,autonomo,1,1
8519,202307,66,4103.0,3.8,0.377,0,0.245,1,CLT,0,0
8520,202308,34,1347.0,11.3,0.082,0,0.285,2,CLT,0,1
8521,202401,49,2216.0,2.4,0.358,0,0.107,1,CLT,0,0
8522,202303,67,1501.0,2.6,0.551,1,0.101,0,CLT,1,1
8523,202401,56,1597.0,1.5,0.817,0,0.497,0,CLT,0,0
8524,202307,64,4506.0,10.1,0.044,0,0.231,2,servidor,1,0
8525,202303,42,3258.0,12.2,0.511,0,0.054,0,CLT,1,0
8526,202407,34,3200.0,7.6,0.496,0,0.57,1,servidor,0,1
8527,202407,46,1886.0,2.7,0.549,0,0.307,3,CLT,0,1
8528,202404,61,2623.0,7.0,0.167,0,0.536,1,aposentado,0,0
8529,202405,66,4395.0,2.2,0.061,2,0.238,1,CLT,1,0
8530,202304,54,3547.0,8.5,0.448,0,0.106,1,autonomo,1,0
8531,202303,55,5494.0,6.9,0.109,1,0.073,2,CLT,0,0
8532,202310,46,5899.0,9.2,0.268,0,0.191,2,CLT,0,0
8533,202302,36,3210.0,1.0,0.576,0,0.137,2,servidor,0,0
8534,202403,41,1442.0,2.2,0.451,0,0.091,2,aposentado,0,0
8535,202304,45,2494.0,6.3,0.086,0,0.169,0,autonomo,1,0
8536,202402,60,3467.0,10.3,0.052,1,0.087,2,autonomo,1,0
8537,202310,48,2469.0,12.4,0.301,0,0.158,2,autonomo,0,0
8538,202410,59,2149.0,3.8,0.698,0,0.547,3,autonomo,0,1
8539,202410,22,3770.0,2.1,0.492,0,0.124,2,CLT,0,0
8540,202311,58,12273.0,2.3,0.268,0,0.359,2,servidor,0,0
8541,202312,45,2852.0,8.0,0.363,0,0.226,0,aposentado,1,0
8542,202307,69,3636.0,0.3,0.22,0,0.36,1,CLT,1,0
8543,202403,44,1889.0,0.6,0.298,0,0.203,0,autonomo,1,0
8544,202309,44,6780.0,0.1,0.269,1,0.153,1,CLT,0,0
8545,202403,27,5638.0,6.2,0.352,0,0.559,1,autonomo,1,0
8546,202405,60,5447.0,0.3,0.461,1,0.229,1,autonomo,1,0
8547,202407,55,7186.0,0.7,0.589,0,0.22,2,CLT,0,0
8548,202409,63,2940.0,6.9,0.456,0,0.28,3,autonomo,0,0
8549,202403,25,3130.0,0.2,0.431,0,0.241,0,CLT,0,1
8550,202404,31,8561.0,1.4,0.195,0,0.09,1,autonomo,1,0
8551,202301,63,4996.0,1.3,0.337,2,0.008,0,servidor,0,0
8552,202402,23,1200.0,19.5,0.482,0,0.21,0,CLT,1,0
8553,202303,45,4571.0,1.3,0.374,0,0.464,0,aposentado,0,0
8554,202411,40,2722.0,1.3,0.482,0,0.185,4,autonomo,1,0
8555,202404,67,5705.0,0.2,0.423,0,0.188,0,CLT,0,0
8556,202306,62,4465.0,6.0,0.547,0,0.167,0,servidor,0,0
8557,202305,64,1525.0,8.6,0.328,0,0.112,2,autonomo,1,0
8558,202405,35,4165.0,3.0,0.448,1,0.383,3,CLT,1,0
8559,202304,49,4045.0,1.9,0.466,1,0.087,2,servidor,0,1
8560,202310,55,4367.0,0.8,0.27,0,0.171,2,servidor,0,0
8561,202408,68,4855.0,0.6,0.662,1,0.723,0,CLT,0,0
8562,202408,21,7692.0,1.8,0.607,1,0.072,0,CLT,0,1
8563,202403,68,4478.0,11.9,0.677,0,0.449,3,autonomo,1,0
8564,202409,38,3683.0,0.2,0.463,1,0.282,2,autonomo,1,0
8565,202310,27,6464.0,15.9,0.571,1,0.171,1,aposentado,1,0
8566,202310,51,11174.0,0.3,0.505,1,0.417,0,autonomo,1,1
8567,202307,59,5753.0,23.4,0.661,0,0.065,3,CLT,0,0
8568,202402,27,4036.0,0.3,0.334,0,0.302,4,CLT,1,0
8569,202303,22,4520.0,1.5,0.089,2,0.39,1,CLT,1,1
8570,202310,64,4138.0,5.7,0.187,0,0.471,2,autonomo,0,0
8571,202307,66,3675.0,3.1,0.373,0,0.286,2,CLT,0,0
8572,202310,28,10749.0,2.2,0.721,1,0.198,1,servidor,1,0
8573,202307,65,2504.0,32.7,0.674,1,0.085,3,CLT,1,0
8574,202309,65,6486.0,16.3,0.697,0,0.039,1,CLT,0,0
8575,202310,69,3419.0,4.2,0.124,0,0.123,3,servidor,0,0
8576,202403,31,1737.0,1.5,0.376,1,0.299,2,servidor,1,0
8577,202404,49,3314.0,4.9,0.128,0,0.244,0,CLT,0,0
8578,202401,69,2770.0,1.1,0.409,0,0.13,1,CLT,0,0
8579,202303,65,4860.0,2.1,0.172,0,0.357,1,servidor,0,0
8580,202408,50,3811.0,4.0,0.817,0,0.369,1,CLT,1,1
8581,202412,30,2184.0,4.1,0.877,0,0.376,4,servidor,0,1
8582,202410,25,7597.0,3.0,0.453,1,0.183,0,servidor,1,0
8583,202306,33,6280.0,13.2,0.301,1,0.192,3,CLT,0,0
8584,202405,24,8047.0,1.3,0.4,0,0.044,0,autonomo,0,0
8585,202402,30,4099.0,4.5,0.388,1,0.095,3,aposentado,1,0
8586,202403,24,3576.0,3.0,0.482,0,0.014,1,autonomo,1,1
8587,202411,58,5176.0,2.4,0.258,0,0.505,2,CLT,0,1
8588,202307,49,2728.0,0.1,0.47,1,0.233,4,CLT,1,1
8589,202406,46,3886.0,3.3,0.235,0,0.659,0,autonomo,1,0
8590,202307,60,3335.0,3.4,0.545,0,0.296,1,autonomo,1,0
8591,202302,41,1754.0,17.2,0.408,0,0.507,1,aposentado,1,0
8592,202310,40,3881.0,5.1,0.302,2,0.577,0,autonomo,0,0
8593,202312,31,2921.0,2.1,0.385,0,0.285,0,servidor,0,0
8594,202403,42,3225.0,5.1,0.361,0,0.029,1,CLT,0,0
8595,202310,29,4367.0,0.3,0.759,0,0.333,3,CLT,0,1
8596,202401,49,6879.0,1.9,0.727,0,0.183,1,aposentado,1,0
8597,202412,69,2382.0,1.8,0.442,0,0.275,1,CLT,0,1
8598,202411,47,3077.0,3.9,0.55,1,0.188,0,CLT,0,0
8599,202304,35,2484.0,8.1,0.599,0,0.286,0,autonomo,1,0
8600,202410,54,2404.0,6.6,0.174,1,0.112,0,CLT,0,0
8601,202412,61,2705.0,3.0,0.447,1,0.563,1,CLT,1,0
8602,202405,44,3300.0,4.8,0.705,0,0.365,1,aposentado,0,0
8603,202403,33,4880.0,0.9,0.075,0,0.333,0,aposentado,1,0
8604,202411,55,4274.0,1.2,0.458,0,0.131,1,servidor,0,0
8605,202312,30,2146.0,4.8,0.233,2,0.234,1,servidor,0,0
8606,202301,69,6954.0,0.7,0.345,0,0.165,1,servidor,0,0
8607,202409,36,5838.0,1.4,0.484,0,0.403,3,servidor,1,1
8608,202412,38,2320.0,3.7,0.209,1,0.571,1,CLT,1,1
8609,202305,56,6715.0,1.9,0.4,0,0.386,0,CLT,0,0
8610,202409,21,4288.0,1.3,0.249,1,0.096,0,autonomo,1,0
8611,202311,30,3367.0,2.4,0.362,0,0.096,3,servidor,0,1
8612,202307,27,4355.0,2.2,0.212,0,0.169,0,autonomo,1,0
8613,202411,40,3594.0,0.9,0.428,1,0.22,1,autonomo,1,0
8614,202310,48,4782.0,0.5,0.549,1,0.215,2,autonomo,0,1
8615,202301,29,3998.0,7.7,0.344,0,0.128,0,autonomo,1,0
8616,202304,37,3076.0,13.3,0.079,0,0.138,0,CLT,0,0
8617,202304,58,1322.0,11.5,0.406,1,0.276,0,autonomo,0,1
8618,202307,67,4739.0,0.8,0.463,0,0.292,0,aposentado,1,0
8619,202301,21,3020.0,9.6,0.634,0,0.381,0,CLT,1,0
8620,202404,51,5372.0,0.4,0.838,0,0.469,1,CLT,1,1
8621,202312,22,4632.0,1.3,0.257,0,0.159,2,CLT,1,1
8622,202307,46,3060.0,3.0,0.176,0,0.136,0,CLT,0,0
8623,202307,64,6072.0,5.7,0.428,0,0.069,1,CLT,1,0
8624,202412,60,4034.0,0.6,0.356,1,0.084,3,CLT,1,0
8625,202302,32,3951.0,4.9,0.079,1,0.32,2,autonomo,1,0
8626,202311,33,3398.0,7.1,0.317,0,0.09,1,CLT,0,0
8627,202310,59,8449.0,0.1,0.293,1,0.375,1,CLT,1,0
8628,202310,61,2549.0,2.9,0.379,2,0.455,0,autonomo,0,1
8629,202306,34,3098.0,5.7,0.498,0,0.301,1,CLT,0,0
8630,202302,21,1961.0,1.0,0.739,0,0.163,4,autonomo,0,0
8631,202402,42,5236.0,20.9,0.298,0,0.314,0,autonomo,1,0
8632,202406,51,2721.0,0.5,0.579,0,0.377,1,CLT,1,0
8633,202404,42,2878.0,0.2,0.42,2,0.254,1,autonomo,1,0
8634,202304,66,2812.0,16.0,0.535,0,0.163,1,CLT,0,0
8635,202305,60,3757.0,0.8,0.044,1,0.214,3,autonomo,1,0
8636,202303,59,1948.0,11.0,0.087,0,0.351,2,CLT,0,0
8637,202308,21,1186.0,3.9,0.493,0,0.48,2,autonomo,0,0
8638,202411,62,4577.0,2.5,0.431,1,0.617,0,CLT,0,0
8639,202303,58,1265.0,17.2,0.367,0,0.225,1,CLT,1,0
8640,202301,40,5581.0,10.1,0.476,0,0.102,1,CLT,1,0
8641,202409,49,7937.0,5.9,0.27,0,0.251,1,CLT,0,0
8642,202402,61,3354.0,2.1,0.65,0,0.3,0,aposentado,1,0
8643,202309,65,6973.0,12.6,0.184,0,0.09,1,autonomo,1,0
8644,202309,47,3597.0,0.0,0.232,0,0.282,1,CLT,0,1
8645,202412,23,8100.0,2.9,0.244,0,0.364,0,autonomo,1,1
8646,202404,51,2898.0,2.3,0.736,0,0.583,0,servidor,0,0
8647,202311,54,1116.0,0.0,0.676,0,0.239,1,autonomo,0,0
8648,202403,23,3498.0,9.2,0.644,0,0.375,1,autonomo,1,0
8649,202407,61,8553.0,0.5,0.561,0,0.382,0,autonomo,0,0
8650,202408,30,4758.0,2.3,0.331,0,0.084,0,servidor,0,0
8651,202406,64,2814.0,2.0,0.358,0,0.463,2,servidor,0,0
8652,202304,47,4292.0,6.2,0.156,1,0.066,1,CLT,0,1
8653,202401,36,5917.0,2.4,0.093,0,0.077,2,CLT,0,0
8654,202308,23,3488.0,1.6,0.395,1,0.328,0,CLT,1,0
8655,202311,21,13537.0,1.4,0.458,0,0.599,1,CLT,0,0
8656,202311,57,2811.0,5.1,0.755,2,0.133,1,autonomo,1,1
8657,202407,39,6010.0,1.1,0.082,1,0.218,0,servidor,0,0
8658,202408,62,5329.0,8.0,0.381,0,0.443,0,CLT,0,0
8659,202307,32,2566.0,0.2,0.169,0,0.283,0,CLT,1,0
8660,202401,66,2945.0,2.6,0.28,0,0.476,1,CLT,0,0
8661,202306,67,6057.0,5.3,0.408,0,0.082,2,servidor,0,0
8662,202307,25,3914.0,4.8,0.486,1,0.044,0,CLT,0,1
8663,202301,52,4311.0,4.1,0.193,0,0.068,1,CLT,0,0
8664,202312,67,1607.0,1.6,0.491,0,0.315,2,CLT,0,0
8665,202407,36,5054.0,4.7,0.419,0,0.204,0,CLT,0,0
8666,202312,24,4203.0,9.1,0.401,0,0.751,1,aposentado,1,0
8667,202411,63,3526.0,6.7,0.206,0,0.136,1,CLT,0,0
8668,202302,44,4361.0,2.8,0.224,0,0.075,1,CLT,0,0
8669,202403,22,2967.0,4.1,0.396,1,0.23,1,CLT,1,0
8670,202407,62,2708.0,0.3,0.326,1,0.492,5,aposentado,0,0
8671,202310,54,3226.0,3.7,0.344,0,0.269,3,CLT,1,0
8672,202411,24,2887.0,0.2,0.367,0,0.378,0,autonomo,0,0
8673,202408,33,10832.0,1.8,0.279,1,0.026,2,CLT,1,1
8674,202401,21,5744.0,8.5,0.46,0,0.288,1,aposentado,0,0
8675,202405,67,2243.0,2.2,0.361,0,0.207,2,autonomo,1,0
8676,202401,22,10078.0,4.4,0.396,1,0.216,1,CLT,1,1
8677,202309,59,2932.0,2.6,0.266,1,0.349,2,autonomo,0,0
8678,202407,46,3695.0,2.2,0.226,0,0.211,1,servidor,1,0
8679,202312,49,5703.0,8.7,0.627,0,0.393,0,servidor,0,0
8680,202302,60,1360.0,12.1,0.669,0,0.703,3,CLT,0,1
8681,202412,64,3234.0,2.0,0.22,0,0.62,1,CLT,0,0
8682,202308,27,2733.0,1.5,0.293,0,0.244,2,autonomo,1,1
8683,202409,21,4034.0,1.5,0.654,1,0.294,0,autonomo,1,0
8684,202306,27,4381.0,3.5,0.425,0,0.412,0,autonomo,1,0
8685,202308,54,3503.0,6.7,0.65,0,0.261,3,autonomo,0,1
8686,202308,48,3423.0,6.9,0.311,0,0.092,2,servidor,1,0
8687,202304,25,6202.0,1.7,0.623,0,0.143,0,autonomo,0,0
8688,202307,32,4233.0,0.2,0.294,0,0.392,3,CLT,0,0
8689,202304,47,3717.0,1.5,0.491,0,0.018,1,CLT,1,0
8690,202307,56,3920.0,6.4,0.455,0,0.533,0,CLT,0,0
8691,202310,37,9117.0,5.0,0.682,0,0.238,1,CLT,0,0
8692,202401,67,3969.0,8.5,0.729,0,0.153,0,CLT,0,0
8693,202411,69,2815.0,16.9,0.392,0,0.517,2,servidor,0,0
8694,202306,58,1402.0,1.0,0.166,0,0.301,2,autonomo,1,0
8695,202303,43,1778.0,2.3,0.782,1,0.457,1,CLT,0,1
8696,202312,63,2883.0,5.3,0.109,1,0.468,3,aposentado,1,1
8697,202406,56,3449.0,7.1,0.448,0,0.13,0,autonomo,0,0
8698,202403,46,2758.0,4.6,0.312,1,0.477,2,CLT,1,1
8699,202311,42,4340.0,8.4,0.415,0,0.599,0,autonomo,1,0
8700,202304,61,2740.0,0.8,0.234,0,0.28,1,autonomo,0,0
8701,202309,48,2305.0,0.5,0.432,0,0.348,2,autonomo,0,0
8702,202406,29,4946.0,1.2,0.475,3,0.038,0,CLT,1,0
8703,202406,69,7221.0,8.8,0.517,0,0.407,1,autonomo,0,1
8704,202403,24,2093.0,1.4,0.604,0,0.158,0,servidor,1,0
8705,202411,55,4113.0,2.4,0.252,0,0.342,0,autonomo,0,0
8706,202401,53,1405.0,26.5,0.857,0,0.093,1,CLT,1,0
8707,202309,49,1742.0,8.0,0.544,0,0.051,2,CLT,0,0
8708,202302,23,2712.0,1.3,0.253,0,0.042,0,aposentado,0,0
8709,202406,45,6422.0,0.5,0.564,2,0.206,1,aposentado,1,1
8710,202403,64,2467.0,2.6,0.063,1,0.352,2,CLT,0,0
8711,202404,32,2421.0,11.7,0.431,0,0.371,2,CLT,0,0
8712,202311,54,3707.0,1.1,0.732,0,0.272,4,aposentado,0,0
8713,202310,63,3709.0,1.8,0.11,0,0.408,1,servidor,1,0
8714,202301,67,2459.0,2.8,0.405,0,0.186,0,autonomo,0,0
8715,202403,46,9829.0,5.1,0.562,0,0.559,0,CLT,1,0
8716,202301,36,3189.0,5.0,0.146,0,0.115,2,CLT,1,0
8717,202305,55,3854.0,14.6,0.224,0,0.265,0,CLT,1,0
8718,202303,44,2978.0,0.8,0.275,1,0.487,1,autonomo,1,0
8719,202404,51,4537.0,16.1,0.108,0,0.138,1,autonomo,0,0
8720,202412,57,6751.0,1.0,0.553,1,0.47,1,CLT,1,0
8721,202405,55,8365.0,2.3,0.238,1,0.21,0,CLT,1,0
8722,202305,32,2487.0,1.3,0.404,1,0.543,1,CLT,1,0
8723,202306,58,6313.0,4.9,0.092,0,0.629,1,autonomo,0,0
8724,202308,47,4793.0,0.9,0.458,0,0.081,0,CLT,1,0
8725,202303,66,5927.0,4.2,0.147,0,0.169,2,aposentado,1,0
8726,202406,53,3477.0,4.3,0.827,2,0.044,2,CLT,0,1
8727,202409,64,3316.0,1.6,0.232,1,0.432,5,CLT,1,0
8728,202303,68,5813.0,5.0,0.551,0,0.147,0,CLT,1,0
8729,202410,69,5868.0,1.3,0.348,0,0.02,3,CLT,1,0
8730,202305,57,7965.0,1.5,0.558,0,0.25,1,aposentado,0,0
8731,202412,50,4021.0,5.9,0.64,0,0.356,0,autonomo,1,1
8732,202301,26,3451.0,0.5,0.127,1,0.071,0,autonomo,1,0
8733,202407,39,1064.0,1.0,0.192,1,0.311,2,CLT,1,1
8734,202403,44,1627.0,4.2,0.239,0,0.302,0,CLT,1,0
8735,202301,59,2990.0,0.8,0.272,0,0.179,1,CLT,0,0
8736,202307,49,2100.0,4.8,0.409,0,0.496,1,servidor,0,0
8737,202309,42,5470.0,3.4,0.438,1,0.038,0,aposentado,0,0
8738,202308,28,1891.0,12.1,0.565,0,0.173,4,autonomo,0,1
8739,202407,56,2834.0,14.1,0.718,1,0.031,0,servidor,0,0
8740,202308,42,2890.0,4.4,0.372,1,0.301,0,autonomo,1,0
8741,202402,22,6650.0,5.1,0.037,0,0.592,2,servidor,1,0
8742,202408,34,2686.0,21.4,0.339,0,0.182,0,CLT,0,0
8743,202305,64,4565.0,1.2,0.619,2,0.357,4,servidor,0,1
8744,202306,26,4015.0,0.7,0.161,0,0.13,1,CLT,1,0
8745,202310,40,5720.0,5.3,0.349,0,0.372,0,autonomo,1,0
8746,202407,46,5570.0,1.1,0.269,0,0.093,1,CLT,1,0
8747,202404,25,3581.0,1.7,0.449,0,0.667,2,CLT,1,0
8748,202304,29,1559.0,10.9,0.588,1,0.295,1,CLT,1,0
8749,202407,67,3243.0,8.3,0.446,0,0.37,3,CLT,0,0
8750,202308,49,3605.0,3.5,0.716,0,0.282,2,CLT,0,0
8751,202408,31,4201.0,3.4,0.257,0,0.184,2,aposentado,1,0
8752,202401,29,2518.0,7.8,0.534,0,0.323,0,autonomo,0,0
8753,202405,41,6441.0,2.2,0.106,0,0.275,3,aposentado,0,0
8754,202304,56,3666.0,2.4,0.291,1,0.173,0,autonomo,1,0
8755,202307,56,2298.0,2.8,0.062,1,0.256,2,CLT,1,0
8756,202306,30,2895.0,10.3,0.287,2,0.2,2,CLT,0,1
8757,202304,56,9550.0,1.5,0.118,1,0.246,1,CLT,1,0
8758,202306,64,5076.0,9.9,0.814,0,0.435,0,autonomo,0,0
8759,202309,32,6150.0,7.8,0.487,0,0.591,0,CLT,0,1
8760,202406,22,2163.0,3.1,0.439,0,0.306,0,CLT,0,1
8761,202409,67,2580.0,3.7,0.142,0,0.351,4,CLT,1,0
8762,202308,46,2590.0,15.4,0.591,0,0.147,1,CLT,1,0
8763,202412,59,3993.0,0.6,0.417,0,0.397,3,CLT,0,0
8764,202304,36,3338.0,2.8,0.688,0,0.302,0,CLT,1,1
8765,202411,35,2851.0,6.8,0.418,1,0.204,0,aposentado,1,0
8766,202306,32,3035.0,6.5,0.292,1,0.445,1,servidor,1,0
8767,202310,31,2448.0,2.4,0.469,1,0.364,1,CLT,1,1
8768,202412,44,3328.0,0.0,0.193,0,0.147,1,aposentado,0,0
8769,202412,26,6353.0,13.7,0.352,0,0.035,0,CLT,0,0
8770,202302,62,1709.0,10.7,0.552,0,0.142,0,aposentado,0,0
8771,202303,46,4330.0,2.2,0.455,0,0.398,1,servidor,0,0
8772,202309,65,7259.0,1.3,0.353,2,0.129,3,CLT,0,1
8773,202404,45,3322.0,1.7,0.31,0,0.133,0,autonomo,0,0
8774,202303,35,2795.0,3.3,0.308,0,0.44,1,aposentado,0,0
8775,202405,46,5780.0,1.3,0.548,0,0.339,3,CLT,0,1
8776,202303,28,2226.0,3.0,0.28,1,0.145,1,CLT,1,0
8777,202309,61,3600.0,0.8,0.19,0,0.309,0,CLT,1,0
8778,202402,56,2165.0,0.3,0.337,0,0.261,1,CLT,1,0
8779,202309,28,1429.0,1.7,0.26,1,0.305,1,CLT,1,1
8780,202412,49,3375.0,0.6,0.493,1,0.026,1,servidor,0,0
8781,202308,47,1936.0,1.8,0.761,0,0.224,0,CLT,1,0
8782,202312,30,3620.0,10.1,0.262,0,0.292,1,CLT,1,0
8783,202302,26,6358.0,2.4,0.441,1,0.128,3,CLT,1,0
8784,202307,58,9202.0,8.0,0.678,0,0.224,1,CLT,0,0
8785,202412,33,3815.0,1.0,0.308,0,0.304,0,CLT,1,0
8786,202312,46,6061.0,10.6,0.552,0,0.121,2,autonomo,0,0
8787,202312,33,4445.0,11.3,0.527,0,0.21,0,aposentado,0,0
8788,202301,53,3006.0,2.5,0.394,0,0.057,2,CLT,1,0
8789,202305,23,1391.0,0.1,0.569,0,0.159,3,autonomo,1,1
8790,202405,38,8211.0,5.7,0.842,0,0.52,1,CLT,1,1
8791,202410,47,2155.0,1.8,0.331,0,0.269,0,aposentado,0,0
8792,202307,42,7269.0,1.8,0.434,0,0.142,5,CLT,0,0
8793,202401,51,4762.0,15.6,0.247,0,0.735,1,CLT,0,0
8794,202403,29,2235.0,0.3,0.03,0,0.227,0,CLT,1,0
8795,202408,42,4256.0,4.5,0.518,0,0.4,0,servidor,1,1
8796,202303,58,10577.0,4.3,0.375,0,0.255,0,CLT,1,0
8797,202402,37,7847.0,1.6,0.129,0,0.25,1,CLT,1,0
8798,202308,28,2818.0,1.8,0.778,0,0.492,1,servidor,1,0
8799,202302,62,2550.0,0.2,0.624,0,0.173,6,autonomo,1,0
8800,202409,59,3828.0,1.4,0.177,0,0.198,0,autonomo,1,0
8801,202408,54,3352.0,0.8,0.573,0,0.368,1,aposentado,1,0
8802,202302,60,6633.0,0.7,0.476,1,0.419,3,CLT,1,0
8803,202307,59,5270.0,0.7,0.513,0,0.273,1,CLT,1,0
8804,202404,57,1562.0,0.7,0.3,2,0.291,1,CLT,1,0
8805,202403,45,4579.0,1.1,0.329,0,0.694,1,CLT,0,0
8806,202302,21,3329.0,1.8,0.205,1,0.254,1,aposentado,0,0
8807,202406,50,3709.0,1.8,0.109,1,0.198,3,CLT,0,0
8808,202301,34,4124.0,6.9,0.234,0,0.034,1,CLT,1,0
8809,202305,58,6630.0,2.2,0.616,0,0.453,0,CLT,0,0
8810,202407,43,5937.0,2.5,0.322,0,0.203,0,CLT,0,0
8811,202408,65,2503.0,9.0,0.662,0,0.343,1,CLT,1,1
8812,202405,50,3536.0,0.8,0.441,0,0.153,1,autonomo,1,0
8813,202309,47,2910.0,1.6,0.225,1,0.267,3,CLT,0,0
8814,202307,66,1570.0,0.3,0.453,1,0.135,0,servidor,0,0
8815,202307,44,3447.0,0.5,0.374,0,0.52,1,autonomo,0,1
8816,202301,39,9158.0,0.8,0.256,1,0.43,2,CLT,1,1
8817,202306,39,1547.0,15.6,0.398,0,0.343,1,CLT,1,1
8818,202406,63,3597.0,4.7,0.397,0,0.172,0,CLT,0,0
8819,202410,58,3540.0,1.3,0.171,0,0.363,1,aposentado,1,0
8820,202409,29,4204.0,2.2,0.557,0,0.166,2,servidor,1,0
8821,202405,45,2250.0,0.1,0.699,0,0.425,0,CLT,1,0
8822,202408,39,1785.0,12.0,0.201,0,0.197,0,CLT,1,0
8823,202408,52,1827.0,10.9,0.636,0,0.339,2,autonomo,1,1
8824,202410,23,7083.0,6.7,0.247,0,0.215,1,CLT,0,0
8825,202302,55,2228.0,0.1,0.33,0,0.393,2,autonomo,1,0
8826,202304,57,2836.0,1.8,0.37,0,0.343,2,servidor,0,0
8827,202402,32,10429.0,5.8,0.215,0,0.483,1,CLT,0,1
8828,202304,28,2522.0,4.9,0.505,0,0.198,0,servidor,1,0
8829,202411,51,4321.0,0.4,0.821,0,0.601,1,servidor,1,1
8830,202302,33,6198.0,1.2,0.245,2,0.255,1,autonomo,0,0
8831,202309,67,6050.0,0.2,0.292,1,0.341,1,CLT,0,0
8832,202403,58,1871.0,23.7,0.41,0,0.166,2,servidor,0,0
8833,202405,67,2549.0,8.2,0.323,0,0.298,1,servidor,0,0
8834,202303,47,4235.0,13.4,0.285,0,0.091,0,CLT,1,0
8835,202410,66,9552.0,0.5,0.357,0,0.393,2,CLT,1,0
8836,202402,21,2488.0,10.4,0.569,0,0.526,1,CLT,1,0
8837,202312,35,2845.0,4.6,0.281,1,0.19,0,servidor,0,0
8838,202409,21,4491.0,16.0,0.296,0,0.182,0,CLT,1,0
8839,202408,54,4963.0,1.8,0.556,1,0.193,0,autonomo,0,0
8840,202304,46,5116.0,9.5,0.067,0,0.46,2,CLT,1,0
8841,202311,35,2385.0,7.0,0.189,2,0.341,0,CLT,0,1
8842,202307,35,2790.0,10.7,0.136,0,0.224,0,aposentado,1,0
8843,202306,52,4055.0,5.8,0.243,1,0.504,1,autonomo,1,1
8844,202310,29,6844.0,5.1,0.643,0,0.37,4,CLT,1,0
8845,202310,46,3232.0,4.8,0.543,0,0.417,1,autonomo,1,0
8846,202302,51,3601.0,3.0,0.472,1,0.154,2,CLT,1,0
8847,202301,32,2180.0,7.1,0.536,0,0.396,1,servidor,1,0
8848,202306,32,9243.0,1.7,0.088,0,0.433,2,autonomo,1,1
8849,202311,38,3933.0,7.2,0.704,0,0.141,0,CLT,0,0
8850,202403,50,6241.0,1.9,0.679,0,0.182,2,CLT,1,0
8851,202404,33,3696.0,14.6,0.261,0,0.226,0,autonomo,1,0
8852,202405,39,3800.0,10.9,0.661,1,0.371,1,CLT,1,0
8853,202411,47,1720.0,1.1,0.139,0,0.235,1,autonomo,0,1
8854,202311,30,1242.0,4.3,0.576,0,0.029,1,CLT,1,1
8855,202407,48,6809.0,0.9,0.363,1,0.046,2,CLT,1,1
8856,202412,27,3786.0,4.3,0.642,0,0.535,0,CLT,1,1
8857,202410,27,4037.0,0.6,0.465,0,0.335,0,CLT,0,0
8858,202408,32,1950.0,0.7,0.776,0,0.119,1,servidor,0,0
8859,202410,35,2318.0,12.7,0.309,1,0.549,1,CLT,1,0
8860,202405,22,6193.0,1.6,0.632,0,0.34,0,aposentado,0,0
8861,202301,68,8691.0,1.9,0.111,0,0.232,1,CLT,1,0
8862,202307,36,2669.0,7.1,0.356,1,0.408,1,servidor,0,0
8863,202311,60,5094.0,0.5,0.359,0,0.122,2,CLT,1,0
8864,202309,65,4004.0,3.8,0.322,0,0.084,0,servidor,1,0
8865,202308,60,3428.0,3.6,0.368,3,0.472,1,servidor,0,0
8866,202308,61,9191.0,0.4,0.54,0,0.301,2,autonomo,1,0
8867,202312,25,2903.0,7.1,0.539,0,0.296,3,CLT,0,0
8868,202302,39,6771.0,8.3,0.668,0,0.438,1,servidor,1,0
8869,202307,57,4406.0,2.9,0.305,2,0.283,1,CLT,0,1
8870,202401,49,3610.0,6.3,0.216,0,0.574,2,autonomo,0,0
8871,202411,21,7230.0,11.0,0.06,0,0.088,0,CLT,0,0
8872,202305,48,4209.0,6.9,0.689,2,0.234,0,CLT,0,1
8873,202412,60,3470.0,6.2,0.53,0,0.191,0,autonomo,1,0
8874,202412,61,7257.0,1.5,0.197,0,0.297,1,CLT,1,0
8875,202301,39,6800.0,3.7,0.201,0,0.195,1,autonomo,0,0
8876,202406,32,6641.0,3.1,0.636,1,0.231,0,CLT,1,0
8877,202405,36,521.0,1.0,0.363,0,0.401,1,CLT,1,0
8878,202402,35,4537.0,3.6,0.417,0,0.057,1,CLT,0,0
8879,202310,37,4048.0,2.7,0.442,0,0.217,1,autonomo,1,0
8880,202407,35,3578.0,3.3,0.565,0,0.563,1,autonomo,1,0
8881,202408,43,4939.0,1.1,0.35,0,0.307,1,autonomo,1,0
8882,202404,23,4148.0,10.5,0.168,0,0.333,2,autonomo,1,0
8883,202405,34,5110.0,11.6,0.289,0,0.101,0,CLT,0,0
8884,202407,36,3184.0,9.0,0.446,0,0.141,1,CLT,1,0
8885,202302,28,7701.0,0.6,0.238,1,0.444,2,servidor,1,0
8886,202410,64,5375.0,5.5,0.387,2,0.36,1,CLT,0,0
8887,202405,54,4776.0,1.0,0.43,0,0.034,1,CLT,1,0
8888,202409,65,4660.0,0.7,0.498,0,0.539,1,CLT,0,0
8889,202308,48,6494.0,8.3,0.76,1,0.198,2,autonomo,0,1
8890,202303,26,6068.0,0.6,0.343,0,0.151,2,CLT,1,0
8891,202401,65,3441.0,1.4,0.151,1,0.325,0,autonomo,0,0
8892,202405,43,5974.0,0.4,0.783,0,0.179,1,servidor,0,0
8893,202307,54,3972.0,10.9,0.147,0,0.213,0,CLT,1,0
8894,202307,39,9494.0,2.2,0.583,1,0.234,1,CLT,0,0
8895,202308,45,6304.0,12.8,0.343,0,0.218,1,CLT,1,0
8896,202302,44,2663.0,4.6,0.527,1,0.369,1,CLT,1,0
8897,202304,34,11677.0,4.7,0.83,0,0.361,0,autonomo,1,0
8898,202407,48,1273.0,6.2,0.28,0,0.318,2,aposentado,1,0
8899,202312,56,5007.0,2.2,0.272,1,0.354,2,aposentado,0,0
8900,202301,21,2571.0,14.6,0.362,2,0.089,2,autonomo,0,0
8901,202302,27,9331.0,4.0,0.827,0,0.424,0,servidor,0,1
8902,202303,62,4132.0,4.3,0.426,1,0.307,1,autonomo,1,1
8903,202304,48,2448.0,0.6,0.16,0,0.247,0,autonomo,1,1
8904,202304,68,3187.0,20.7,0.373,0,0.233,1,CLT,0,0
8905,202308,50,2548.0,2.1,0.332,1,0.256,2,autonomo,1,1
8906,202410,53,3125.0,1.0,0.173,0,0.198,2,aposentado,0,0
8907,202307,65,3089.0,3.7,0.787,0,0.463,1,CLT,1,1
8908,202307,53,2501.0,6.6,0.581,0,0.457,1,autonomo,0,0
8909,202407,37,4167.0,0.9,0.068,0,0.598,0,CLT,0,0
8910,202409,46,4428.0,10.0,0.374,0,0.424,0,aposentado,1,0
8911,202309,32,2212.0,4.1,0.262,0,0.114,1,servidor,1,0
8912,202301,37,1589.0,13.0,0.178,0,0.401,2,CLT,0,0
8913,202403,54,4253.0,0.5,0.261,1,0.476,1,autonomo,0,1
8914,202401,28,4750.0,6.6,0.071,1,0.307,1,servidor,1,1
8915,202309,53,5245.0,2.0,0.298,0,0.228,0,CLT,1,0
8916,202308,49,4796.0,14.1,0.172,0,0.082,2,CLT,1,0
8917,202410,36,7993.0,3.6,0.286,0,0.446,0,CLT,1,0
8918,202406,23,5994.0,3.9,0.26,0,0.188,1,CLT,0,0
8919,202405,55,13904.0,4.2,0.493,1,0.574,0,autonomo,1,0
8920,202404,61,17160.0,6.3,0.667,0,0.107,1,CLT,1,0
8921,202407,56,1512.0,6.0,0.398,0,0.293,2,CLT,1,0
8922,202402,41,1214.0,4.4,0.319,0,0.097,4,CLT,1,0
8923,202411,53,3628.0,1.6,0.742,0,0.136,0,CLT,0,0
8924,202405,41,4685.0,6.8,0.502,0,0.1,2,CLT,1,0
8925,202411,38,3505.0,1.4,0.507,1,0.47,0,autonomo,1,0
8926,202412,37,5176.0,10.4,0.7,0,0.724,3,servidor,1,1
8927,202405,31,3181.0,4.5,0.466,2,0.111,4,CLT,1,1
8928,202304,68,2574.0,0.7,0.14,1,0.458,2,CLT,1,1
8929,202309,53,2775.0,9.6,0.788,1,0.37,4,CLT,1,0
8930,202405,29,3294.0,8.8,0.531,0,0.164,3,CLT,1,0
8931,202403,63,5551.0,1.2,0.441,0,0.203,0,CLT,1,0
8932,202308,28,2854.0,2.8,0.815,1,0.526,4,CLT,0,1
8933,202310,50,3151.0,5.4,0.428,0,0.235,3,CLT,0,1
8934,202412,29,4842.0,11.8,0.255,0,0.247,0,autonomo,1,0
8935,202401,38,3296.0,8.2,0.14,0,0.124,0,CLT,0,0
8936,202308,53,6364.0,34.1,0.314,1,0.31,0,CLT,1,0
8937,202405,69,2299.0,2.3,0.263,0,0.215,0,CLT,0,0
8938,202303,69,2063.0,11.9,0.518,0,0.266,1,autonomo,0,1
8939,202305,64,4240.0,1.2,0.596,1,0.395,1,CLT,1,0
8940,202407,32,4457.0,2.5,0.121,0,0.267,1,CLT,0,0
8941,202412,25,2363.0,2.0,0.194,0,0.212,0,CLT,0,0
8942,202303,65,7128.0,0.4,0.18,0,0.608,2,autonomo,1,0
8943,202409,66,9533.0,3.0,0.62,1,0.099,0,servidor,1,0
8944,202406,34,2660.0,7.7,0.278,0,0.27,1,CLT,1,0
8945,202304,21,7659.0,4.6,0.521,0,0.321,1,autonomo,1,0
8946,202410,52,1106.0,6.1,0.396,1,0.13,1,CLT,0,0
8947,202411,24,6236.0,8.3,0.514,0,0.488,0,autonomo,1,0
8948,202406,22,2371.0,1.9,0.314,0,0.253,0,servidor,0,0
8949,202406,66,5932.0,7.4,0.357,2,0.064,2,CLT,0,0
8950,202304,45,2252.0,10.0,0.458,0,0.215,0,autonomo,1,0
8951,202401,26,3518.0,14.1,0.458,0,0.311,1,servidor,1,1
8952,202301,53,2428.0,1.3,0.475,0,0.468,2,CLT,1,1
8953,202405,39,3272.0,10.2,0.209,1,0.336,0,servidor,1,0
8954,202411,47,9090.0,13.7,0.194,1,0.127,2,CLT,0,0
8955,202412,65,3450.0,4.8,0.827,0,0.317,1,CLT,0,0
8956,202301,32,10458.0,4.3,0.655,1,0.294,3,servidor,1,0
8957,202412,52,3002.0,1.1,0.611,0,0.248,2,servidor,1,0
8958,202304,61,7676.0,6.4,0.168,0,0.633,3,CLT,0,0
8959,202302,41,1615.0,6.9,0.555,0,0.039,0,servidor,1,0
8960,202301,68,3155.0,2.4,0.61,1,0.144,1,autonomo,0,0
8961,202402,42,2785.0,7.8,0.158,1,0.201,0,CLT,1,0
8962,202312,43,7855.0,3.5,0.333,0,0.402,0,servidor,1,0
8963,202307,64,3994.0,3.6,0.777,0,0.065,0,CLT,1,0
8964,202411,52,1282.0,4.4,0.675,0,0.304,1,CLT,0,1
8965,202403,63,1891.0,2.1,0.141,0,0.343,3,autonomo,1,0
8966,202406,59,2194.0,9.4,0.2,0,0.178,3,CLT,0,0
8967,202303,55,5808.0,0.6,0.787,0,0.362,1,CLT,1,0
8968,202402,32,5445.0,3.1,0.446,0,0.418,1,CLT,1,0
8969,202301,40,3133.0,2.6,0.162,1,0.492,4,autonomo,0,1
8970,202309,63,2768.0,12.2,0.605,0,0.369,0,autonomo,1,0
8971,202408,51,5209.0,10.7,0.301,1,0.38,4,autonomo,0,0
8972,202409,34,2070.0,0.2,0.22,0,0.374,3,CLT,1,0
8973,202406,37,4577.0,1.1,0.345,0,0.121,3,servidor,0,0
8974,202301,59,4386.0,11.7,0.611,0,0.099,2,CLT,0,0
8975,202307,29,3174.0,1.5,0.036,1,0.178,0,CLT,1,0
8976,202312,26,4442.0,0.6,0.782,0,0.156,1,aposentado,0,1
8977,202307,58,3832.0,1.1,0.69,1,0.196,3,CLT,0,0
8978,202308,35,4669.0,10.9,0.416,0,0.472,2,autonomo,1,0
8979,202408,58,1869.0,0.9,0.253,1,0.201,0,aposentado,0,0
8980,202406,47,4951.0,3.8,0.102,1,0.078,2,servidor,1,0
8981,202410,69,6083.0,0.8,0.133,0,0.547,0,autonomo,0,0
8982,202409,46,4275.0,2.6,0.046,0,0.268,2,autonomo,0,1
8983,202310,63,4918.0,11.1,0.838,1,0.31,6,CLT,1,1
8984,202406,62,3446.0,11.6,0.759,0,0.16,0,autonomo,0,0
8985,202403,31,5685.0,0.9,0.377,1,0.197,2,CLT,1,1
8986,202410,69,3762.0,0.9,0.461,0,0.15,0,CLT,1,0
8987,202311,57,2051.0,2.5,0.319,0,0.289,1,autonomo,0,1
8988,202404,26,5487.0,2.7,0.189,0,0.178,2,CLT,1,0
8989,202403,21,1608.0,5.4,0.62,0,0.602,2,autonomo,1,0
8990,202403,34,4194.0,4.0,0.126,0,0.453,0,servidor,0,0
8991,202405,21,3005.0,0.0,0.106,2,0.373,2,CLT,1,1
8992,202402,38,2910.0,17.7,0.483,0,0.371,1,CLT,1,0
8993,202311,69,3968.0,1.9,0.395,1,0.169,1,CLT,0,0
8994,202306,44,2554.0,1.2,0.116,1,0.246,1,CLT,0,1
8995,202306,22,4704.0,0.9,0.319,0,0.144,0,servidor,1,0
8996,202403,45,3746.0,3.6,0.796,1,0.142,0,servidor,0,1
8997,202411,31,2674.0,2.1,0.25,0,0.561,0,autonomo,1,0
8998,202412,62,7109.0,1.3,0.518,0,0.436,2,servidor,0,1
8999,202405,25,4034.0,9.5,0.836,0,0.103,2,servidor,0,0
9000,202310,58,4991.0,2.2,0.312,0,0.358,0,autonomo,1,0
9001,202308,42,7393.0,0.4,0.029,0,0.104,3,autonomo,0,0
9002,202408,21,7333.0,8.4,0.387,0,0.255,0,autonomo,0,0
9003,202307,53,4865.0,3.0,0.199,2,0.134,1,aposentado,0,0
9004,202405,43,3130.0,2.4,0.807,0,0.22,2,CLT,0,1
9005,202302,58,1781.0,4.7,0.676,1,0.38,1,aposentado,0,0
9006,202310,51,4037.0,0.2,0.878,0,0.122,4,CLT,1,0
9007,202304,59,6294.0,0.2,0.636,1,0.305,3,servidor,1,1
9008,202411,43,4347.0,3.9,0.323,1,0.235,1,servidor,1,0
9009,202310,21,650.0,6.9,0.443,0,0.119,4,CLT,1,0
9010,202405,27,5625.0,0.2,0.337,1,0.218,0,aposentado,1,0
9011,202301,43,5801.0,1.4,0.743,1,0.314,1,CLT,0,1
9012,202301,40,3132.0,10.9,0.166,0,0.396,1,autonomo,0,0
9013,202405,59,5968.0,10.6,0.586,1,0.106,0,aposentado,0,1
9014,202406,41,4984.0,5.3,0.687,0,0.354,3,aposentado,1,1
9015,202401,63,2584.0,5.8,0.623,1,0.317,1,CLT,1,1
9016,202303,30,6875.0,18.9,0.494,0,0.106,2,servidor,0,0
9017,202311,39,1932.0,0.9,0.255,1,0.346,2,CLT,0,0
9018,202401,58,3538.0,4.8,0.595,1,0.211,1,autonomo,1,0
9019,202308,27,3366.0,4.4,0.169,0,0.485,1,CLT,1,1
9020,202410,36,2410.0,1.3,0.538,0,0.07,0,autonomo,0,0
9021,202311,57,4238.0,4.3,0.251,3,0.089,3,CLT,1,0
9022,202405,49,7011.0,6.2,0.116,1,0.628,4,autonomo,0,0
9023,202303,59,6795.0,1.0,0.168,1,0.183,0,CLT,1,0
9024,202401,46,5228.0,0.9,0.124,1,0.308,2,CLT,0,0
9025,202403,63,1559.0,12.8,0.217,0,0.222,1,servidor,1,0
9026,202309,63,1867.0,1.4,0.766,1,0.505,0,CLT,0,0
9027,202402,68,3956.0,3.8,0.464,0,0.316,0,autonomo,1,0
9028,202405,26,3579.0,0.6,0.56,0,0.176,0,CLT,1,1
9029,202304,49,2838.0,3.1,0.015,1,0.406,2,autonomo,1,0
9030,202406,26,9440.0,5.8,0.18,2,0.197,2,autonomo,0,0
9031,202408,32,3839.0,0.9,0.322,0,0.594,1,CLT,0,1
9032,202401,35,4775.0,0.6,0.476,0,0.227,0,servidor,0,0
9033,202402,52,5967.0,6.3,0.288,1,0.066,0,CLT,0,0
9034,202402,42,3742.0,7.9,0.272,1,0.316,2,aposentado,1,0
9035,202309,63,13300.0,4.8,0.303,1,0.388,2,aposentado,1,0
9036,202312,35,2275.0,12.7,0.148,1,0.33,1,CLT,1,0
9037,202401,51,2689.0,3.6,0.335,1,0.305,2,aposentado,0,0
9038,202304,58,2272.0,5.5,0.651,0,0.183,3,CLT,1,0
9039,202312,69,7953.0,1.6,0.738,0,0.443,0,CLT,1,0
9040,202407,33,5437.0,1.1,0.359,0,0.581,1,autonomo,1,0
9041,202308,56,2774.0,7.6,0.152,0,0.138,0,CLT,1,0
9042,202307,25,2364.0,2.5,0.239,0,0.087,0,autonomo,1,0
9043,202401,47,7277.0,0.7,0.195,0,0.655,4,servidor,1,0
9044,202402,41,4363.0,2.0,0.266,1,0.197,1,CLT,0,0
9045,202306,67,7370.0,2.3,0.519,1,0.094,2,CLT,0,0
9046,202407,58,3533.0,6.0,0.651,0,0.252,2,servidor,0,0
9047,202412,66,4702.0,12.3,0.393,1,0.027,0,CLT,0,0
9048,202311,62,4231.0,0.6,0.274,0,0.318,1,CLT,1,0
9049,202408,41,2665.0,20.0,0.117,1,0.091,2,CLT,1,0
9050,202302,56,3388.0,16.5,0.508,0,0.348,1,autonomo,0,0
9051,202412,22,2014.0,2.3,0.139,1,0.658,2,CLT,0,0
9052,202310,48,4661.0,7.9,0.131,0,0.037,3,CLT,1,0
9053,202406,23,5327.0,4.1,0.176,0,0.259,2,autonomo,1,0
9054,202402,56,5973.0,1.1,0.499,0,0.167,0,autonomo,1,0
9055,202405,68,5081.0,2.7,0.234,0,0.134,1,autonomo,0,0
9056,202412,54,3415.0,0.8,0.297,0,0.193,0,servidor,1,0
9057,202412,62,7911.0,2.8,0.263,1,0.204,0,CLT,0,0
9058,202310,32,5688.0,3.7,0.44,0,0.224,1,CLT,1,0
9059,202403,69,7290.0,0.2,0.245,0,0.413,0,servidor,0,0
9060,202412,47,7522.0,11.7,0.063,1,0.247,1,autonomo,1,0
9061,202401,54,3419.0,3.1,0.303,0,0.244,1,autonomo,1,0
9062,202401,58,4420.0,4.5,0.459,1,0.073,3,aposentado,1,0
9063,202404,52,5363.0,5.4,0.376,0,0.428,0,autonomo,1,0
9064,202408,36,2050.0,9.5,0.759,1,0.052,2,servidor,1,0
9065,202312,50,2073.0,2.2,0.398,0,0.266,0,CLT,1,0
9066,202303,53,1901.0,9.3,0.311,0,0.52,0,CLT,1,0
9067,202411,63,3449.0,2.3,0.406,1,0.409,0,CLT,0,1
9068,202305,44,3082.0,6.7,0.443,1,0.203,2,CLT,0,0
9069,202404,45,1776.0,0.4,0.137,0,0.152,0,autonomo,0,0
9070,202311,45,3923.0,9.1,0.525,1,0.255,0,servidor,0,0
9071,202311,26,3471.0,3.5,0.081,1,0.583,0,CLT,0,1
9072,202307,25,6576.0,0.9,0.809,1,0.18,0,CLT,1,0
9073,202402,22,9962.0,18.8,0.074,0,0.218,1,servidor,0,0
9074,202408,53,4574.0,4.8,0.126,0,0.232,0,CLT,1,0
9075,202407,41,2570.0,2.7,0.466,1,0.019,1,autonomo,0,1
9076,202408,63,5031.0,2.8,0.193,0,0.482,0,servidor,0,0
9077,202304,55,3658.0,1.5,0.057,1,0.296,1,CLT,1,0
9078,202305,27,3229.0,2.4,0.628,0,0.288,1,CLT,0,1
9079,202306,25,2367.0,2.5,0.445,0,0.246,1,autonomo,1,1
9080,202410,38,2887.0,0.3,0.583,0,0.203,4,CLT,0,0
9081,202302,66,3331.0,5.6,0.073,0,0.321,0,CLT,1,0
9082,202305,23,5443.0,0.1,0.31,0,0.243,1,autonomo,1,0
9083,202412,30,4701.0,1.8,0.207,0,0.125,1,CLT,1,0
9084,202306,22,9071.0,4.3,0.732,1,0.093,1,autonomo,0,1
9085,202308,41,5101.0,9.4,0.288,2,0.317,1,CLT,0,1
9086,202401,69,4501.0,1.1,0.156,0,0.102,0,CLT,0,0
9087,202304,54,3124.0,6.9,0.44,1,0.205,0,autonomo,0,0
9088,202310,45,2167.0,10.2,0.062,0,0.233,2,servidor,1,0
9089,202307,28,2738.0,12.1,0.283,1,0.511,0,aposentado,1,0
9090,202407,38,2566.0,18.7,0.271,0,0.225,2,CLT,0,0
9091,202406,46,1012.0,0.7,0.112,0,0.155,2,CLT,0,0
9092,202410,34,2199.0,0.1,0.424,1,0.309,2,CLT,1,0
9093,202306,55,8112.0,14.0,0.06,0,0.558,3,CLT,0,0
9094,202402,69,4378.0,1.8,0.308,0,0.175,1,aposentado,0,0
9095,202308,31,3016.0,24.3,0.497,0,0.08,1,CLT,1,0
9096,202405,33,4444.0,6.1,0.488,0,0.227,2,autonomo,1,0
9097,202411,27,1371.0,16.0,0.322,1,0.116,1,CLT,0,0
9098,202402,56,4192.0,4.5,0.912,1,0.073,2,CLT,0,0
9099,202305,43,6896.0,10.6,0.363,1,0.051,2,servidor,1,0
9100,202312,34,3427.0,2.2,0.153,0,0.231,2,autonomo,1,0
9101,202410,31,1501.0,5.7,0.36,0,0.232,2,CLT,0,1
9102,202405,24,2960.0,6.8,0.478,0,0.334,3,aposentado,1,1
9103,202409,44,6902.0,0.1,0.554,0,0.288,1,aposentado,1,0
9104,202404,54,4144.0,1.4,0.455,1,0.153,0,servidor,1,0
9105,202312,32,1792.0,19.6,0.336,1,0.562,2,aposentado,1,0
9106,202308,21,11894.0,9.2,0.67,0,0.261,1,servidor,0,0
9107,202405,44,1945.0,2.3,0.269,1,0.447,1,autonomo,0,1
9108,202306,54,3225.0,1.2,0.336,0,0.349,0,CLT,0,0
9109,202406,37,2167.0,0.3,0.389,0,0.137,0,autonomo,1,1
9110,202409,33,2169.0,4.6,0.294,0,0.19,2,CLT,0,0
9111,202408,28,2904.0,0.1,0.462,0,0.202,0,CLT,0,0
9112,202407,57,5004.0,0.0,0.275,1,0.329,0,CLT,1,0
9113,202412,63,6941.0,7.6,0.22,0,0.319,2,autonomo,1,0
9114,202312,58,3002.0,1.4,0.578,0,0.364,1,autonomo,1,0
9115,202303,46,2197.0,0.8,0.161,0,0.22,2,CLT,0,0
9116,202312,56,4625.0,1.8,0.514,0,0.373,2,autonomo,0,1
9117,202304,40,4694.0,1.6,0.562,0,0.283,1,CLT,0,0
9118,202409,22,4106.0,1.7,0.336,1,0.135,0,autonomo,0,0
9119,202301,39,4179.0,0.3,0.242,0,0.183,2,autonomo,0,0
9120,202308,55,3442.0,0.6,0.656,0,0.351,1,CLT,1,0
9121,202309,52,3824.0,2.9,0.572,0,0.115,0,CLT,0,0
9122,202404,69,3325.0,2.9,0.66,1,0.253,0,CLT,1,1
9123,202304,69,6217.0,1.7,0.066,3,0.274,0,CLT,1,0
9124,202402,32,11095.0,15.9,0.251,1,0.029,2,autonomo,1,0
9125,202403,21,3983.0,14.8,0.063,1,0.343,1,autonomo,0,0
9126,202405,34,3629.0,1.0,0.439,1,0.147,2,CLT,0,0
9127,202303,63,4138.0,10.5,0.493,0,0.555,3,autonomo,1,0
9128,202403,60,2620.0,9.9,0.38,1,0.119,1,aposentado,1,0
9129,202312,25,5337.0,6.9,0.529,1,0.427,1,CLT,0,0
9130,202310,28,4540.0,11.3,0.473,2,0.14,1,autonomo,0,0
9131,202301,48,2951.0,3.2,0.114,0,0.213,0,autonomo,0,0
9132,202405,53,5716.0,3.6,0.406,1,0.47,1,servidor,1,0
9133,202408,69,3676.0,9.5,0.534,0,0.49,0,CLT,0,0
9134,202306,57,2242.0,7.1,0.191,0,0.313,2,CLT,0,0
9135,202403,31,4341.0,1.5,0.5,1,0.071,0,CLT,0,1
9136,202410,22,4099.0,0.4,0.507,0,0.151,0,CLT,0,0
9137,202412,52,5885.0,1.4,0.203,0,0.125,3,CLT,1,0
9138,202409,48,5518.0,0.1,0.332,1,0.152,1,CLT,0,0
9139,202301,66,3447.0,4.0,0.298,0,0.113,2,CLT,1,0
9140,202308,49,2875.0,4.7,0.346,0,0.61,3,autonomo,1,0
9141,202404,45,3644.0,6.6,0.875,1,0.349,0,CLT,0,0
9142,202408,35,4366.0,1.2,0.486,1,0.264,1,CLT,0,1
9143,202411,25,4637.0,11.6,0.467,0,0.363,1,servidor,1,0
9144,202411,63,4233.0,11.9,0.345,0,0.024,1,CLT,0,0
9145,202306,61,3479.0,2.4,0.26,0,0.185,0,CLT,1,0
9146,202401,28,5993.0,12.9,0.397,0,0.275,1,CLT,1,0
9147,202403,55,2599.0,4.6,0.103,0,0.418,0,CLT,1,1
9148,202304,38,12578.0,10.7,0.098,0,0.077,1,aposentado,0,0
9149,202301,42,5332.0,8.9,0.677,0,0.286,3,aposentado,1,0
9150,202409,62,2072.0,0.0,0.315,1,0.27,2,CLT,0,0
9151,202306,62,3994.0,3.6,0.479,2,0.145,1,CLT,1,0
9152,202302,30,5358.0,2.5,0.671,0,0.217,0,servidor,0,0
9153,202311,36,3057.0,1.3,0.079,1,0.348,2,autonomo,1,1
9154,202311,61,1724.0,0.5,0.264,0,0.289,0,servidor,0,0
9155,202407,65,2166.0,17.4,0.198,0,0.239,0,CLT,0,0
9156,202303,24,4775.0,3.8,0.55,0,0.19,1,servidor,0,1
9157,202401,61,1514.0,1.9,0.385,0,0.261,1,CLT,1,0
9158,202403,44,1764.0,10.3,0.754,0,0.269,2,autonomo,0,1
9159,202401,49,4762.0,0.8,0.123,0,0.433,1,aposentado,0,0
9160,202411,24,3258.0,15.8,0.384,3,0.208,0,servidor,1,1
9161,202406,54,2571.0,2.2,0.494,0,0.539,1,aposentado,1,0
9162,202401,54,2843.0,0.2,0.606,2,0.102,3,CLT,0,0
9163,202308,53,1745.0,1.1,0.605,0,0.275,1,aposentado,1,1
9164,202312,59,4639.0,0.7,0.482,0,0.272,1,autonomo,1,0
9165,202304,67,2433.0,15.0,0.538,0,0.106,1,CLT,0,0
9166,202306,62,2785.0,9.1,0.429,0,0.359,1,servidor,0,0
9167,202409,57,4330.0,1.3,0.244,1,0.345,4,autonomo,1,1
9168,202312,69,3202.0,1.4,0.321,1,0.49,0,aposentado,0,0
9169,202306,54,2560.0,10.9,0.281,0,0.291,1,autonomo,0,0
9170,202403,53,1347.0,0.3,0.107,0,0.042,0,servidor,0,0
9171,202411,47,4375.0,4.1,0.237,1,0.202,1,CLT,0,0
9172,202312,58,3788.0,4.6,0.437,0,0.481,2,autonomo,0,0
9173,202310,24,2811.0,0.0,0.521,1,0.368,0,autonomo,0,1
9174,202312,45,2167.0,5.5,0.195,0,0.352,3,autonomo,1,0
9175,202408,41,3664.0,0.2,0.679,0,0.229,0,CLT,0,1
9176,202310,65,4630.0,7.0,0.31,0,0.214,0,autonomo,0,0
9177,202306,24,3823.0,3.3,0.193,0,0.103,0,CLT,0,0
9178,202405,52,8259.0,2.5,0.323,0,0.332,0,CLT,1,0
9179,202305,30,5179.0,2.8,0.553,0,0.425,1,autonomo,1,1
9180,202309,64,3451.0,12.8,0.174,1,0.281,1,CLT,0,0
9181,202302,62,5267.0,1.9,0.235,1,0.44,1,autonomo,1,0
9182,202308,32,3731.0,0.2,0.25,0,0.118,1,CLT,0,0
9183,202407,63,3724.0,27.7,0.366,1,0.566,0,autonomo,0,1
9184,202304,45,6962.0,0.5,0.264,1,0.022,2,autonomo,1,0
9185,202306,68,2324.0,1.1,0.684,0,0.232,2,CLT,1,0
9186,202305,56,3684.0,0.9,0.238,0,0.104,0,autonomo,1,0
9187,202408,22,6600.0,4.4,0.242,0,0.477,2,CLT,1,0
9188,202312,30,4249.0,1.4,0.263,1,0.147,0,servidor,0,0
9189,202303,40,3027.0,3.6,0.063,0,0.083,2,aposentado,1,0
9190,202404,31,1551.0,6.5,0.209,0,0.029,0,autonomo,1,0
9191,202408,27,1170.0,1.9,0.419,0,0.122,1,aposentado,0,1
9192,202409,68,10281.0,5.4,0.343,0,0.175,1,autonomo,0,0
9193,202302,63,4248.0,8.1,0.402,1,0.094,0,autonomo,1,1
9194,202311,42,2719.0,0.8,0.121,0,0.092,2,CLT,1,0
9195,202307,31,4336.0,7.5,0.654,1,0.017,0,servidor,1,0
9196,202303,29,2267.0,0.3,0.046,0,0.397,0,CLT,0,0
9197,202404,65,3085.0,2.9,0.54,1,0.301,0,CLT,1,0
9198,202312,37,2275.0,1.1,0.847,0,0.135,2,CLT,1,0
9199,202402,21,1796.0,0.6,0.273,0,0.232,1,aposentado,0,1
9200,202307,40,1271.0,1.5,0.587,0,0.348,1,CLT,0,1
9201,202302,43,1638.0,3.8,0.209,0,0.088,2,autonomo,0,0
9202,202301,51,6067.0,5.1,0.5,0,0.283,3,CLT,0,1
9203,202405,37,2223.0,6.6,0.505,0,0.298,0,CLT,1,1
9204,202405,66,4757.0,13.9,0.379,0,0.091,0,servidor,1,0
9205,202407,52,5874.0,4.0,0.608,0,0.569,0,servidor,1,0
9206,202308,69,3671.0,2.7,0.607,0,0.292,1,CLT,1,0
9207,202306,38,3136.0,16.4,0.235,1,0.477,1,CLT,1,0
9208,202311,52,3891.0,1.7,0.416,0,0.362,2,CLT,0,0
9209,202301,38,2956.0,1.3,0.048,0,0.288,1,autonomo,1,0
9210,202406,55,6647.0,3.9,0.247,1,0.121,0,autonomo,1,0
9211,202303,57,9305.0,2.2,0.6,1,0.268,1,autonomo,1,0
9212,202402,36,7517.0,0.3,0.627,0,0.142,0,CLT,0,0
9213,202412,66,1242.0,0.9,0.418,0,0.03,1,autonomo,0,0
9214,202406,63,2926.0,5.3,0.729,0,0.216,0,CLT,0,0
9215,202307,64,3649.0,6.9,0.325,0,0.28,4,CLT,0,0
9216,202403,31,4590.0,3.7,0.515,0,0.11,1,servidor,0,0
9217,202311,56,1535.0,0.1,0.362,0,0.128,0,autonomo,1,0
9218,202407,26,1523.0,1.6,0.444,0,0.177,2,CLT,1,0
9219,202401,26,6998.0,4.0,0.47,1,0.184,1,servidor,1,0
9220,202304,68,2753.0,1.7,0.261,0,0.47,0,servidor,1,0
9221,202404,28,1731.0,3.2,0.595,1,0.043,3,CLT,1,0
9222,202312,63,2097.0,1.4,0.526,0,0.088,1,CLT,0,0
9223,202407,42,4426.0,5.7,0.678,0,0.391,2,CLT,1,1
9224,202411,35,2413.0,1.8,0.194,0,0.608,0,autonomo,1,1
9225,202307,24,4108.0,3.5,0.675,1,0.589,1,CLT,1,1
9226,202311,54,2232.0,1.6,0.784,0,0.263,2,autonomo,1,0
9227,202402,56,1522.0,0.8,0.254,1,0.18,3,servidor,0,0
9228,202312,43,7422.0,0.1,0.3,1,0.101,2,CLT,0,0
9229,202304,60,4443.0,8.1,0.653,1,0.465,1,autonomo,1,1
9230,202409,36,3081.0,5.8,0.251,1,0.209,1,CLT,0,0
9231,202311,48,2805.0,2.3,0.506,0,0.276,1,servidor,1,0
9232,202311,35,7574.0,15.7,0.042,0,0.151,1,CLT,0,1
9233,202311,49,4894.0,8.3,0.244,0,0.232,3,autonomo,0,0
9234,202401,27,6460.0,4.7,0.203,0,0.374,0,autonomo,1,0
9235,202309,44,2719.0,2.8,0.164,0,0.297,0,CLT,0,0
9236,202401,47,3734.0,3.6,0.443,0,0.243,2,CLT,0,0
9237,202402,48,4452.0,4.9,0.2,0,0.15,0,autonomo,0,0
9238,202304,42,2765.0,2.0,0.463,0,0.197,0,CLT,0,0
9239,202408,52,3471.0,4.7,0.653,0,0.166,0,CLT,0,0
9240,202309,46,2719.0,0.7,0.388,0,0.272,1,CLT,0,1
9241,202412,34,4445.0,11.7,0.565,0,0.238,1,CLT,1,0
9242,202407,31,1881.0,3.7,0.451,0,0.382,3,autonomo,0,1
9243,202401,52,4846.0,0.5,0.484,0,0.252,1,CLT,0,0
9244,202305,66,4253.0,13.0,0.356,0,0.153,1,servidor,0,0
9245,202402,57,3289.0,2.4,0.693,0,0.154,2,autonomo,0,0
9246,202312,52,4559.0,0.5,0.197,0,0.173,0,CLT,1,0
9247,202304,66,3034.0,0.2,0.246,0,0.342,1,CLT,0,1
9248,202407,65,2604.0,12.8,0.14,0,0.421,1,autonomo,1,0
9249,202304,45,4778.0,1.2,0.691,0,0.387,1,CLT,1,0
9250,202411,26,4883.0,2.9,0.323,0,0.489,2,CLT,1,0
9251,202411,52,2825.0,1.8,0.583,2,0.09,1,autonomo,0,0
9252,202411,51,2707.0,1.2,0.576,0,0.098,0,CLT,0,1
9253,202302,34,3323.0,4.9,0.311,0,0.137,2,CLT,1,1
9254,202402,62,2763.0,1.5,0.259,0,0.19,0,CLT,0,0
9255,202307,63,7805.0,3.7,0.12,0,0.569,1,CLT,0,0
9256,202408,37,4265.0,4.7,0.624,0,0.084,0,CLT,1,0
9257,202312,44,3668.0,10.2,0.375,0,0.139,1,servidor,1,0
9258,202305,30,2284.0,0.2,0.202,0,0.198,0,servidor,0,0
9259,202312,29,5268.0,3.0,0.191,0,0.384,2,autonomo,1,1
9260,202307,33,2682.0,0.7,0.185,0,0.177,1,autonomo,1,0
9261,202305,38,2627.0,4.8,0.319,0,0.327,0,aposentado,1,0
9262,202412,34,5358.0,6.5,0.574,0,0.432,3,CLT,0,0
9263,202412,28,4419.0,1.1,0.467,0,0.46,3,servidor,0,1
9264,202412,42,1041.0,3.3,0.37,1,0.233,0,CLT,0,1
9265,202303,51,3365.0,6.2,0.059,0,0.086,0,servidor,0,0
9266,202308,36,3877.0,1.6,0.86,2,0.346,2,CLT,1,0
9267,202302,47,3072.0,4.6,0.35,0,0.11,0,CLT,0,1
9268,202411,34,3945.0,3.8,0.661,1,0.311,2,autonomo,1,0
9269,202312,55,1473.0,9.2,0.536,0,0.494,0,servidor,1,0
9270,202404,52,884.0,4.1,0.184,3,0.124,0,autonomo,1,1
9271,202301,68,2236.0,1.7,0.668,0,0.406,2,CLT,0,0
9272,202407,23,4193.0,1.7,0.354,0,0.24,0,aposentado,1,0
9273,202305,62,726.0,7.7,0.158,1,0.295,0,autonomo,0,1
9274,202401,37,2388.0,11.4,0.275,0,0.706,1,CLT,0,0
9275,202304,24,1392.0,1.1,0.506,1,0.245,0,aposentado,0,1
9276,202309,54,3225.0,15.6,0.445,1,0.293,1,CLT,0,0
9277,202301,29,9691.0,2.1,0.54,0,0.564,2,autonomo,0,1
9278,202312,29,3266.0,1.7,0.194,0,0.229,1,CLT,1,0
9279,202410,69,3450.0,1.3,0.651,1,0.504,1,CLT,1,0
9280,202410,31,5539.0,2.5,0.435,0,0.487,0,CLT,1,0
9281,202403,47,3680.0,3.8,0.327,0,0.199,0,CLT,1,0
9282,202302,30,3270.0,17.6,0.124,0,0.641,0,autonomo,0,0
9283,202312,27,5787.0,5.0,0.231,1,0.335,1,autonomo,0,0
9284,202306,21,4610.0,0.7,0.115,0,0.371,1,servidor,1,0
9285,202412,21,4206.0,7.0,0.723,0,0.418,0,CLT,0,0
9286,202401,44,3397.0,0.8,0.349,0,0.72,1,CLT,0,1
9287,202309,42,3062.0,6.0,0.279,1,0.174,2,CLT,0,0
9288,202301,22,5759.0,1.7,0.82,1,0.574,0,CLT,1,0
9289,202311,38,3077.0,2.1,0.267,3,0.58,2,CLT,0,1
9290,202401,34,6739.0,2.6,0.493,3,0.226,0,CLT,0,1
9291,202301,48,2157.0,7.0,0.818,0,0.163,0,servidor,1,1
9292,202306,69,7457.0,2.8,0.264,0,0.082,1,servidor,1,0
9293,202406,54,4610.0,17.2,0.08,1,0.079,0,CLT,1,0
9294,202301,66,2243.0,2.1,0.184,1,0.166,3,CLT,0,0
9295,202404,30,4696.0,0.5,0.086,0,0.071,1,CLT,0,0
9296,202403,31,2630.0,13.2,0.627,1,0.439,2,aposentado,0,0
9297,202412,57,3702.0,11.5,0.178,0,0.394,0,CLT,1,0
9298,202405,36,2855.0,2.2,0.448,1,0.24,3,autonomo,0,1
9299,202402,62,3407.0,0.4,0.096,0,0.093,3,CLT,0,0
9300,202411,43,5830.0,1.1,0.42,0,0.253,6,CLT,1,0
9301,202304,30,4719.0,4.2,0.606,0,0.597,3,CLT,1,0
9302,202306,62,2074.0,2.3,0.105,0,0.135,2,autonomo,0,0
9303,202303,47,2134.0,14.8,0.044,2,0.263,1,autonomo,0,0
9304,202405,60,4169.0,5.9,0.322,1,0.336,0,autonomo,0,1
9305,202408,43,4323.0,2.4,0.173,1,0.318,2,aposentado,1,1
9306,202402,27,2599.0,0.2,0.538,1,0.477,3,CLT,0,0
9307,202406,54,8068.0,26.5,0.308,0,0.603,0,CLT,0,0
9308,202406,27,5468.0,2.9,0.248,0,0.271,1,CLT,1,0
9309,202407,53,2663.0,8.9,0.43,2,0.812,0,servidor,0,1
9310,202403,41,2537.0,1.4,0.38,1,0.113,3,autonomo,0,1
9311,202307,59,3249.0,0.4,0.221,0,0.255,1,CLT,0,0
9312,202409,63,3084.0,0.9,0.351,0,0.249,0,CLT,1,0
9313,202304,40,6823.0,8.8,0.213,1,0.391,2,CLT,1,0
9314,202401,64,5957.0,0.7,0.656,2,0.498,2,servidor,0,0
9315,202302,26,3705.0,13.4,0.242,0,0.02,1,aposentado,0,0
9316,202301,26,5110.0,8.6,0.083,2,0.15,2,aposentado,0,0
9317,202312,69,5494.0,4.5,0.465,1,0.327,1,CLT,0,0
9318,202312,49,3749.0,1.1,0.141,0,0.314,1,autonomo,0,0
9319,202308,43,4453.0,0.7,0.596,0,0.084,0,servidor,1,0
9320,202404,28,4901.0,1.6,0.344,0,0.232,0,autonomo,0,0
9321,202409,35,4646.0,5.1,0.013,0,0.224,2,aposentado,1,0
9322,202402,54,2467.0,3.0,0.366,0,0.115,0,autonomo,0,0
9323,202411,61,2594.0,3.3,0.242,0,0.377,0,CLT,1,0
9324,202307,65,3152.0,7.6,0.124,0,0.091,0,CLT,1,0
9325,202306,40,2557.0,2.1,0.599,0,0.314,0,CLT,1,0
9326,202411,43,1743.0,4.3,0.545,0,0.539,0,servidor,1,0
9327,202405,29,5105.0,1.4,0.833,0,0.232,1,CLT,1,0
9328,202411,25,4329.0,2.5,0.263,0,0.703,3,CLT,1,0
9329,202407,42,1864.0,0.1,0.056,1,0.602,2,CLT,0,1
9330,202407,49,3228.0,0.1,0.677,0,0.039,1,CLT,1,0
9331,202404,26,3320.0,0.6,0.509,0,0.598,2,servidor,1,0
9332,202412,41,3988.0,1.1,0.368,1,0.103,0,CLT,0,1
9333,202407,52,2120.0,0.3,0.28,0,0.533,2,CLT,1,0
9334,202409,60,1850.0,5.4,0.106,0,0.441,1,CLT,0,0
9335,202301,66,4721.0,9.8,0.814,1,0.293,1,CLT,1,0
9336,202410,37,1691.0,0.1,0.09,0,0.113,0,CLT,1,0
9337,202311,40,3241.0,10.0,0.326,0,0.437,1,autonomo,1,0
9338,202305,63,3093.0,0.0,0.323,1,0.371,2,CLT,0,0
9339,202411,54,3423.0,1.0,0.629,0,0.205,1,autonomo,0,1
9340,202303,34,4131.0,12.6,0.6,1,0.091,2,CLT,1,0
9341,202310,54,8097.0,3.0,0.489,0,0.142,0,autonomo,1,1
9342,202409,28,1636.0,0.1,0.304,3,0.087,2,CLT,1,1
9343,202309,43,5644.0,7.8,0.829,0,0.353,3,CLT,1,0
9344,202412,36,1037.0,2.4,0.468,0,0.322,3,autonomo,1,1
9345,202410,69,7309.0,5.3,0.375,1,0.139,2,autonomo,1,0
9346,202412,22,1311.0,6.7,0.156,0,0.253,3,autonomo,1,1
9347,202303,62,12310.0,1.9,0.83,0,0.229,1,servidor,1,0
9348,202307,34,2996.0,22.6,0.521,0,0.041,0,CLT,0,0
9349,202306,22,6941.0,0.9,0.264,0,0.361,1,CLT,1,0
9350,202312,53,6261.0,17.2,0.549,0,0.21,2,servidor,0,0
9351,202305,54,2927.0,8.0,0.596,1,0.126,0,CLT,1,0
9352,202304,27,3042.0,0.7,0.227,0,0.341,1,aposentado,1,1
9353,202405,22,2396.0,0.0,0.817,1,0.343,0,autonomo,0,1
9354,202306,26,5397.0,1.3,0.812,1,0.095,3,CLT,1,1
9355,202308,41,2946.0,0.7,0.458,0,0.098,2,autonomo,0,0
9356,202301,27,2418.0,0.3,0.818,0,0.339,1,CLT,1,0
9357,202401,55,4763.0,6.7,0.564,0,0.057,3,autonomo,1,0
9358,202410,24,2325.0,7.7,0.155,0,0.307,0,servidor,1,0
9359,202302,59,3089.0,0.4,0.366,0,0.317,2,autonomo,1,0
9360,202304,63,3841.0,0.7,0.313,0,0.204,0,CLT,0,0
9361,202306,56,2641.0,9.9,0.362,0,0.219,0,CLT,1,0
9362,202305,67,2848.0,3.3,0.234,0,0.306,1,CLT,0,0
9363,202311,67,7844.0,11.0,0.496,0,0.699,1,autonomo,0,1
9364,202405,23,3287.0,0.4,0.561,0,0.075,2,servidor,0,0
9365,202307,37,3042.0,12.3,0.645,0,0.098,0,CLT,1,0
9366,202307,58,3336.0,2.2,0.695,0,0.264,0,CLT,1,0
9367,202306,37,4570.0,3.0,0.329,0,0.304,0,servidor,0,1
9368,202409,57,2171.0,2.2,0.2,0,0.496,3,CLT,0,0
9369,202407,58,4508.0,0.0,0.032,0,0.114,1,CLT,1,0
9370,202312,69,4138.0,0.7,0.007,0,0.116,2,servidor,1,0
9371,202302,37,1489.0,2.1,0.135,0,0.518,0,CLT,0,0
9372,202303,38,8930.0,1.5,0.677,0,0.405,0,CLT,0,1
9373,202408,22,7558.0,6.6,0.64,0,0.176,1,aposentado,1,0
9374,202408,34,2440.0,1.0,0.37,0,0.192,4,CLT,1,1
9375,202405,34,2077.0,10.3,0.089,0,0.496,0,autonomo,0,0
9376,202412,43,4081.0,0.3,0.401,0,0.136,1,servidor,0,1
9377,202409,41,1785.0,2.1,0.649,2,0.423,1,CLT,0,0
9378,202404,62,7202.0,8.0,0.163,1,0.424,0,CLT,1,0
9379,202303,58,2881.0,0.7,0.537,1,0.168,0,autonomo,0,0
9380,202406,56,8192.0,12.2,0.267,0,0.595,2,autonomo,1,0
9381,202301,21,2411.0,3.7,0.212,0,0.165,2,CLT,0,0
9382,202404,44,3442.0,9.9,0.059,1,0.439,2,autonomo,0,0
9383,202308,56,6861.0,2.8,0.372,0,0.407,1,CLT,1,1
9384,202301,32,3098.0,4.0,0.447,0,0.032,3,CLT,0,0
9385,202412,41,4172.0,4.2,0.279,0,0.148,2,CLT,1,0
9386,202303,56,6288.0,3.8,0.601,1,0.484,1,servidor,1,0
9387,202401,59,2757.0,2.7,0.858,0,0.375,0,autonomo,0,0
9388,202304,62,1937.0,6.9,0.413,0,0.071,1,CLT,0,0
9389,202409,42,1756.0,9.9,0.286,0,0.282,2,CLT,1,0
9390,202408,40,4874.0,4.0,0.767,0,0.364,1,servidor,0,0
9391,202305,39,4422.0,9.6,0.124,0,0.129,1,CLT,0,0
9392,202308,53,6191.0,3.7,0.788,1,0.396,2,CLT,1,0
9393,202303,41,3175.0,10.0,0.192,1,0.392,1,autonomo,0,0
9394,202305,40,1780.0,2.0,0.153,0,0.431,2,servidor,1,0
9395,202312,29,1123.0,2.1,0.265,0,0.265,2,CLT,1,0
9396,202303,44,15275.0,3.4,0.364,0,0.504,2,CLT,1,0
9397,202310,32,4738.0,0.2,0.172,0,0.463,0,autonomo,0,1
9398,202411,46,3899.0,11.6,0.151,0,0.229,1,CLT,0,0
9399,202402,64,4185.0,5.4,0.463,0,0.017,0,autonomo,0,0
9400,202407,59,1780.0,3.4,0.923,1,0.39,0,autonomo,0,1
9401,202307,44,2447.0,0.1,0.187,0,0.238,1,autonomo,0,0
9402,202412,68,8705.0,5.1,0.34,0,0.44,0,autonomo,1,0
9403,202409,69,5060.0,0.1,0.275,0,0.412,1,CLT,0,0
9404,202311,42,2485.0,0.6,0.475,0,0.361,1,CLT,1,0
9405,202302,58,1972.0,4.1,0.279,0,0.292,0,CLT,0,0
9406,202410,37,2813.0,0.7,0.303,1,0.468,1,CLT,0,1
9407,202302,64,3110.0,1.5,0.378,0,0.107,1,autonomo,1,0
9408,202412,39,10143.0,7.1,0.197,0,0.589,1,CLT,1,0
9409,202403,33,3314.0,47.4,0.269,0,0.576,1,aposentado,0,0
9410,202403,27,2009.0,5.0,0.419,0,0.242,1,autonomo,1,1
9411,202303,62,3536.0,8.2,0.515,0,0.228,0,CLT,1,1
9412,202407,35,4155.0,1.6,0.191,0,0.14,1,servidor,1,0
9413,202404,60,1919.0,1.9,0.41,0,0.112,0,CLT,1,0
9414,202402,25,4452.0,9.5,0.652,1,0.065,2,aposentado,1,0
9415,202308,45,6664.0,5.5,0.697,0,0.347,0,servidor,1,0
9416,202305,41,3902.0,13.2,0.406,2,0.159,2,CLT,1,1
9417,202410,42,2444.0,2.3,0.471,0,0.106,0,autonomo,1,0
9418,202406,29,2795.0,2.6,0.537,1,0.125,0,autonomo,0,0
9419,202412,24,1589.0,6.2,0.52,0,0.465,1,CLT,1,1
9420,202310,37,3405.0,2.8,0.796,1,0.061,3,CLT,1,0
9421,202412,44,4253.0,0.5,0.145,0,0.061,1,CLT,1,0
9422,202407,59,2325.0,12.1,0.186,2,0.518,1,autonomo,1,1
9423,202407,43,9603.0,7.7,0.317,0,0.499,1,servidor,1,0
9424,202408,33,5411.0,0.3,0.362,0,0.577,1,CLT,0,0
9425,202412,33,1486.0,4.9,0.404,0,0.093,0,CLT,1,0
9426,202312,50,1501.0,4.0,0.316,0,0.165,3,autonomo,0,1
9427,202407,42,2226.0,11.0,0.16,1,0.102,0,CLT,0,0
9428,202412,65,7995.0,2.4,0.372,0,0.318,0,aposentado,0,0
9429,202410,42,5684.0,0.7,0.172,0,0.436,1,CLT,1,0
9430,202408,48,8200.0,5.4,0.264,1,0.158,2,CLT,0,0
9431,202312,24,3660.0,3.6,0.497,0,0.163,2,CLT,0,1
9432,202406,30,3279.0,2.1,0.342,0,0.151,2,CLT,1,0
9433,202407,62,1951.0,36.7,0.327,2,0.134,2,autonomo,1,0
9434,202309,37,4337.0,4.9,0.281,1,0.413,2,CLT,1,1
9435,202410,41,3301.0,2.2,0.867,0,0.053,3,CLT,0,0
9436,202405,49,3238.0,1.3,0.37,0,0.071,2,servidor,1,0
9437,202308,23,8177.0,12.0,0.505,1,0.657,0,CLT,1,0
9438,202403,45,3418.0,0.3,0.17,1,0.421,0,autonomo,1,1
9439,202410,37,7083.0,9.7,0.158,1,0.333,1,CLT,0,0
9440,202402,28,1646.0,0.6,0.892,0,0.312,1,servidor,0,0
9441,202310,41,13961.0,0.4,0.289,0,0.27,1,autonomo,1,0
9442,202302,42,3021.0,2.8,0.344,0,0.246,0,CLT,1,0
9443,202307,30,5185.0,5.0,0.06,0,0.06,3,servidor,0,0
9444,202407,47,5615.0,14.6,0.631,1,0.356,3,CLT,1,1
9445,202409,57,2839.0,1.1,0.313,0,0.575,4,CLT,1,1
9446,202304,34,5484.0,0.0,0.343,1,0.222,1,aposentado,1,0
9447,202408,68,5628.0,0.2,0.46,1,0.5,0,CLT,1,0
9448,202307,51,2549.0,2.1,0.599,0,0.371,1,CLT,0,1
9449,202404,58,2564.0,2.1,0.722,0,0.413,2,CLT,1,0
9450,202306,24,3724.0,2.9,0.268,1,0.088,2,autonomo,0,1
9451,202310,58,3437.0,0.7,0.949,1,0.325,0,servidor,1,0
9452,202311,37,7307.0,9.0,0.501,0,0.392,2,CLT,1,0
9453,202411,55,5174.0,2.7,0.324,0,0.132,0,servidor,1,0
9454,202411,60,3515.0,0.4,0.574,0,0.33,1,CLT,0,0
9455,202301,33,4930.0,9.3,0.19,2,0.494,0,autonomo,0,0
9456,202404,33,1309.0,2.1,0.256,0,0.38,2,servidor,0,1
9457,202403,23,2677.0,4.4,0.643,1,0.21,2,CLT,1,0
9458,202303,50,4204.0,12.5,0.237,0,0.142,0,autonomo,1,0
9459,202309,58,6359.0,3.6,0.473,1,0.366,2,CLT,1,0
9460,202309,41,4023.0,0.0,0.78,0,0.044,3,CLT,1,0
9461,202407,28,7549.0,0.0,0.614,0,0.53,1,CLT,0,1
9462,202312,36,5619.0,30.5,0.463,0,0.682,0,CLT,1,0
9463,202409,40,2852.0,2.7,0.387,0,0.143,3,autonomo,1,0
9464,202410,65,3395.0,2.1,0.138,1,0.071,3,autonomo,0,0
9465,202303,27,4466.0,0.2,0.213,1,0.573,2,CLT,1,0
9466,202405,37,2909.0,3.0,0.352,0,0.326,0,servidor,1,0
9467,202304,52,7829.0,5.5,0.629,0,0.11,2,autonomo,0,0
9468,202308,32,2092.0,19.3,0.178,0,0.165,1,autonomo,1,1
9469,202306,64,4264.0,0.1,0.868,0,0.186,0,autonomo,1,0
9470,202403,65,5259.0,4.6,0.229,3,0.514,2,aposentado,1,0
9471,202309,39,3113.0,3.0,0.139,0,0.449,0,autonomo,1,0
9472,202305,57,2781.0,1.1,0.437,1,0.026,1,CLT,1,0
9473,202306,58,3505.0,1.7,0.535,0,0.349,1,aposentado,1,1
9474,202404,54,5464.0,7.3,0.8,0,0.446,2,CLT,1,0
9475,202412,30,2836.0,5.1,0.438,3,0.402,1,CLT,1,0
9476,202411,23,2134.0,1.2,0.409,1,0.091,1,CLT,1,1
9477,202306,38,6472.0,3.1,0.101,0,0.32,1,CLT,0,0
9478,202408,27,4446.0,0.8,0.594,1,0.131,2,aposentado,0,0
9479,202407,35,6027.0,5.7,0.418,1,0.263,2,autonomo,0,0
9480,202405,52,5322.0,0.8,0.496,1,0.222,1,CLT,0,0
9481,202406,49,10829.0,4.9,0.373,0,0.185,0,CLT,1,0
9482,202312,31,6358.0,2.7,0.595,1,0.094,3,aposentado,1,0
9483,202406,21,2535.0,3.8,0.261,1,0.074,1,servidor,0,0
9484,202312,32,4606.0,7.8,0.503,0,0.286,0,CLT,0,0
9485,202405,43,2755.0,5.8,0.179,0,0.348,2,CLT,0,1
9486,202406,59,2901.0,3.1,0.358,0,0.543,1,CLT,0,0
9487,202412,38,1797.0,0.1,0.29,0,0.124,1,autonomo,1,1
9488,202405,35,3156.0,5.4,0.392,1,0.758,1,CLT,0,1
9489,202409,48,4782.0,8.3,0.67,1,0.19,1,CLT,0,0
9490,202410,24,3523.0,10.8,0.324,1,0.355,1,CLT,0,1
9491,202308,32,2101.0,3.9,0.658,1,0.338,1,CLT,1,1
9492,202405,22,1700.0,0.3,0.275,2,0.505,1,CLT,0,1
9493,202302,46,10466.0,2.5,0.375,0,0.411,3,CLT,1,0
9494,202303,42,4284.0,0.9,0.447,0,0.19,0,CLT,0,0
9495,202404,49,2411.0,0.8,0.171,0,0.384,1,CLT,1,0
9496,202404,51,4587.0,8.4,0.314,0,0.397,3,servidor,1,0
9497,202405,40,10879.0,0.1,0.321,1,0.341,1,CLT,0,1
9498,202304,63,4965.0,1.4,0.659,0,0.285,0,servidor,1,0
9499,202306,65,904.0,0.6,0.238,0,0.153,0,autonomo,1,0
9500,202411,26,13714.0,7.0,0.488,2,0.082,1,autonomo,1,0
9501,202304,66,1444.0,15.1,0.677,0,0.47,2,aposentado,0,0
9502,202310,30,3285.0,1.7,0.542,0,0.607,0,autonomo,0,1
9503,202304,33,2066.0,2.3,0.543,1,0.315,1,CLT,1,0
9504,202410,46,2515.0,0.9,0.28,1,0.054,0,CLT,1,0
9505,202406,22,4197.0,7.1,0.611,0,0.37,2,CLT,1,0
9506,202403,38,1293.0,8.3,0.271,1,0.307,0,autonomo,1,0
9507,202408,30,3480.0,4.6,0.235,0,0.145,0,CLT,1,0
9508,202302,44,6462.0,1.3,0.225,0,0.101,0,servidor,0,0
9509,202307,60,2388.0,1.0,0.629,0,0.223,1,CLT,0,0
9510,202309,66,1817.0,4.8,0.359,0,0.123,1,CLT,0,0
9511,202408,31,3396.0,10.5,0.527,0,0.023,0,CLT,0,0
9512,202301,47,3074.0,36.8,0.497,3,0.038,3,autonomo,1,1
9513,202304,44,2704.0,8.4,0.29,1,0.437,1,CLT,0,1
9514,202309,41,2010.0,5.9,0.231,0,0.043,2,autonomo,1,0
9515,202410,52,4720.0,2.0,0.625,0,0.422,1,CLT,0,1
9516,202307,69,4903.0,3.3,0.39,1,0.102,1,CLT,0,0
9517,202408,40,2137.0,7.3,0.386,0,0.446,1,CLT,0,0
9518,202307,24,2290.0,26.1,0.702,0,0.179,0,servidor,0,0
9519,202311,65,3898.0,4.3,0.4,0,0.298,1,CLT,1,0
9520,202412,66,2247.0,2.8,0.388,2,0.357,1,CLT,0,1
9521,202305,36,3981.0,3.6,0.531,0,0.07,0,CLT,0,0
9522,202302,45,7586.0,2.7,0.472,0,0.21,2,autonomo,1,0
9523,202302,63,3534.0,2.7,0.584,0,0.243,3,CLT,0,0
9524,202308,45,1985.0,1.5,0.285,1,0.28,2,autonomo,0,1
9525,202307,44,4430.0,2.6,0.677,0,0.209,3,servidor,0,0
9526,202406,66,3331.0,4.3,0.553,1,0.203,1,servidor,1,0
9527,202303,61,3378.0,4.1,0.47,0,0.44,0,servidor,0,0
9528,202408,45,4618.0,2.5,0.684,1,0.32,1,autonomo,1,1
9529,202409,28,5144.0,4.9,0.111,0,0.209,2,aposentado,1,0
9530,202304,42,3706.0,1.7,0.092,0,0.218,1,autonomo,1,0
9531,202403,54,3532.0,0.7,0.052,1,0.109,2,servidor,0,0
9532,202412,34,10217.0,1.5,0.63,0,0.302,2,servidor,0,0
9533,202408,47,6636.0,3.2,0.249,1,0.26,2,CLT,1,0
9534,202409,53,5524.0,4.2,0.059,0,0.647,1,CLT,1,0
9535,202404,25,3888.0,2.0,0.475,0,0.099,0,autonomo,1,0
9536,202308,48,2202.0,8.4,0.831,1,0.207,1,servidor,0,0
9537,202310,57,6398.0,3.6,0.542,0,0.18,0,CLT,1,0
9538,202301,31,3913.0,8.9,0.319,0,0.281,2,autonomo,1,0
9539,202305,47,2728.0,8.7,0.056,1,0.093,3,servidor,1,0
9540,202302,55,3224.0,9.7,0.537,0,0.606,0,servidor,1,0
9541,202304,23,2246.0,4.8,0.201,0,0.216,0,servidor,1,0
9542,202303,52,6177.0,8.3,0.096,0,0.193,2,CLT,1,0
9543,202308,33,5123.0,22.4,0.305,0,0.236,1,autonomo,0,0
9544,202410,40,3987.0,6.5,0.474,0,0.092,0,aposentado,0,0
9545,202306,52,3564.0,0.4,0.749,0,0.313,0,CLT,1,1
9546,202303,21,2591.0,1.1,0.389,2,0.399,1,autonomo,1,1
9547,202410,21,1255.0,10.5,0.544,0,0.787,0,aposentado,0,1
9548,202402,42,1796.0,1.3,0.26,0,0.224,1,CLT,1,0
9549,202302,67,2512.0,0.8,0.704,1,0.427,0,servidor,1,1
9550,202412,21,2330.0,3.8,0.628,0,0.479,0,CLT,0,1
9551,202310,59,4208.0,7.7,0.846,1,0.544,2,CLT,1,1
9552,202404,24,5463.0,2.4,0.179,0,0.385,2,CLT,1,1
9553,202302,44,3414.0,3.2,0.215,0,0.033,1,CLT,0,0
9554,202403,42,7365.0,1.8,0.398,0,0.585,0,aposentado,1,0
9555,202405,43,2462.0,6.0,0.592,0,0.186,3,CLT,1,1
9556,202306,25,3402.0,2.9,0.565,0,0.12,3,servidor,1,0
9557,202403,57,3549.0,2.1,0.916,0,0.203,0,servidor,0,1
9558,202301,34,6286.0,0.4,0.38,2,0.298,1,CLT,0,1
9559,202305,58,3839.0,6.2,0.372,1,0.216,1,aposentado,0,0
9560,202412,53,3892.0,0.5,0.094,1,0.121,2,autonomo,0,0
9561,202302,48,1592.0,0.3,0.407,0,0.381,2,aposentado,1,1
9562,202405,36,2322.0,14.2,0.378,0,0.216,2,CLT,0,0
9563,202309,52,6298.0,2.3,0.153,1,0.427,1,CLT,1,0
9564,202403,69,1290.0,1.0,0.5,0,0.284,4,CLT,1,1
9565,202304,66,7126.0,9.5,0.692,0,0.61,2,CLT,1,0
9566,202310,65,4674.0,0.6,0.619,0,0.194,1,CLT,1,0
9567,202302,31,2505.0,5.0,0.204,0,0.252,2,CLT,0,0
9568,202312,49,2402.0,4.0,0.609,0,0.411,0,autonomo,0,0
9569,202301,40,9395.0,11.5,0.281,0,0.545,0,aposentado,0,0
9570,202411,68,7374.0,1.4,0.502,1,0.211,1,autonomo,1,0
9571,202407,67,3430.0,1.1,0.206,0,0.464,3,servidor,0,0
9572,202401,63,3894.0,0.5,0.09,1,0.339,0,autonomo,0,0
9573,202311,28,2636.0,0.5,0.608,0,0.166,1,servidor,0,0
9574,202302,36,3895.0,2.0,0.289,0,0.124,1,autonomo,0,0
9575,202307,55,2599.0,7.6,0.348,0,0.106,2,CLT,1,0
9576,202311,57,3501.0,11.1,0.313,0,0.42,1,CLT,0,0
9577,202307,38,9002.0,0.2,0.343,0,0.05,1,CLT,1,0
9578,202310,27,3471.0,5.8,0.391,1,0.147,0,CLT,1,0
9579,202408,27,2156.0,2.5,0.148,0,0.275,1,CLT,0,0
9580,202308,54,1839.0,0.2,0.356,0,0.33,2,aposentado,1,0
9581,202408,43,3880.0,3.4,0.401,0,0.702,3,CLT,0,1
9582,202305,45,2489.0,0.1,0.4,0,0.298,1,aposentado,1,0
9583,202410,60,4119.0,6.2,0.75,1,0.139,2,aposentado,0,0
9584,202403,21,1620.0,0.3,0.62,1,0.084,2,autonomo,1,0
9585,202301,57,5142.0,2.7,0.282,0,0.58,2,CLT,1,0
9586,202307,34,2143.0,3.5,0.533,0,0.161,2,CLT,1,1
9587,202407,66,3726.0,3.5,0.087,0,0.283,2,CLT,0,0
9588,202302,67,3074.0,1.6,0.242,0,0.586,1,CLT,1,0
9589,202410,45,8597.0,7.9,0.465,1,0.446,2,CLT,1,0
9590,202304,36,3967.0,16.3,0.71,1,0.331,0,aposentado,1,0
9591,202306,32,9631.0,0.1,0.153,1,0.168,1,aposentado,0,0
9592,202311,29,4819.0,0.3,0.278,0,0.406,1,CLT,1,1
9593,202310,69,7426.0,0.2,0.196,1,0.165,0,autonomo,1,0
9594,202308,30,3280.0,0.1,0.397,0,0.156,1,servidor,1,0
9595,202302,42,4328.0,4.6,0.462,1,0.278,1,autonomo,0,0
9596,202402,44,6696.0,4.2,0.649,1,0.297,1,CLT,0,0
9597,202307,54,5724.0,2.0,0.533,0,0.355,2,aposentado,1,1
9598,202304,62,4748.0,5.4,0.207,0,0.304,2,aposentado,1,0
9599,202306,48,3090.0,12.2,0.532,1,0.583,1,CLT,0,0
9600,202307,58,3363.0,1.7,0.871,0,0.519,1,CLT,1,0
9601,202401,48,6431.0,0.7,0.728,0,0.404,0,CLT,0,0
9602,202311,42,7136.0,0.0,0.302,1,0.285,1,aposentado,1,0
9603,202312,28,2707.0,10.9,0.326,0,0.062,0,servidor,1,0
9604,202304,31,2510.0,6.0,0.561,0,0.232,1,CLT,0,0
9605,202302,42,2317.0,3.6,0.17,0,0.107,0,CLT,0,0
9606,202406,23,5513.0,4.4,0.54,0,0.085,1,servidor,0,1
9607,202310,36,2288.0,0.3,0.122,1,0.253,1,CLT,0,1
9608,202408,43,5480.0,5.5,0.085,1,0.253,2,servidor,0,0
9609,202406,44,4783.0,2.8,0.323,0,0.172,2,autonomo,1,0
9610,202301,60,2772.0,1.6,0.073,0,0.308,0,servidor,1,0
9611,202312,68,7958.0,2.1,0.336,2,0.544,1,CLT,1,0
9612,202308,56,1753.0,1.1,0.016,0,0.22,1,autonomo,1,0
9613,202406,24,8348.0,19.2,0.382,0,0.502,0,aposentado,0,0
9614,202301,41,4270.0,5.2,0.525,3,0.174,1,aposentado,1,1
9615,202310,56,1291.0,3.5,0.892,0,0.391,1,aposentado,0,1
9616,202312,50,8070.0,0.3,0.361,0,0.3,1,autonomo,0,0
9617,202308,43,5920.0,0.3,0.269,0,0.481,0,aposentado,1,0
9618,202409,42,2939.0,11.1,0.45,0,0.339,3,autonomo,0,1
9619,202312,40,2248.0,7.9,0.356,0,0.078,2,CLT,1,0
9620,202309,49,1661.0,0.8,0.835,0,0.285,0,servidor,1,1
9621,202308,29,12182.0,1.6,0.402,0,0.242,1,autonomo,1,1
9622,202309,46,2295.0,5.4,0.436,1,0.177,2,servidor,0,1
9623,202305,31,1936.0,5.0,0.11,0,0.191,0,CLT,0,0
9624,202311,54,4163.0,2.2,0.311,2,0.051,5,autonomo,0,1
9625,202404,63,1605.0,3.8,0.168,1,0.257,1,CLT,1,0
9626,202401,45,2229.0,5.5,0.283,0,0.101,2,servidor,1,0
9627,202409,39,5988.0,9.0,0.539,0,0.3,0,CLT,0,0
9628,202307,67,4592.0,0.8,0.347,0,0.651,1,autonomo,0,1
9629,202407,53,3001.0,2.0,0.744,0,0.347,1,autonomo,0,1
9630,202311,41,3674.0,5.4,0.125,2,0.278,0,CLT,0,0
9631,202312,22,2918.0,0.6,0.429,0,0.458,5,autonomo,0,1
9632,202307,21,3530.0,34.9,0.53,0,0.456,1,servidor,1,1
9633,202409,31,2488.0,15.3,0.057,0,0.246,0,CLT,0,0
9634,202302,32,2724.0,4.5,0.714,0,0.416,2,servidor,1,0
9635,202306,56,2683.0,1.7,0.283,0,0.4,1,autonomo,1,0
9636,202302,45,2533.0,5.1,0.588,0,0.372,0,autonomo,0,0
9637,202410,69,6136.0,21.5,0.601,1,0.133,0,autonomo,1,0
9638,202311,47,5351.0,0.4,0.561,0,0.484,2,servidor,0,0
9639,202412,65,2284.0,4.0,0.369,0,0.319,2,servidor,0,0
9640,202312,48,2004.0,4.0,0.299,0,0.299,2,CLT,1,0
9641,202312,38,3366.0,1.1,0.691,0,0.257,1,servidor,0,1
9642,202401,56,10696.0,5.4,0.646,0,0.217,1,autonomo,0,0
9643,202407,43,2178.0,1.0,0.497,2,0.067,0,CLT,1,0
9644,202403,34,3359.0,4.7,0.3,1,0.347,1,servidor,1,0
9645,202406,44,3806.0,0.5,0.332,1,0.114,2,CLT,1,0
9646,202402,53,3448.0,13.0,0.671,0,0.393,0,CLT,1,0
9647,202407,39,2895.0,12.8,0.153,1,0.421,2,CLT,0,0
9648,202405,55,6487.0,18.1,0.398,0,0.161,3,servidor,0,0
9649,202308,69,4570.0,0.8,0.683,0,0.34,2,servidor,1,0
9650,202310,41,5557.0,13.2,0.276,2,0.36,0,servidor,0,0
9651,202305,35,4889.0,7.3,0.094,0,0.195,2,aposentado,0,1
9652,202412,40,5693.0,0.6,0.358,0,0.231,0,CLT,1,0
9653,202312,62,8040.0,1.6,0.122,0,0.18,0,servidor,1,0
9654,202407,29,7083.0,5.8,0.165,0,0.28,1,autonomo,0,0
9655,202401,68,11642.0,0.1,0.335,0,0.418,3,CLT,0,1
9656,202305,41,6692.0,0.3,0.273,0,0.399,2,aposentado,0,0
9657,202308,62,2605.0,0.2,0.317,0,0.282,2,CLT,1,0
9658,202403,59,5562.0,14.1,0.416,0,0.185,4,CLT,1,0
9659,202405,59,5194.0,0.3,0.24,0,0.342,2,CLT,1,0
9660,202408,65,9510.0,1.2,0.087,0,0.071,2,autonomo,0,0
9661,202308,30,2245.0,0.4,0.526,1,0.081,2,servidor,1,0
9662,202307,50,4813.0,11.0,0.735,0,0.323,0,autonomo,0,0
9663,202305,25,2590.0,5.5,0.57,0,0.21,3,CLT,1,1
9664,202311,35,4704.0,2.5,0.132,0,0.016,0,autonomo,1,0
9665,202303,22,3270.0,8.5,0.658,1,0.12,0,CLT,0,0
9666,202304,54,4627.0,4.4,0.611,0,0.233,2,servidor,0,1
9667,202402,50,1799.0,7.2,0.582,0,0.089,2,CLT,0,1
9668,202306,57,5413.0,3.3,0.328,0,0.093,1,CLT,0,0
9669,202412,29,4036.0,5.2,0.095,0,0.357,2,CLT,0,0
9670,202402,37,3929.0,6.2,0.447,0,0.187,1,CLT,1,0
9671,202405,54,9654.0,1.4,0.059,0,0.17,4,CLT,1,0
9672,202405,61,3007.0,4.1,0.841,1,0.091,4,servidor,1,0
9673,202405,64,4321.0,2.2,0.819,0,0.522,1,aposentado,0,0
9674,202402,24,3828.0,1.3,0.237,0,0.539,2,CLT,1,1
9675,202311,40,4020.0,2.1,0.343,1,0.163,2,CLT,0,0
9676,202301,21,11058.0,3.0,0.468,0,0.53,0,aposentado,1,0
9677,202402,61,3759.0,16.9,0.262,3,0.084,1,CLT,1,0
9678,202402,27,2742.0,10.0,0.12,1,0.047,2,CLT,1,0
9679,202305,61,9278.0,4.3,0.227,0,0.394,0,CLT,0,0
9680,202311,28,3122.0,17.1,0.476,0,0.505,2,CLT,1,1
9681,202304,21,1632.0,0.8,0.313,0,0.172,0,CLT,0,0
9682,202312,64,2514.0,0.1,0.474,0,0.156,1,CLT,0,0
9683,202403,42,1952.0,1.1,0.6,0,0.127,0,servidor,0,0
9684,202302,41,1480.0,5.8,0.725,0,0.268,2,autonomo,0,1
9685,202402,52,3037.0,9.3,0.367,0,0.528,0,CLT,1,0
9686,202310,34,3515.0,5.5,0.385,2,0.232,0,aposentado,0,0
9687,202310,54,6570.0,0.0,0.689,0,0.473,3,autonomo,0,1
9688,202302,42,4988.0,15.0,0.247,0,0.248,1,CLT,1,0
9689,202404,34,4875.0,1.8,0.44,0,0.71,2,CLT,0,0
9690,202311,40,2329.0,10.4,0.57,0,0.071,0,CLT,0,0
9691,202410,21,5667.0,1.7,0.277,1,0.518,0,CLT,0,0
9692,202301,35,7300.0,14.1,0.086,0,0.267,1,CLT,1,0
9693,202306,49,4435.0,0.8,0.598,0,0.249,1,servidor,1,0
9694,202409,27,4497.0,2.3,0.705,0,0.101,2,CLT,1,0
9695,202403,26,1935.0,1.0,0.844,0,0.271,2,autonomo,0,1
9696,202303,53,6169.0,0.5,0.242,1,0.55,0,CLT,1,0
9697,202409,41,8870.0,1.1,0.227,0,0.299,1,autonomo,1,0
9698,202407,27,4279.0,2.7,0.771,0,0.402,1,CLT,1,1
9699,202410,57,2705.0,11.7,0.549,0,0.362,1,CLT,1,0
9700,202401,58,3358.0,13.2,0.684,1,0.674,0,autonomo,0,1
9701,202403,22,2951.0,14.4,0.379,0,0.244,1,CLT,0,0
9702,202406,30,3040.0,0.2,0.373,0,0.404,1,CLT,1,0
9703,202409,39,5034.0,0.8,0.384,0,0.568,2,CLT,1,0
9704,202407,56,4187.0,13.4,0.489,0,0.142,3,aposentado,0,0
9705,202309,24,6015.0,9.9,0.454,0,0.446,1,autonomo,0,0
9706,202309,60,4383.0,7.2,0.255,0,0.728,2,servidor,0,1
9707,202307,36,2364.0,16.4,0.491,1,0.014,0,CLT,0,0
9708,202305,27,2835.0,10.5,0.628,0,0.333,0,CLT,1,0
9709,202310,63,2748.0,7.3,0.585,0,0.244,1,CLT,1,0
9710,202301,25,3317.0,7.4,0.435,2,0.292,4,servidor,1,0
9711,202308,27,8932.0,0.8,0.572,0,0.403,2,CLT,0,0
9712,202411,67,9676.0,0.1,0.339,0,0.445,2,autonomo,0,1
9713,202411,46,5532.0,10.3,0.152,0,0.122,0,autonomo,0,0
9714,202308,43,3864.0,0.8,0.298,3,0.16,1,servidor,1,0
9715,202308,54,1843.0,3.7,0.473,0,0.327,2,CLT,1,0
9716,202411,51,4064.0,1.0,0.402,0,0.216,2,CLT,0,0
9717,202404,51,2453.0,4.5,0.24,1,0.267,1,CLT,0,0
9718,202404,22,8228.0,0.8,0.19,0,0.315,0,aposentado,0,0
9719,202309,48,1631.0,17.6,0.204,0,0.078,1,autonomo,1,0
9720,202304,34,4413.0,5.1,0.223,1,0.369,0,aposentado,0,0
9721,202409,60,2352.0,4.3,0.442,0,0.109,0,CLT,0,0
9722,202310,45,3624.0,0.4,0.223,0,0.16,0,autonomo,0,1
9723,202312,27,5080.0,8.8,0.251,0,0.331,1,CLT,0,0
9724,202408,64,6069.0,1.7,0.296,1,0.444,0,aposentado,1,0
9725,202408,34,3532.0,2.1,0.379,1,0.185,1,autonomo,1,0
9726,202311,34,5327.0,14.9,0.181,0,0.454,0,autonomo,0,0
9727,202312,66,2614.0,0.5,0.287,0,0.293,0,autonomo,0,0
9728,202312,58,4117.0,12.9,0.29,1,0.237,2,CLT,0,1
9729,202410,63,6010.0,8.7,0.39,0,0.234,3,autonomo,1,0
9730,202409,53,4299.0,9.0,0.599,1,0.32,2,autonomo,1,0
9731,202305,65,2794.0,11.8,0.09,1,0.075,2,autonomo,0,0
9732,202311,26,3167.0,4.4,0.246,0,0.089,1,CLT,0,0
9733,202404,50,6050.0,6.8,0.482,0,0.17,0,CLT,1,0
9734,202304,35,2109.0,15.6,0.33,0,0.135,0,CLT,0,0
9735,202308,40,2271.0,0.2,0.387,1,0.349,3,autonomo,0,1
9736,202305,32,4919.0,15.0,0.461,0,0.151,2,autonomo,0,0
9737,202305,31,2923.0,3.2,0.209,0,0.113,1,CLT,0,0
9738,202401,42,1761.0,1.0,0.536,1,0.41,1,servidor,1,1
9739,202302,65,7154.0,2.9,0.15,0,0.166,1,autonomo,0,0
9740,202304,52,2101.0,1.0,0.276,0,0.292,1,autonomo,0,0
9741,202401,38,3295.0,0.2,0.183,0,0.061,1,autonomo,0,0
9742,202402,42,2671.0,1.7,0.352,0,0.853,1,CLT,0,1
9743,202402,46,3137.0,1.6,0.83,0,0.068,1,CLT,1,0
9744,202307,32,2339.0,0.5,0.289,0,0.267,1,aposentado,0,0
9745,202311,46,5204.0,1.9,0.252,0,0.6,1,CLT,1,0
9746,202301,55,3848.0,13.3,0.566,0,0.368,0,CLT,0,0
9747,202305,32,5954.0,5.6,0.65,1,0.36,4,CLT,0,0
9748,202406,49,2685.0,12.4,0.6,0,0.195,3,CLT,0,1
9749,202306,55,10578.0,2.7,0.435,0,0.186,1,servidor,0,0
9750,202408,46,1405.0,1.4,0.353,0,0.215,0,autonomo,0,0
9751,202305,35,1648.0,19.7,0.599,0,0.466,4,autonomo,1,1
9752,202411,48,8748.0,3.4,0.182,1,0.425,3,CLT,0,1
9753,202311,59,4615.0,3.2,0.879,1,0.214,2,autonomo,0,1
9754,202309,31,4319.0,2.1,0.176,0,0.377,0,servidor,0,0
9755,202405,49,4517.0,8.6,0.637,1,0.603,2,CLT,0,0
9756,202304,54,4845.0,0.2,0.45,1,0.215,0,CLT,1,0
9757,202302,36,4230.0,0.8,0.235,0,0.318,1,servidor,1,0
9758,202310,39,2246.0,1.1,0.422,0,0.255,0,CLT,1,0
9759,202406,64,5481.0,1.7,0.654,0,0.245,0,autonomo,1,0
9760,202408,38,5066.0,10.6,0.442,1,0.166,0,CLT,0,0
9761,202404,50,7437.0,4.1,0.25,1,0.187,2,aposentado,0,1
9762,202411,28,8797.0,8.8,0.041,0,0.286,0,CLT,1,0
9763,202407,66,4295.0,11.0,0.57,1,0.497,0,CLT,1,0
9764,202304,50,1971.0,1.4,0.379,0,0.02,2,servidor,0,0
9765,202304,58,8833.0,2.6,0.061,0,0.338,0,servidor,1,0
9766,202309,50,2188.0,5.7,0.396,0,0.114,3,aposentado,0,0
9767,202305,38,4311.0,5.8,0.172,0,0.167,1,autonomo,1,0
9768,202311,37,3202.0,0.1,0.107,0,0.285,2,CLT,1,0
9769,202411,55,2936.0,2.2,0.574,1,0.127,0,aposentado,1,0
9770,202406,63,5336.0,1.4,0.162,0,0.23,2,autonomo,1,0
9771,202403,27,4114.0,0.6,0.406,0,0.112,3,CLT,0,0
9772,202409,62,4706.0,4.5,0.391,0,0.076,1,CLT,1,0
9773,202403,61,2422.0,1.3,0.243,0,0.067,2,aposentado,0,0
9774,202402,26,3337.0,4.7,0.05,1,0.083,2,CLT,0,0
9775,202405,26,2478.0,3.9,0.159,0,0.224,0,CLT,1,0
9776,202312,55,3296.0,2.1,0.365,0,0.389,1,CLT,0,1
9777,202308,62,3431.0,1.7,0.636,0,0.097,1,CLT,1,0
9778,202307,40,9156.0,0.5,0.188,2,0.108,1,aposentado,1,0
9779,202308,52,3198.0,0.2,0.328,0,0.099,1,autonomo,1,1
9780,202303,69,1258.0,2.6,0.744,0,0.236,2,aposentado,0,0
9781,202404,36,7314.0,2.2,0.18,1,0.044,1,CLT,0,0
9782,202306,32,4558.0,2.6,0.084,0,0.158,3,CLT,1,0
9783,202407,69,3410.0,3.7,0.307,1,0.335,1,servidor,1,0
9784,202408,34,2926.0,3.7,0.556,3,0.582,3,CLT,0,1
9785,202402,44,2268.0,8.8,0.246,0,0.277,0,CLT,0,0
9786,202408,42,9595.0,9.5,0.211,1,0.283,2,servidor,1,0
9787,202405,46,3737.0,5.3,0.138,1,0.309,1,CLT,1,0
9788,202309,34,1527.0,0.7,0.305,2,0.579,2,servidor,0,1
9789,202411,54,4289.0,2.8,0.718,0,0.32,2,CLT,0,0
9790,202303,54,6655.0,1.7,0.351,1,0.475,1,CLT,0,0
9791,202310,30,3937.0,1.2,0.549,0,0.211,1,autonomo,1,0
9792,202410,44,2320.0,9.9,0.079,2,0.101,1,autonomo,0,1
9793,202304,23,2218.0,1.8,0.341,1,0.534,1,CLT,0,1
9794,202308,31,2302.0,0.5,0.484,1,0.299,2,aposentado,0,0
9795,202305,69,7792.0,0.4,0.346,0,0.608,2,servidor,1,0
9796,202411,45,3513.0,3.3,0.145,0,0.12,4,CLT,1,0
9797,202308,51,1573.0,22.8,0.517,1,0.209,0,aposentado,0,0
9798,202309,64,4412.0,0.4,0.37,0,0.053,0,CLT,1,0
9799,202311,55,3907.0,8.4,0.547,1,0.282,2,CLT,1,0
9800,202410,59,2909.0,7.9,0.134,0,0.504,0,CLT,0,0
9801,202302,55,2186.0,1.6,0.431,1,0.216,1,servidor,0,0
9802,202304,45,2139.0,1.8,0.42,1,0.268,0,servidor,1,0
9803,202405,51,6269.0,10.8,0.498,0,0.338,1,autonomo,0,0
9804,202312,35,4121.0,4.7,0.137,0,0.633,2,CLT,1,0
9805,202407,64,4625.0,25.2,0.102,0,0.506,4,CLT,0,0
9806,202403,29,4115.0,7.3,0.141,0,0.051,1,CLT,1,0
9807,202306,64,4289.0,15.3,0.446,1,0.116,2,autonomo,0,0
9808,202310,64,2881.0,5.2,0.027,1,0.056,1,CLT,0,0
9809,202401,27,3285.0,4.4,0.307,0,0.437,1,autonomo,1,0
9810,202404,55,6519.0,6.6,0.593,0,0.119,0,CLT,1,0
9811,202409,69,7386.0,2.9,0.33,1,0.127,0,autonomo,1,0
9812,202411,49,1976.0,5.8,0.185,1,0.361,0,CLT,1,0
9813,202310,37,3281.0,0.8,0.275,0,0.389,2,autonomo,0,0
9814,202312,64,5539.0,6.5,0.208,1,0.441,2,autonomo,0,0
9815,202302,46,9330.0,2.3,0.182,0,0.64,0,aposentado,0,0
9816,202402,26,8875.0,1.7,0.554,1,0.402,2,CLT,0,0
9817,202310,33,2446.0,1.4,0.45,0,0.132,1,aposentado,0,1
9818,202305,54,6888.0,4.0,0.532,0,0.588,2,aposentado,1,1
9819,202406,43,3749.0,15.4,0.238,0,0.308,0,aposentado,1,0
9820,202310,31,6138.0,1.7,0.049,0,0.687,0,servidor,1,0
9821,202309,60,5400.0,3.4,0.369,1,0.258,2,CLT,1,0
9822,202309,26,1935.0,5.9,0.51,1,0.146,3,CLT,0,1
9823,202303,31,4793.0,2.2,0.419,0,0.294,1,CLT,1,0
9824,202409,43,6020.0,0.1,0.14,0,0.554,1,CLT,1,0
9825,202406,22,3604.0,1.8,0.167,0,0.359,2,CLT,1,0
9826,202302,39,3219.0,3.9,0.366,1,0.581,0,CLT,0,1
9827,202403,65,1659.0,2.6,0.475,1,0.13,3,autonomo,1,0
9828,202305,67,5125.0,0.5,0.152,0,0.624,1,autonomo,0,0
9829,202411,63,4042.0,4.2,0.204,0,0.185,4,CLT,1,0
9830,202410,36,2296.0,11.9,0.614,0,0.592,0,servidor,1,1
9831,202410,24,3094.0,7.9,0.385,0,0.376,2,CLT,0,0
9832,202405,60,3933.0,0.7,0.318,0,0.589,5,CLT,0,1
9833,202307,39,2754.0,0.3,0.289,0,0.39,0,autonomo,1,0
9834,202401,57,3646.0,0.4,0.784,0,0.249,0,CLT,1,0
9835,202410,26,1518.0,15.5,0.779,0,0.078,4,servidor,0,0
9836,202412,53,7149.0,0.1,0.52,0,0.222,2,autonomo,0,0
9837,202309,49,3670.0,0.3,0.732,0,0.53,1,servidor,0,0
9838,202406,66,2101.0,2.3,0.396,0,0.57,1,autonomo,0,0
9839,202402,25,1064.0,1.7,0.323,1,0.347,1,servidor,0,0
9840,202407,40,6091.0,0.5,0.521,1,0.459,2,autonomo,0,0
9841,202303,69,4813.0,6.8,0.457,1,0.246,0,CLT,1,0
9842,202307,40,4045.0,5.1,0.51,1,0.239,3,aposentado,1,0
9843,202403,53,5607.0,4.4,0.802,0,0.333,1,CLT,0,0
9844,202305,28,5600.0,0.8,0.2,0,0.128,2,CLT,1,0
9845,202310,56,4013.0,1.4,0.876,0,0.352,0,CLT,0,1
9846,202404,34,3206.0,1.1,0.35,1,0.341,1,CLT,0,0
9847,202408,49,2956.0,0.3,0.133,0,0.326,1,CLT,0,1
9848,202403,64,4494.0,2.5,0.145,1,0.082,0,CLT,1,0
9849,202412,53,7321.0,2.3,0.238,0,0.274,0,CLT,0,1
9850,202402,44,3458.0,0.1,0.256,1,0.43,0,autonomo,0,1
9851,202405,30,7618.0,10.5,0.254,0,0.053,1,autonomo,0,0
9852,202402,37,4388.0,12.7,0.467,0,0.385,1,autonomo,1,0
9853,202411,62,4404.0,0.3,0.382,0,0.168,1,CLT,0,0
9854,202302,31,12119.0,15.5,0.471,2,0.149,0,CLT,0,0
9855,202306,53,8319.0,27.0,0.534,0,0.225,1,CLT,0,0
9856,202307,44,8428.0,6.5,0.659,0,0.416,1,autonomo,0,0
9857,202402,36,2444.0,0.9,0.382,2,0.372,1,autonomo,0,1
9858,202304,56,10895.0,12.6,0.666,1,0.463,3,CLT,0,1
9859,202301,38,3494.0,0.0,0.316,1,0.454,2,servidor,0,1
9860,202304,35,3249.0,4.1,0.458,1,0.067,0,CLT,0,0
9861,202402,46,1237.0,11.1,0.72,0,0.189,2,CLT,0,0
9862,202411,58,4286.0,6.7,0.386,0,0.279,0,autonomo,1,0
9863,202412,63,2118.0,0.3,0.34,0,0.117,0,servidor,1,0
9864,202312,51,4465.0,15.5,0.596,1,0.583,2,servidor,0,1
9865,202409,53,2037.0,9.1,0.489,0,0.325,1,CLT,0,0
9866,202309,59,8945.0,2.1,0.502,2,0.051,0,CLT,0,0
9867,202406,34,4797.0,2.1,0.546,1,0.307,1,servidor,1,0
9868,202403,33,11384.0,1.1,0.455,0,0.744,2,servidor,1,0
9869,202301,44,2183.0,5.8,0.357,1,0.061,3,CLT,1,1
9870,202311,51,7900.0,3.0,0.086,2,0.019,1,autonomo,0,0
9871,202402,52,1478.0,1.8,0.222,1,0.791,0,CLT,1,1
9872,202303,28,4040.0,4.3,0.295,0,0.108,0,CLT,1,0
9873,202405,59,2655.0,1.4,0.358,0,0.248,1,servidor,1,0
9874,202302,38,2910.0,3.7,0.591,1,0.192,0,autonomo,0,1
9875,202401,63,2812.0,2.1,0.868,0,0.444,1,aposentado,1,0
9876,202410,56,2305.0,0.4,0.601,0,0.046,0,servidor,0,0
9877,202301,69,1939.0,0.7,0.51,0,0.123,0,CLT,0,0
9878,202305,51,2918.0,0.2,0.429,0,0.211,0,aposentado,0,0
9879,202406,46,3858.0,0.6,0.491,0,0.266,2,CLT,1,0
9880,202406,30,6515.0,0.8,0.121,2,0.18,0,servidor,1,0
9881,202404,40,4220.0,9.5,0.599,1,0.095,1,autonomo,1,0
9882,202407,63,6524.0,0.2,0.643,1,0.505,0,CLT,1,1
9883,202307,39,1739.0,1.2,0.165,0,0.169,2,CLT,0,0
9884,202306,23,2932.0,5.6,0.543,0,0.568,0,aposentado,1,0
9885,202407,33,5195.0,6.0,0.186,1,0.544,0,CLT,0,1
9886,202311,50,4323.0,9.3,0.301,0,0.089,0,CLT,0,0
9887,202406,51,2367.0,6.1,0.54,0,0.633,3,CLT,0,0
9888,202406,69,5808.0,3.0,0.377,1,0.288,0,servidor,1,0
9889,202307,66,2792.0,0.0,0.352,0,0.287,1,CLT,1,0
9890,202411,47,2468.0,0.1,0.435,0,0.227,0,autonomo,0,0
9891,202308,48,4645.0,0.5,0.681,0,0.28,2,CLT,0,1
9892,202308,60,3652.0,17.8,0.326,0,0.274,2,aposentado,0,0
9893,202407,23,2803.0,2.3,0.374,0,0.683,0,aposentado,0,0
9894,202307,50,2756.0,12.5,0.829,0,0.276,3,aposentado,1,0
9895,202309,44,2133.0,7.8,0.451,1,0.395,0,CLT,1,1
9896,202407,59,2987.0,12.1,0.339,1,0.146,0,autonomo,1,0
9897,202305,60,6311.0,3.0,0.082,0,0.163,0,CLT,1,0
9898,202409,53,4115.0,4.2,0.759,0,0.301,0,CLT,1,0
9899,202406,53,5880.0,3.0,0.771,0,0.123,2,autonomo,1,0
9900,202410,54,4713.0,0.2,0.415,0,0.108,3,CLT,0,1
9901,202411,49,2681.0,2.7,0.42,3,0.258,0,autonomo,0,1
9902,202304,32,1596.0,10.1,0.751,0,0.366,2,aposentado,1,0
9903,202308,34,2291.0,16.2,0.185,1,0.167,2,CLT,0,0
9904,202403,57,2603.0,4.3,0.254,0,0.334,2,autonomo,1,0
9905,202311,51,2504.0,5.4,0.441,0,0.394,0,servidor,1,0
9906,202305,32,5946.0,5.7,0.545,0,0.215,0,aposentado,0,0
9907,202312,64,5915.0,1.8,0.984,0,0.181,0,aposentado,0,0
9908,202303,69,11003.0,4.6,0.098,0,0.12,2,aposentado,0,0
9909,202405,51,2485.0,0.6,0.239,0,0.302,1,servidor,0,0
9910,202412,32,8093.0,0.5,0.617,0,0.621,0,servidor,1,0
9911,202303,66,8068.0,15.3,0.542,0,0.256,0,autonomo,1,0
9912,202303,32,3242.0,8.8,0.25,0,0.071,0,servidor,0,1
9913,202401,42,4614.0,1.6,0.295,0,0.428,2,CLT,0,1
9914,202401,63,6771.0,0.4,0.458,0,0.433,2,aposentado,0,0
9915,202302,46,3535.0,0.7,0.252,1,0.471,0,autonomo,1,0
9916,202405,32,3401.0,4.8,0.501,0,0.186,3,CLT,1,1
9917,202307,24,2661.0,4.1,0.472,1,0.028,2,CLT,1,0
9918,202301,38,1119.0,12.1,0.609,0,0.24,0,autonomo,1,0
9919,202404,53,3772.0,0.4,0.48,0,0.356,1,autonomo,0,0
9920,202308,56,2553.0,0.9,0.461,0,0.254,2,CLT,1,0
9921,202311,31,2127.0,10.2,0.831,0,0.316,0,CLT,1,0
9922,202402,28,4497.0,4.3,0.193,1,0.236,2,CLT,0,0
9923,202301,55,1762.0,0.1,0.248,0,0.397,1,aposentado,1,0
9924,202304,28,5448.0,1.4,0.774,2,0.329,1,CLT,0,0
9925,202402,24,4637.0,2.8,0.413,0,0.144,1,CLT,1,0
9926,202401,44,2981.0,0.5,0.081,0,0.605,2,CLT,1,0
9927,202308,48,3528.0,1.1,0.303,0,0.532,1,autonomo,1,0
9928,202307,32,2008.0,13.3,0.531,0,0.459,1,autonomo,1,0
9929,202410,31,5298.0,2.7,0.601,0,0.258,0,CLT,0,0
9930,202312,32,3999.0,4.9,0.485,0,0.017,4,CLT,1,1
9931,202409,37,4150.0,4.8,0.605,0,0.352,0,CLT,1,0
9932,202307,21,4679.0,1.6,0.111,1,0.53,1,CLT,0,0
9933,202408,21,2641.0,6.6,0.5,1,0.051,0,autonomo,0,0
9934,202409,39,1704.0,6.8,0.235,1,0.35,4,CLT,0,1
9935,202301,21,5876.0,2.8,0.438,2,0.017,1,CLT,1,0
9936,202406,36,5138.0,7.5,0.082,0,0.216,0,servidor,0,0
9937,202309,49,2786.0,0.6,0.288,1,0.295,0,CLT,1,0
9938,202411,22,4467.0,1.1,0.37,0,0.043,2,CLT,1,0
9939,202304,51,6829.0,1.0,0.068,1,0.437,1,autonomo,1,0
9940,202412,51,6434.0,4.7,0.138,0,0.295,2,CLT,0,0
9941,202308,49,2746.0,1.4,0.508,1,0.164,4,CLT,1,0
9942,202408,51,1730.0,0.8,0.47,0,0.173,3,CLT,0,0
9943,202401,60,1884.0,1.8,0.526,0,0.508,1,autonomo,0,1
9944,202303,24,3115.0,5.1,0.547,0,0.331,4,aposentado,1,0
9945,202308,29,7564.0,0.3,0.521,2,0.327,3,autonomo,1,1
9946,202406,36,2530.0,0.5,0.357,0,0.198,1,servidor,1,0
9947,202309,54,2702.0,3.6,0.62,1,0.633,0,servidor,1,0
9948,202311,63,2675.0,0.5,0.277,2,0.142,0,servidor,0,0
9949,202410,66,2791.0,3.9,0.187,0,0.093,1,CLT,0,0
9950,202405,49,3621.0,8.7,0.264,0,0.204,0,CLT,0,0
9951,202312,41,1920.0,3.5,0.329,0,0.464,3,CLT,0,0
9952,202402,41,6262.0,13.0,0.385,0,0.562,1,CLT,0,0
9953,202403,23,3387.0,0.8,0.468,0,0.18,0,CLT,1,0
9954,202408,43,12576.0,1.0,0.628,0,0.034,1,autonomo,1,1
9955,202404,46,2025.0,1.5,0.357,0,0.303,1,CLT,1,0
9956,202406,31,8062.0,5.4,0.607,1,0.163,1,CLT,0,0
9957,202310,58,7300.0,4.4,0.341,0,0.194,3,autonomo,0,0
9958,202404,60,2964.0,4.0,0.077,1,0.168,6,aposentado,0,0
9959,202302,35,2988.0,2.0,0.423,0,0.466,2,aposentado,1,0
9960,202412,65,2297.0,1.3,0.376,0,0.497,0,aposentado,0,0
9961,202407,26,2310.0,0.1,0.55,0,0.405,2,CLT,0,1
9962,202302,65,3640.0,2.2,0.67,1,0.303,2,CLT,1,0
9963,202303,58,3679.0,3.3,0.571,0,0.247,3,servidor,1,0
9964,202412,31,1634.0,1.3,0.165,0,0.385,2,autonomo,1,1
9965,202408,52,11462.0,5.7,0.415,0,0.472,1,CLT,1,0
9966,202412,36,3198.0,2.5,0.642,0,0.1,3,CLT,1,0
9967,202407,60,3762.0,0.7,0.437,0,0.33,0,autonomo,1,0
9968,202409,28,2662.0,4.5,0.491,0,0.223,0,CLT,1,0
9969,202312,33,3186.0,0.6,0.72,0,0.426,1,autonomo,0,1
9970,202305,36,3044.0,4.2,0.526,0,0.227,2,CLT,1,0
9971,202308,30,3636.0,3.7,0.507,0,0.055,1,aposentado,0,1
9972,202305,37,3614.0,7.2,0.398,0,0.229,1,CLT,1,0
9973,202407,50,5445.0,5.9,0.434,0,0.295,1,CLT,0,0
9974,202306,52,4079.0,22.7,0.441,0,0.199,0,CLT,0,0
9975,202410,48,5178.0,21.3,0.492,2,0.141,2,autonomo,1,0
9976,202405,30,3623.0,0.9,0.337,0,0.498,2,servidor,0,0
9977,202302,30,4087.0,8.0,0.289,0,0.289,1,autonomo,0,0
9978,202407,66,3227.0,0.6,0.204,0,0.357,0,CLT,1,0
9979,202405,33,6012.0,2.6,0.437,2,0.184,1,autonomo,0,1
9980,202304,26,4278.0,2.9,0.192,1,0.446,0,autonomo,0,1
9981,202401,43,3364.0,0.1,0.234,0,0.652,1,aposentado,1,0
9982,202406,21,3314.0,7.0,0.475,2,0.264,1,servidor,1,1
9983,202408,37,3447.0,0.8,0.644,0,0.375,2,CLT,0,1
9984,202409,62,3697.0,0.6,0.149,0,0.065,4,CLT,0,0
9985,202307,34,3540.0,5.9,0.353,0,0.051,4,autonomo,1,0
9986,202406,55,2753.0,5.6,0.039,0,0.559,0,CLT,0,0
9987,202411,45,5337.0,3.5,0.179,0,0.31,1,CLT,1,0
9988,202406,38,5508.0,9.3,0.154,0,0.19,0,CLT,1,0
9989,202302,53,8883.0,1.6,0.552,0,0.149,2,CLT,1,0
9990,202311,50,2692.0,1.3,0.183,1,0.323,1,servidor,0,0
9991,202410,36,5081.0,1.6,0.204,0,0.142,1,servidor,0,0
9992,202304,31,1402.0,9.0,0.39,0,0.47,1,CLT,1,1
9993,202409,65,5511.0,1.4,0.087,1,0.248,2,CLT,0,0
9994,202405,29,1758.0,5.8,0.577,0,0.426,3,autonomo,0,1
9995,202412,68,2226.0,10.2,0.611,0,0.393,0,CLT,1,0
9996,202304,44,4299.0,0.2,0.408,0,0.299,0,autonomo,1,0
9997,202401,69,2668.0,2.6,0.748,1,0.283,5,CLT,0,1
9998,202308,38,2492.0,6.9,0.023,1,0.81,2,autonomo,1,0
9999,202308,48,2857.0,1.5,0.563,0,0.059,0,autonomo,1,0
10000,202409,51,5244.0,0.9,0.334,0,0.435,3,CLT,0,0
